INDEX_DATE,ITEM_ID,ITEM_DESC,ALL_GM_INDEX,COICOP_WEIGHT,IMPUTATION_FLAG
202101,210102,LARGE LOAF-WHITE-UNSLICED-800G,100.099,0.32,
202101,210106,SIX BREAD ROLLS-WHITE/BROWN,101.249,0.64,
202101,210111,WHITE SLICED LOAF BRANDED 750G,101.611,0.96,
202101,210113,WHOLEMEAL SLICED LOAF BRANDED,99.346,0.8,
202101,210114,CHILLED GARLIC BREAD,103.991,0.96,
202101,210201,FLOUR-SELF-RAISING-1.5KG,99.809,0.32,
202101,210204,DRY SPAGHETTI OR PASTA 500G,96.986,0.16,
202101,210211,CORN SNACK SINGLE PACK MAX 50G,99.164,0.39,
202101,210212,BASMATI RICE 500G-1KG,100.108,0.32,
202101,210213,BREAKFAST CEREAL 1,96.452,0.96,
202101,210214,BREAKFAST CEREAL 2,97.265,1.6,
202101,210215,CEREAL BAR,94.515,0.32,
202101,210216,HOT OAT CEREAL,96.403,0.32,
202101,210217,RICE MICRO POUCH/TRAY 220-280G,101.214,0.16,
202101,210218,"POPCORN, BAG, 10-30G",97.815,0.64,
202101,210219,BREAKFAST CEREAL GLUTEN FREE,97.038,0.16,
202101,210301,CREAM CRACKERS PACK 200G-300G,100.127,0.48,
202101,210302,PLAIN BISCUITS-200-300G,99.603,1.28,
202101,210319,DOUGHNUT-EACH,97.62,0.8,
202101,210320,WHOLE SPONGE CAKE NOT FROZEN,99.642,0.8,
202101,210321,PACK OF 5-6 INDIVIDUAL CAKES,92.941,1.12,
202101,210323,BISCUITS HALF CHOC 260-400G,111.157,0.64,
202101,210324,CRUMPETS PACK 6-9 SPEC NUMBER,103.386,0.8,
202101,210403,HOME KILLED BEEF-LEAN MINCE KG,100.233,0.72,
202101,210406,HOME KLD BEEF-RUMP/POPES STEAK,100.838,0.9,
202101,210414,FROZEN BEEFBURGERS PACK OF 4,102.623,0.36,
202101,210416,BEEF ROASTING JOINT PER KG,107.702,0.36,
202101,210502,HOME KILLED LAMB-SHOULDER KG,97.711,0.9,PARTIAL
202101,210506,HK LAMB LOIN CHOP/STEAK PER KG,99.381,0.54,
202101,210703,HOME KILLED PORK-LOIN CHOPS KG,100.248,0.9,
202101,210802,BACON-GAMMON-PER KG,99.806,0.54,
202101,210808,BACON-BACK-PER KG,100.279,1.62,
202101,210905,FRESH/CHILLED CHICKEN  PER KG,101.26,0.72,PARTIAL
202101,210910,FRESH BONELESS CHICKEN BREAST,100.695,1.44,
202101,210913,ROTISSERIE CHICKEN [WHOLE],100.05,0.18,FULL
202101,210914,FRESH TURKEY DICED/MIN PER KG,99.462,0.18,
202101,211007,CANNED MEAT-STEWED STEAK,101.812,0.18,
202101,211011,INDIVIDUAL MEAT PIE,101.556,0.72,
202101,211014,SAUSAGES-PORK-PER KG,99.446,1.62,
202101,211019,FROZ CHICKEN NUGGETS 220-600G,101.269,0.54,
202101,211023,COOKED HAM PREPACKED SLICED,104.059,2.16,
202101,211024,CONTINENTAL SLICED DELI MEAT,102.812,0.9,
202101,211025,JOINT OV/READ GAM/POR 450-900G,100.259,0.18,
202101,211026,CHICKEN KIEV 2 PACK 240-325G,100.863,0.54,
202101,211027,H K LIVER PER KG STATE TYPE,99.929,0.18,
202101,211029,COOKED MEAT TURKEY/CHICK SLICE,98.748,0.36,
202101,211030,MEAT BASED SNACK PACK MAX 400G,96.581,0.72,
202101,211031,COOKED HAM LOOSE PER 100G,101.255,0.54,PARTIAL
202101,211101,FRESH WHITE FISH FILLETS KG,100.247,0.27,
202101,211105,FRESH FISH-SALMON FILLETS-KG,102.658,0.42,
202101,211106,FROZEN PRAWNS PER KG,105.429,0.69,
202101,211207,"CANNED FISH, TUNA, 130G-200G",95.751,0.78,
202101,211210,FROZEN FISH FINGERS 8-12 PK,102.189,0.66,
202101,211211,FROZEN BREAD/BAT FISH 400-550G,100.152,0.18,
202101,211305,SPREADABLE BUTTER,101.629,0.4,
202101,211306,BUTTER 250G SPEC COO,101.294,0.34,
202101,211407,MARGARINE/LOW FAT SPREAD-500G,96.043,0.62,
202101,211408,OLIVE OIL - 500ML - 1 LITRE,101.6,0.58,
202101,211409,"PEANUT BUTTER, JAR, 225-350G",98.025,0.06,
202101,211501,CHEDDAR-HOME PRODUCED PER KG,99.989,1.5,
202101,211506,"CHEESE SPREAD, 125g-200g TUB",90.443,0.5,
202101,211509,HARD REGIONAL CHEESE PER KG,100.358,0.2,
202101,211510,PARMESAN CHEESE-PER KG,100.46,0.3,
202101,211511,SOFT CONTINENTAL CHEESE - KG,103.086,0.3,
202101,211602,EGGS-MEDIUM-PER DOZ OR 2 X 6,100.242,0.4,
202101,211603,EGGS-LARGE-PER DOZ OR 2 X 6,100.016,0.6,
202101,211707,DELVD MILK SEMI-SKIMMED PER PT,100.325,0.1,
202101,211709,SHOP MILK-WHOLE MILK-4PT/2LTR,100.411,0.6,
202101,211710,MILK SEMI-PER 2 PINTS/1.136 L,100.197,2,
202101,211713,"MILK FLAVOURED, 180-500MLS/GMS",100.543,0.2,
202101,211714,NON-DAIRY MILK DRINK 900ML-1LT,93.514,0.2,
202101,211807,"YOGHURT/FROMAGE 4-6PK, 45-125G",88.015,1.1,
202101,211808,CHILLED POT DESSERT 125-200G,99.653,0.7,
202101,211814,YOGHURT-SMALL INDIVIDUAL,99.031,0.6,
202101,211815,FRESH DOUBLE CREAM 250ML-300ML,102.615,0.4,
202101,211816,POWDERED BABY FORMULA 400-900G,101.376,0.3,
202101,211901,TEA BAGS PKT OF 80 (230G-250G),97.047,0.63,
202101,211904,TEA BAGS-2-PACKET OF 240,95.554,0.21,
202101,211905,"FLAVRD TEA 15-20 BAGS, 30-40G",100.457,0.15,
202101,212001,"FRUIT SQUASH, 750ML - 1.5LT",98.979,0.8,
202101,212006,FRUIT JUICE NOT ORANGE 1L,101.566,0.56,
202101,212008,LEMONADE-2 LITRE BOTTLE,102.202,0.16,
202101,212010,MINERAL WATER STILL 1.5-2L,97.844,0.32,
202101,212015,FIZZY ENERGY DRINK 250-500ML,98.431,1.04,
202101,212016,FRESH/CHILL ORANGE JUICE 900ML,110.078,0.88,
202101,212017,FIZZY BOTTLED DRINK 500ML,102.207,1.28,
202101,212019,PURE FRUIT SMOOTHIE 750ML-1LTR,98.696,0.24,
202101,212020,FRUIT DRINK BOTTLE 4-8 PACK,88.626,0.08,
202101,212021,BOTTLE STILL WATER 500ML,100.934,0.16,
202101,212022,MIXER DRINK BOTTLE 1L EG TONIC,110.078,0.56,
202101,212023,COLA/FIZZY DRINK 330ML PK 4-8,101.353,0.32,
202101,212024,FLAVOURED WATER BOTT 900ML-1.5,96.657,0.32,
202101,212025,"COLA DRINK, REG,BOTTLE,1.25-2L",105.004,0.64,
202101,212026,"COLA DRINK, DIET 1.25-2LTR",101.241,0.64,
202101,212101,SUGAR -GRANULATED-WHITE-PER KG,100.66,0.6,
202101,212106,JAR OF JAM-340-454G,91.614,0.72,
202101,212107,HONEY JAR/BOTTLE 340G-454G,106.056,0.24,
202101,212202,MINTS,99.956,0.12,
202101,212211,CHOCOLATE 4,99.841,0.84,
202101,212214,FRUIT PASTILLES 2,99.807,0.48,
202101,212217,CHEWING/BUBBLE GUM-SINGLE PK,99.799,0.12,
202101,212218,CARTON/BOX OF CHOCS 150-400GM,119.133,1.8,
202101,212222,CHOCOLATE 10,99.866,1.56,PARTIAL
202101,212223,BRAND CHOC SWEETS 90-185G BAG,105.642,0.96,
202101,212224,"SWEETS, NOT CHOC, 150-250G BAG",103.355,0.6,
202101,212225,CHOCOLATE LARGE BAR 100-200G,103.836,1.56,
202101,212226,CHOCOLATE 12,105.622,0.48,
202101,212227,CHOCOLATE 13,100.028,0.24,
202101,212360,POTATOES-OLD WHITE PER KG,106.269,0.52,
202101,212361,POTATOES- BAKING PER KG,100.767,0.13,
202101,212399,POTATOES-NEW-LOOSE-PER KG,100.157,0.26,
202101,212402,POTATO CRISPS 25G-50G,100.304,0.65,
202101,212404,POTATO CRISPS-MULTI-PACK,97.063,1.43,
202101,212405,FROZEN CHIPS 900G-1.5KG,96.464,0.91,
202101,212408,PREMIUM POTATO CRISPS/CHIPS,130.537,0.52,
202101,212409,P'PARED MASHED POTATO 400-650G,100.198,0.26,
202101,212504,FRESH VEG-CAULIFLOWER-EACH,122.639,0.39,PARTIAL
202101,212510,FRESH VEG-CUCUMBER-WHOLE,102.281,0.26,PARTIAL
202101,212511,FRESH VEG-LETTUCE-ICEBERG-EACH,103.493,0.26,PARTIAL
202101,212515,FRESH VEG-TOMATOES-PER KG,98.201,0.91,PARTIAL
202101,212516,FRESH VEG-CABBAGE-WHOLE-PER KG,99.988,0.26,PARTIAL
202101,212518,FRESH VEG-CARROTS-PER KG,100.853,0.39,PARTIAL
202101,212519,FRESH VEG-ONIONS-PER KG,101.892,0.65,PARTIAL
202101,212520,FRESH VEG-MUSHROOMS-PER KG,102.576,0.52,PARTIAL
202101,212527,PRE-PACKED SALAD 100-250G,99.536,0.39,
202101,212530,FRESH VEG-BROCCOLI-PER KG,100.71,0.26,PARTIAL
202101,212531,FRESH VEG-COURGETTE-PER KG,101.5,0.39,PARTIAL
202101,212532,FRESH VEG-PEPPERS -LOOSE OR KG,99.996,0.39,PARTIAL
202101,212533,VEGETABLE STIR FRY FRESH PACK,100.141,0.26,
202101,212535,SWEET POTATO PER KG OR EACH,101.747,0.26,PARTIAL
202101,212601,CANNED TOMATOES 390-400G,99.349,0.26,
202101,212603,"BAKED BEANS, 400-420G TIN",99.912,0.39,
202101,212608,CANNED SWEETCORN 198-340G,100.302,0.39,
202101,212609,FROZEN GARDEN PEAS 800G-1KG,102.245,0.52,
202101,212709,ORANGES-CLASS 1-EACH,104.421,0.33,PARTIAL
202101,212710,AVOCADO PEAR-EACH,96.447,0.66,PARTIAL
202101,212712,KIWI FRUIT-EACH,97.069,0.22,PARTIAL
202101,212715,GRAPEFRUIT-EACH,96.688,0.33,PARTIAL
202101,212716,APPLES-COOKING-PER KG,99.747,0.22,PARTIAL
202101,212717,APPLES-DESSERT-PER KG,99.727,0.77,PARTIAL
202101,212718,PEARS-DESSERT-PER KG,100.069,0.22,PARTIAL
202101,212719,BANANAS-PER KG,100.186,1.1,PARTIAL
202101,212720,STRAWBERRIES PER KG OR PUNNET,93.126,0.99,PARTIAL
202101,212722,GRAPES-PER KG,101.397,0.88,PARTIAL
202101,212725,SMALL TYPE ORANGES PER PACK/KG,109.646,0.33,PARTIAL
202101,212726,PLUMS PER KG/PACK,88.821,0.55,PARTIAL
202101,212728,PINEAPPLE EACH,98.926,0.22,
202101,212730,FRUIT FRESH SNACKING 150-350G,99.478,0.44,
202101,212731,MELON EACH EG HONEYDEW,100.523,0.22,
202101,212732,LEMON EACH,104.737,0.22,PARTIAL
202101,212733,BLUEBERRIES PUNNET OR PER KG,97.346,0.66,PARTIAL
202101,212734,RASPBERRIES PUNNET OR PER KG,105.36,0.55,PARTIAL
202101,212806,PACKET OF PEANUTS 150-300G,99.415,1.21,
202101,212807,CANNED FRUIT-400-450G,100.015,0.44,
202101,212808,DRIED FRUIT - EG APRICOTS,99.483,0.44,
202101,212905,VEGETABLE PICKLE 280-520G,102.848,0.13,
202101,212910,CANNED SOUP-390-425G,99.492,0.3,
202101,212917,TOMATO KETCHUP BOTTLE 340-570G,102.491,0.48,
202101,212918,FRZN READY-COOKD MEAL SERVES 1,97.964,0.15,
202101,212923,COOK-IN SAUCE-JAR/CAN 350-520G,99.276,0.54,
202101,212928,FROZ VEG BURGER/GRILL 180-454G,95.352,0.52,
202101,212930,MAYONNAISE 390-500G/420-540MLS,96.978,0.42,
202101,212933,ICE CREAM 450ML-1L,110.216,0.96,
202101,212934,DRIED POTTED SNACK 50-120G,89.195,0.48,
202101,212936,CHILLED READY MEAL-MEAT-SERVS1,101.061,0.48,
202101,212937,CHILLED READY MEAL-FISH/VEG,102.072,0.45,
202101,212938,CHOCOLATE COVERED ICE CREAM,90.784,0.72,
202101,212939,CHILLED PIZZA EACH 300-600G,101.501,0.8,
202101,212940,PROTEIN POWDER 900G-2KG,95.079,0.18,
202101,212941,QUICHE 340G-450G,100.419,0.16,
202101,212942,VEGETABLE CRISPS PACK 80-125G,100.744,0.13,
202101,213001,COFFEE: GROUND: FILTER FINE,99.013,0.3,
202101,213003,COFFEE-INSTANT-100G JAR,95.299,1.2,
202101,213005,HOT CHOCOLATE DRINK INSTANT,102.388,0.21,
202101,213006,COFFEE PODS PACK 8-16,103.809,0.3,
202102,210102,LARGE LOAF-WHITE-UNSLICED-800G,100.064,0.38,
202102,210106,SIX BREAD ROLLS-WHITE/BROWN,100.171,0.76,
202102,210111,WHITE SLICED LOAF BRANDED 750G,101.924,1.14,
202102,210113,WHOLEMEAL SLICED LOAF BRANDED,103.173,0.95,
202102,210114,CHILLED GARLIC BREAD,96.501,1.14,
202102,210201,FLOUR-SELF-RAISING-1.5KG,90.899,0.38,
202102,210204,DRY SPAGHETTI OR PASTA 500G,99.661,0.19,
202102,210211,CORN SNACK SINGLE PACK MAX 50G,101.104,0.6,
202102,210212,BASMATI RICE 500G-1KG,98.628,0.38,
202102,210213,BREAKFAST CEREAL 1,108.01,1.14,
202102,210214,BREAKFAST CEREAL 2,101.685,1.71,
202102,210215,CEREAL BAR,104.007,0.57,
202102,210216,HOT OAT CEREAL,93.83,0.38,
202102,210217,RICE MICRO POUCH/TRAY 220-280G,100.983,0.19,
202102,210218,"POPCORN, BAG, 10-30G",98.509,0.76,
202102,210219,BREAKFAST CEREAL GLUTEN FREE,105.669,0.19,
202102,210221,COUSCOUS PLAIN/FLAVOURED,100.136,0.19,
202102,210301,CREAM CRACKERS PACK 200G-300G,100.975,0.57,
202102,210302,PLAIN BISCUITS-200-300G,102.217,1.52,
202102,210319,DOUGHNUT-EACH,101.405,0.95,
202102,210320,WHOLE SPONGE CAKE NOT FROZEN,99.991,0.95,
202102,210321,PACK OF 5-6 INDIVIDUAL CAKES,102.328,1.33,
202102,210323,BISCUITS HALF CHOC 260-400G,100.768,0.76,
202102,210324,CRUMPETS PACK 6-9 SPEC NUMBER,98.443,0.95,
202102,210403,HOME KILLED BEEF-LEAN MINCE KG,97.519,0.84,
202102,210406,HOME KLD BEEF-RUMP/POPES STEAK,99.665,1.05,
202102,210414,FROZEN BEEFBURGERS PACK OF 4,98.867,0.42,
202102,210416,BEEF ROASTING JOINT PER KG,102.091,0.42,
202102,210506,HK LAMB LOIN CHOP/STEAK PER KG,100.197,0.63,
202102,210507,HOME KILLED LAMB SHOULDER KG,102.095,1.05,
202102,210703,HOME KILLED PORK-LOIN CHOPS KG,99.989,1.05,
202102,210802,BACON-GAMMON-PER KG,99.79,0.63,
202102,210808,BACON-BACK-PER KG,99.641,1.89,
202102,210905,FRESH/CHILLED CHICKEN  PER KG,100.467,0.84,PARTIAL
202102,210910,FRESH BONELESS CHICKEN BREAST,99.919,1.68,
202102,210913,ROTISSERIE CHICKEN [WHOLE],99.495,0.21,FULL
202102,210914,FRESH TURKEY DICED/MIN PER KG,100.619,0.21,
202102,211007,CANNED MEAT-STEWED STEAK,100.46,0.21,
202102,211011,INDIVIDUAL MEAT PIE,97.585,0.84,
202102,211014,SAUSAGES-PORK-PER KG,101.57,2.1,
202102,211019,FROZ CHICKEN NUGGETS 220-600G,97.759,0.63,
202102,211023,COOKED HAM PREPACKED SLICED,95.052,2.52,
202102,211024,CONTINENTAL SLICED DELI MEAT,98.021,0.84,
202102,211025,JOINT OV/READ GAM/POR 450-900G,98.998,0.21,
202102,211026,CHICKEN KIEV 2 PACK 240-325G,102.451,0.63,
202102,211027,H K LIVER PER KG STATE TYPE,100,0.21,
202102,211029,COOKED MEAT TURKEY/CHICK SLICE,101.354,0.42,
202102,211030,MEAT BASED SNACK PACK MAX 400G,100.499,0.63,
202102,211031,COOKED HAM LOOSE PER 100G,100.07,0.84,PARTIAL
202102,211101,FRESH WHITE FISH FILLETS KG,100.644,0.32,
202102,211105,FRESH FISH-SALMON FILLETS-KG,96.451,0.6,
202102,211106,FROZEN PRAWNS PER KG,96.797,0.96,
202102,211207,"CANNED FISH, TUNA, 130G-200G",104.059,1.04,
202102,211210,FROZEN FISH FINGERS 8-12 PK,105.4,0.84,
202102,211211,FROZEN BREAD/BAT FISH 400-550G,100.999,0.24,
202102,211305,SPREADABLE BUTTER,100.352,0.4,
202102,211306,BUTTER 250G SPEC COO,100.041,0.36,
202102,211407,MARGARINE/LOW FAT SPREAD-500G,116.985,0.56,
202102,211408,OLIVE OIL - 500ML - 1 LITRE,102.58,0.6,
202102,211409,"PEANUT BUTTER, JAR, 225-350G",101.017,0.08,
202102,211501,CHEDDAR-HOME PRODUCED PER KG,99.542,1.65,
202102,211506,"CHEESE SPREAD, 125g-200g TUB",112.158,0.55,
202102,211509,HARD REGIONAL CHEESE PER KG,99.166,0.22,
202102,211510,PARMESAN CHEESE-PER KG,101.503,0.33,
202102,211511,SOFT CONTINENTAL CHEESE - KG,99.427,0.33,
202102,211602,EGGS-MEDIUM-PER DOZ OR 2 X 6,99.978,0.44,
202102,211603,EGGS-LARGE-PER DOZ OR 2 X 6,100.733,0.66,
202102,211707,DELVD MILK SEMI-SKIMMED PER PT,99.573,0.11,
202102,211709,SHOP MILK-WHOLE MILK-4PT/2LTR,99.828,0.66,
202102,211710,MILK SEMI-PER 2 PINTS/1.136 L,100.192,2.31,
202102,211713,"MILK FLAVOURED, 180-500MLS/GMS",100.057,0.22,
202102,211714,NON-DAIRY MILK DRINK 900ML-1LT,107.451,0.22,
202102,211807,"YOGHURT/FROMAGE 4-6PK, 45-125G",116.374,1.1,
202102,211808,CHILLED POT DESSERT 125-200G,98.908,0.77,
202102,211814,YOGHURT-SMALL INDIVIDUAL,99.619,0.66,
202102,211815,FRESH DOUBLE CREAM 250ML-300ML,98.928,0.44,
202102,211816,POWDERED BABY FORMULA 400-900G,97.255,0.33,
202102,211901,TEA BAGS PKT OF 80 (230G-250G),103.393,0.84,
202102,211904,TEA BAGS-2-PACKET OF 240,102.868,0.24,
202102,211905,"FLAVRD TEA 15-20 BAGS, 30-40G",98.681,0.24,
202102,212001,"FRUIT SQUASH, 750ML - 1.5LT",90.053,0.99,
202102,212006,FRUIT JUICE NOT ORANGE 1L,100.109,0.54,
202102,212008,LEMONADE-2 LITRE BOTTLE,95.626,0.18,
202102,212010,MINERAL WATER STILL 1.5-2L,100.349,0.36,
202102,212015,FIZZY ENERGY DRINK 250-500ML,101.001,1.17,
202102,212016,FRESH/CHILL ORANGE JUICE 900ML,96.778,0.99,
202102,212017,FIZZY BOTTLED DRINK 500ML,100.096,1.44,
202102,212020,FRUIT DRINK BOTTLE 4-8 PACK,108.67,0.09,
202102,212021,BOTTLE STILL WATER 500ML,97.864,0.18,
202102,212022,MIXER DRINK BOTTLE 1L EG TONIC,100.548,0.63,
202102,212023,COLA/FIZZY DRINK 330ML PK 4-8,102.521,0.36,
202102,212024,FLAVOURED WATER BOTT 900ML-1.5,102.342,0.36,
202102,212025,"COLA DRINK, REG,BOTTLE,1.25-2L",99.982,0.72,
202102,212026,"COLA DRINK, DIET 1.25-2LTR",95.288,0.72,
202102,212027,FRUIT/VEG SMOOTHIE,95.986,0.27,
202102,212101,SUGAR -GRANULATED-WHITE-PER KG,99.503,0.7,
202102,212106,JAR OF JAM-340-454G,99.616,0.84,
202102,212107,HONEY JAR/BOTTLE 340G-454G,94.491,0.28,
202102,212202,MINTS,99.717,0.14,
202102,212211,CHOCOLATE 4,99.707,0.84,
202102,212214,FRUIT PASTILLES 2,99.935,0.56,
202102,212217,CHEWING/BUBBLE GUM-SINGLE PK,99.704,0.14,
202102,212218,CARTON/BOX OF CHOCS 150-400GM,94.523,1.96,
202102,212222,CHOCOLATE 10,95.192,2.24,PARTIAL
202102,212223,BRAND CHOC SWEETS 90-185G BAG,91.974,0.7,
202102,212224,"SWEETS, NOT CHOC, 150-250G BAG",96.872,0.7,
202102,212225,CHOCOLATE LARGE BAR 100-200G,97.148,2.1,
202102,212226,CHOCOLATE 12,93.093,0.56,
202102,212228,MALTED CHOCOLATE SWEETS,97.067,0.14,
202102,212360,POTATOES-OLD WHITE PER KG,98.019,0.6,
202102,212361,POTATOES- BAKING PER KG,104.001,0.15,
202102,212399,POTATOES-NEW-LOOSE-PER KG,97.085,0.15,
202102,212402,POTATO CRISPS 25G-50G,99.95,0.75,
202102,212404,POTATO CRISPS-MULTI-PACK,104.398,1.65,
202102,212405,FROZEN CHIPS 900G-1.5KG,104.297,1.05,
202102,212408,PREMIUM POTATO CRISPS/CHIPS,110.125,0.6,
202102,212409,P'PARED MASHED POTATO 400-650G,100.011,0.3,
202102,212504,FRESH VEG-CAULIFLOWER-EACH,101.904,0.45,PARTIAL
202102,212510,FRESH VEG-CUCUMBER-WHOLE,101.966,0.3,PARTIAL
202102,212511,FRESH VEG-LETTUCE-ICEBERG-EACH,97.574,0.3,PARTIAL
202102,212515,FRESH VEG-TOMATOES-PER KG,99.954,1.05,PARTIAL
202102,212516,FRESH VEG-CABBAGE-WHOLE-PER KG,99.926,0.3,PARTIAL
202102,212518,FRESH VEG-CARROTS-PER KG,100.187,0.45,PARTIAL
202102,212519,FRESH VEG-ONIONS-PER KG,99.921,0.6,PARTIAL
202102,212520,FRESH VEG-MUSHROOMS-PER KG,99.698,0.45,PARTIAL
202102,212527,PRE-PACKED SALAD 100-250G,100.325,0.45,
202102,212530,FRESH VEG-BROCCOLI-PER KG,100.908,0.3,PARTIAL
202102,212531,FRESH VEG-COURGETTE-PER KG,99.285,0.45,PARTIAL
202102,212532,FRESH VEG-PEPPERS -LOOSE OR KG,99.724,0.45,PARTIAL
202102,212533,VEGETABLE STIR FRY FRESH PACK,97.403,0.45,
202102,212535,SWEET POTATO PER KG OR EACH,99.229,0.3,PARTIAL
202102,212601,CANNED TOMATOES 390-400G,101.487,0.3,
202102,212603,"BAKED BEANS, 400-420G TIN",98.909,0.45,
202102,212608,CANNED SWEETCORN 198-340G,99.968,0.45,
202102,212609,FROZEN GARDEN PEAS 800G-1KG,98.964,0.15,
202102,212612,FROZEN PRE-PREPARED VEGTABLES,99.256,0.3,
202102,212709,ORANGES-CLASS 1-EACH,97.887,0.36,PARTIAL
202102,212710,AVOCADO PEAR-EACH,108.389,0.72,PARTIAL
202102,212712,KIWI FRUIT-EACH,104.707,0.24,PARTIAL
202102,212715,GRAPEFRUIT-EACH,100.326,0.36,PARTIAL
202102,212716,APPLES-COOKING-PER KG,100.662,0.24,PARTIAL
202102,212717,APPLES-DESSERT-PER KG,100.092,0.84,PARTIAL
202102,212718,PEARS-DESSERT-PER KG,98.711,0.24,PARTIAL
202102,212719,BANANAS-PER KG,99.995,1.2,PARTIAL
202102,212720,STRAWBERRIES PER KG OR PUNNET,103.276,1.08,PARTIAL
202102,212722,GRAPES-PER KG,101.942,0.84,PARTIAL
202102,212725,SMALL TYPE ORANGES PER PACK/KG,103.577,0.36,PARTIAL
202102,212726,PLUMS PER KG/PACK,98.41,0.72,PARTIAL
202102,212728,PINEAPPLE EACH,104.396,0.24,
202102,212730,FRUIT FRESH SNACKING 150-350G,99.892,0.48,
202102,212731,MELON EACH EG HONEYDEW,101.126,0.24,
202102,212732,LEMON EACH,97.387,0.24,PARTIAL
202102,212733,BLUEBERRIES PUNNET OR PER KG,100.633,0.72,PARTIAL
202102,212734,RASPBERRIES PUNNET OR PER KG,98.19,0.6,PARTIAL
202102,212806,PACKET OF PEANUTS 150-300G,101.127,1.32,
202102,212807,CANNED FRUIT-400-450G,99.933,0.48,
202102,212808,DRIED FRUIT - EG APRICOTS,98.971,0.48,
202102,212905,VEGETABLE PICKLE 280-520G,99.687,0.15,
202102,212910,CANNED SOUP-390-425G,100.544,0.33,
202102,212917,TOMATO KETCHUP BOTTLE 340-570G,102.488,0.45,
202102,212918,FRZN READY-COOKD MEAL SERVES 1,98.89,0.18,
202102,212923,COOK-IN SAUCE-JAR/CAN 350-520G,95.115,0.51,
202102,212928,FROZ VEG BURGER/GRILL 180-454G,102.003,0.75,
202102,212930,MAYONNAISE 390-500G/420-540MLS,106.621,0.42,
202102,212933,ICE CREAM 450ML-1L,95.297,1.12,
202102,212934,DRIED POTTED SNACK 50-120G,111.262,0.38,
202102,212936,CHILLED READY MEAL-MEAT-SERVS1,99.728,0.48,
202102,212937,CHILLED READY MEAL-FISH/VEG,99.658,0.48,
202102,212938,CHOCOLATE COVERED ICE CREAM,111.528,0.98,
202102,212939,CHILLED PIZZA EACH 300-600G,98.082,0.95,
202102,212940,PROTEIN POWDER 900G-2KG,102.726,0.15,
202102,212941,QUICHE 340G-450G,100.167,0.19,
202102,212942,VEGETABLE CRISPS PACK 80-125G,114.729,0.3,
202102,213003,COFFEE-INSTANT-100G JAR,97.365,1.52,
202102,213005,HOT CHOCOLATE DRINK INSTANT,92.558,0.32,
202102,213006,COFFEE PODS PACK 8-16,99.008,0.36,
202102,213007,COFFEE SACHETS PACK,93.946,0.48,
202103,210102,LARGE LOAF-WHITE-UNSLICED-800G,100.464,0.38,
202103,210106,SIX BREAD ROLLS-WHITE/BROWN,100.805,0.76,
202103,210111,WHITE SLICED LOAF BRANDED 750G,102.714,1.14,
202103,210113,WHOLEMEAL SLICED LOAF BRANDED,103.225,0.95,
202103,210114,CHILLED GARLIC BREAD,96.366,1.14,
202103,210201,FLOUR-SELF-RAISING-1.5KG,90.075,0.38,
202103,210204,DRY SPAGHETTI OR PASTA 500G,101.897,0.19,
202103,210211,CORN SNACK SINGLE PACK MAX 50G,99.983,0.6,
202103,210212,BASMATI RICE 500G-1KG,99.329,0.38,
202103,210213,BREAKFAST CEREAL 1,104.514,1.14,
202103,210214,BREAKFAST CEREAL 2,101.372,1.71,
202103,210215,CEREAL BAR,97.221,0.57,
202103,210216,HOT OAT CEREAL,101.641,0.38,
202103,210217,RICE MICRO POUCH/TRAY 220-280G,100.468,0.19,
202103,210218,"POPCORN, BAG, 10-30G",99.412,0.76,
202103,210219,BREAKFAST CEREAL GLUTEN FREE,105.665,0.19,
202103,210221,COUSCOUS PLAIN/FLAVOURED,101.225,0.19,
202103,210301,CREAM CRACKERS PACK 200G-300G,100.205,0.57,
202103,210302,PLAIN BISCUITS-200-300G,104.461,1.52,
202103,210319,DOUGHNUT-EACH,101.866,0.95,
202103,210320,WHOLE SPONGE CAKE NOT FROZEN,94.788,0.95,
202103,210321,PACK OF 5-6 INDIVIDUAL CAKES,101.322,1.33,
202103,210323,BISCUITS HALF CHOC 260-400G,91.058,0.76,
202103,210324,CRUMPETS PACK 6-9 SPEC NUMBER,93.399,0.95,
202103,210403,HOME KILLED BEEF-LEAN MINCE KG,99.482,0.84,
202103,210406,HOME KLD BEEF-RUMP/POPES STEAK,99.767,1.05,
202103,210414,FROZEN BEEFBURGERS PACK OF 4,98.526,0.42,
202103,210416,BEEF ROASTING JOINT PER KG,102.056,0.42,
202103,210506,HK LAMB LOIN CHOP/STEAK PER KG,98.469,0.63,
202103,210507,HOME KILLED LAMB SHOULDER KG,99.926,1.05,
202103,210703,HOME KILLED PORK-LOIN CHOPS KG,99.628,1.05,
202103,210802,BACON-GAMMON-PER KG,99.73,0.63,
202103,210808,BACON-BACK-PER KG,99.384,1.89,
202103,210905,FRESH/CHILLED CHICKEN  PER KG,99.959,0.84,
202103,210910,FRESH BONELESS CHICKEN BREAST,100.181,1.68,
202103,210913,ROTISSERIE CHICKEN [WHOLE],99.281,0.21,FULL
202103,210914,FRESH TURKEY DICED/MIN PER KG,102.887,0.21,
202103,211007,CANNED MEAT-STEWED STEAK,100.46,0.21,
202103,211011,INDIVIDUAL MEAT PIE,97.017,0.84,
202103,211014,SAUSAGES-PORK-PER KG,101.073,2.1,
202103,211019,FROZ CHICKEN NUGGETS 220-600G,96.505,0.63,
202103,211023,COOKED HAM PREPACKED SLICED,96.647,2.52,
202103,211024,CONTINENTAL SLICED DELI MEAT,96.18,0.84,
202103,211025,JOINT OV/READ GAM/POR 450-900G,99.156,0.21,
202103,211026,CHICKEN KIEV 2 PACK 240-325G,103.428,0.63,
202103,211027,H K LIVER PER KG STATE TYPE,102.223,0.21,
202103,211029,COOKED MEAT TURKEY/CHICK SLICE,100.752,0.42,
202103,211030,MEAT BASED SNACK PACK MAX 400G,100.534,0.63,
202103,211031,COOKED HAM LOOSE PER 100G,101.843,0.84,PARTIAL
202103,211101,FRESH WHITE FISH FILLETS KG,100.147,0.32,
202103,211105,FRESH FISH-SALMON FILLETS-KG,93.406,0.6,
202103,211106,FROZEN PRAWNS PER KG,95.895,0.96,
202103,211207,"CANNED FISH, TUNA, 130G-200G",103.712,1.04,
202103,211210,FROZEN FISH FINGERS 8-12 PK,104.438,0.84,
202103,211211,FROZEN BREAD/BAT FISH 400-550G,101.087,0.24,
202103,211305,SPREADABLE BUTTER,105.167,0.4,
202103,211306,BUTTER 250G SPEC COO,99.724,0.36,
202103,211407,MARGARINE/LOW FAT SPREAD-500G,105.408,0.56,
202103,211408,OLIVE OIL - 500ML - 1 LITRE,99.25,0.6,
202103,211409,"PEANUT BUTTER, JAR, 225-350G",102.389,0.08,
202103,211501,CHEDDAR-HOME PRODUCED PER KG,99.546,1.65,
202103,211506,"CHEESE SPREAD, 125g-200g TUB",104.196,0.55,
202103,211509,HARD REGIONAL CHEESE PER KG,99.253,0.22,
202103,211510,PARMESAN CHEESE-PER KG,101.964,0.33,
202103,211511,SOFT CONTINENTAL CHEESE - KG,97.739,0.33,
202103,211602,EGGS-MEDIUM-PER DOZ OR 2 X 6,99.88,0.44,
202103,211603,EGGS-LARGE-PER DOZ OR 2 X 6,100.805,0.66,
202103,211707,DELVD MILK SEMI-SKIMMED PER PT,99.624,0.11,
202103,211709,SHOP MILK-WHOLE MILK-4PT/2LTR,99.708,0.66,
202103,211710,MILK SEMI-PER 2 PINTS/1.136 L,99.812,2.31,
202103,211713,"MILK FLAVOURED, 180-500MLS/GMS",95.738,0.22,
202103,211714,NON-DAIRY MILK DRINK 900ML-1LT,102.445,0.22,
202103,211807,"YOGHURT/FROMAGE 4-6PK, 45-125G",107.87,1.1,
202103,211808,CHILLED POT DESSERT 125-200G,98.806,0.77,
202103,211814,YOGHURT-SMALL INDIVIDUAL,99.88,0.66,
202103,211815,FRESH DOUBLE CREAM 250ML-300ML,100.081,0.44,
202103,211816,POWDERED BABY FORMULA 400-900G,95.998,0.33,
202103,211901,TEA BAGS PKT OF 80 (230G-250G),103.774,0.84,
202103,211904,TEA BAGS-2-PACKET OF 240,99.885,0.24,
202103,211905,"FLAVRD TEA 15-20 BAGS, 30-40G",95.967,0.24,
202103,212001,"FRUIT SQUASH, 750ML - 1.5LT",97.534,0.99,
202103,212006,FRUIT JUICE NOT ORANGE 1L,101.158,0.54,
202103,212008,LEMONADE-2 LITRE BOTTLE,94.322,0.18,
202103,212010,MINERAL WATER STILL 1.5-2L,98.204,0.36,
202103,212015,FIZZY ENERGY DRINK 250-500ML,104.837,1.17,
202103,212016,FRESH/CHILL ORANGE JUICE 900ML,89.753,0.99,
202103,212017,FIZZY BOTTLED DRINK 500ML,100.826,1.44,
202103,212020,FRUIT DRINK BOTTLE 4-8 PACK,114.971,0.09,
202103,212021,BOTTLE STILL WATER 500ML,97.393,0.18,
202103,212022,MIXER DRINK BOTTLE 1L EG TONIC,96.116,0.63,
202103,212023,COLA/FIZZY DRINK 330ML PK 4-8,102.647,0.36,
202103,212024,FLAVOURED WATER BOTT 900ML-1.5,105.571,0.36,
202103,212025,"COLA DRINK, REG,BOTTLE,1.25-2L",92.846,0.72,
202103,212026,"COLA DRINK, DIET 1.25-2LTR",96.913,0.72,
202103,212027,FRUIT/VEG SMOOTHIE,92.859,0.27,
202103,212101,SUGAR -GRANULATED-WHITE-PER KG,97.868,0.7,
202103,212106,JAR OF JAM-340-454G,102.358,0.84,
202103,212107,HONEY JAR/BOTTLE 340G-454G,95.265,0.28,
202103,212202,MINTS,99.115,0.14,
202103,212211,CHOCOLATE 4,99.707,0.84,
202103,212214,FRUIT PASTILLES 2,100.066,0.56,
202103,212217,CHEWING/BUBBLE GUM-SINGLE PK,99.704,0.14,
202103,212218,CARTON/BOX OF CHOCS 150-400GM,93.899,1.96,
202103,212222,CHOCOLATE 10,99.134,2.24,PARTIAL
202103,212223,BRAND CHOC SWEETS 90-185G BAG,99.055,0.7,
202103,212224,"SWEETS, NOT CHOC, 150-250G BAG",94.676,0.7,
202103,212225,CHOCOLATE LARGE BAR 100-200G,92.015,2.1,
202103,212226,CHOCOLATE 12,100.556,0.56,
202103,212228,MALTED CHOCOLATE SWEETS,97.245,0.14,
202103,212360,POTATOES-OLD WHITE PER KG,97.867,0.6,
202103,212361,POTATOES- BAKING PER KG,105.828,0.15,
202103,212399,POTATOES-NEW-LOOSE-PER KG,95.287,0.15,
202103,212402,POTATO CRISPS 25G-50G,100.225,0.75,
202103,212404,POTATO CRISPS-MULTI-PACK,105.737,1.65,
202103,212405,FROZEN CHIPS 900G-1.5KG,102.135,1.05,
202103,212408,PREMIUM POTATO CRISPS/CHIPS,88.299,0.6,
202103,212409,P'PARED MASHED POTATO 400-650G,97.234,0.3,
202103,212504,FRESH VEG-CAULIFLOWER-EACH,99.598,0.45,PARTIAL
202103,212510,FRESH VEG-CUCUMBER-WHOLE,99.285,0.3,PARTIAL
202103,212511,FRESH VEG-LETTUCE-ICEBERG-EACH,97.658,0.3,PARTIAL
202103,212515,FRESH VEG-TOMATOES-PER KG,99.807,1.05,PARTIAL
202103,212516,FRESH VEG-CABBAGE-WHOLE-PER KG,99.494,0.3,PARTIAL
202103,212518,FRESH VEG-CARROTS-PER KG,99.554,0.45,PARTIAL
202103,212519,FRESH VEG-ONIONS-PER KG,100.079,0.6,PARTIAL
202103,212520,FRESH VEG-MUSHROOMS-PER KG,98.989,0.45,PARTIAL
202103,212527,PRE-PACKED SALAD 100-250G,97.241,0.45,
202103,212530,FRESH VEG-BROCCOLI-PER KG,99.671,0.3,PARTIAL
202103,212531,FRESH VEG-COURGETTE-PER KG,97.912,0.45,PARTIAL
202103,212532,FRESH VEG-PEPPERS -LOOSE OR KG,101.105,0.45,PARTIAL
202103,212533,VEGETABLE STIR FRY FRESH PACK,99.939,0.45,
202103,212535,SWEET POTATO PER KG OR EACH,99.197,0.3,PARTIAL
202103,212601,CANNED TOMATOES 390-400G,107.364,0.3,
202103,212603,"BAKED BEANS, 400-420G TIN",98.028,0.45,
202103,212608,CANNED SWEETCORN 198-340G,100.079,0.45,
202103,212609,FROZEN GARDEN PEAS 800G-1KG,98.967,0.15,
202103,212612,FROZEN PRE-PREPARED VEGTABLES,99.112,0.3,
202103,212709,ORANGES-CLASS 1-EACH,99.1,0.36,PARTIAL
202103,212710,AVOCADO PEAR-EACH,108.771,0.72,PARTIAL
202103,212712,KIWI FRUIT-EACH,106.004,0.24,PARTIAL
202103,212715,GRAPEFRUIT-EACH,101.075,0.36,PARTIAL
202103,212716,APPLES-COOKING-PER KG,100.404,0.24,PARTIAL
202103,212717,APPLES-DESSERT-PER KG,100.861,0.84,PARTIAL
202103,212718,PEARS-DESSERT-PER KG,100.435,0.24,PARTIAL
202103,212719,BANANAS-PER KG,100.088,1.2,PARTIAL
202103,212720,STRAWBERRIES PER KG OR PUNNET,96.127,1.08,PARTIAL
202103,212722,GRAPES-PER KG,101.948,0.84,PARTIAL
202103,212725,SMALL TYPE ORANGES PER PACK/KG,103.056,0.36,PARTIAL
202103,212726,PLUMS PER KG/PACK,97.557,0.72,PARTIAL
202103,212728,PINEAPPLE EACH,104.463,0.24,
202103,212730,FRUIT FRESH SNACKING 150-350G,98.213,0.48,
202103,212731,MELON EACH EG HONEYDEW,99.579,0.24,
202103,212732,LEMON EACH,100.917,0.24,PARTIAL
202103,212733,BLUEBERRIES PUNNET OR PER KG,103.389,0.72,PARTIAL
202103,212734,RASPBERRIES PUNNET OR PER KG,100.299,0.6,PARTIAL
202103,212806,PACKET OF PEANUTS 150-300G,98.999,1.32,
202103,212807,CANNED FRUIT-400-450G,100.005,0.48,
202103,212808,DRIED FRUIT - EG APRICOTS,99.892,0.48,
202103,212905,VEGETABLE PICKLE 280-520G,96.863,0.15,
202103,212910,CANNED SOUP-390-425G,101.154,0.33,
202103,212917,TOMATO KETCHUP BOTTLE 340-570G,100.965,0.45,
202103,212918,FRZN READY-COOKD MEAL SERVES 1,100.937,0.18,
202103,212923,COOK-IN SAUCE-JAR/CAN 350-520G,98.503,0.51,
202103,212928,FROZ VEG BURGER/GRILL 180-454G,99.124,0.75,
202103,212930,MAYONNAISE 390-500G/420-540MLS,101.256,0.42,
202103,212933,ICE CREAM 450ML-1L,94.148,1.12,
202103,212934,DRIED POTTED SNACK 50-120G,110.82,0.38,
202103,212936,CHILLED READY MEAL-MEAT-SERVS1,98.873,0.48,
202103,212937,CHILLED READY MEAL-FISH/VEG,97.797,0.48,
202103,212938,CHOCOLATE COVERED ICE CREAM,99.106,0.98,
202103,212939,CHILLED PIZZA EACH 300-600G,97.318,0.95,
202103,212940,PROTEIN POWDER 900G-2KG,106.216,0.15,
202103,212941,QUICHE 340G-450G,93.64,0.19,
202103,212942,VEGETABLE CRISPS PACK 80-125G,108.106,0.3,
202103,213003,COFFEE-INSTANT-100G JAR,104.049,1.52,
202103,213005,HOT CHOCOLATE DRINK INSTANT,100.166,0.32,
202103,213006,COFFEE PODS PACK 8-16,99.888,0.36,
202103,213007,COFFEE SACHETS PACK,99.788,0.48,
202104,210102,LARGE LOAF-WHITE-UNSLICED-800G,100.673,0.38,
202104,210106,SIX BREAD ROLLS-WHITE/BROWN,101.672,0.76,
202104,210111,WHITE SLICED LOAF BRANDED 750G,102.49,1.14,
202104,210113,WHOLEMEAL SLICED LOAF BRANDED,102.744,0.95,
202104,210114,CHILLED GARLIC BREAD,97.97,1.14,
202104,210201,FLOUR-SELF-RAISING-1.5KG,89.069,0.38,
202104,210204,DRY SPAGHETTI OR PASTA 500G,100.809,0.19,
202104,210211,CORN SNACK SINGLE PACK MAX 50G,100.638,0.6,
202104,210212,BASMATI RICE 500G-1KG,99.484,0.38,
202104,210213,BREAKFAST CEREAL 1,107.771,1.14,
202104,210214,BREAKFAST CEREAL 2,104.848,1.71,
202104,210215,CEREAL BAR,93.91,0.57,
202104,210216,HOT OAT CEREAL,102.325,0.38,
202104,210217,RICE MICRO POUCH/TRAY 220-280G,102,0.19,
202104,210218,"POPCORN, BAG, 10-30G",97.684,0.76,
202104,210219,BREAKFAST CEREAL GLUTEN FREE,102.729,0.19,
202104,210221,COUSCOUS PLAIN/FLAVOURED,99.887,0.19,
202104,210301,CREAM CRACKERS PACK 200G-300G,100.212,0.57,
202104,210302,PLAIN BISCUITS-200-300G,104.247,1.52,
202104,210319,DOUGHNUT-EACH,102.052,0.95,
202104,210320,WHOLE SPONGE CAKE NOT FROZEN,98.597,0.95,
202104,210321,PACK OF 5-6 INDIVIDUAL CAKES,101.709,1.33,
202104,210323,BISCUITS HALF CHOC 260-400G,98.612,0.76,
202104,210324,CRUMPETS PACK 6-9 SPEC NUMBER,93.561,0.95,
202104,210403,HOME KILLED BEEF-LEAN MINCE KG,97.54,0.84,
202104,210406,HOME KLD BEEF-RUMP/POPES STEAK,100.571,1.05,
202104,210414,FROZEN BEEFBURGERS PACK OF 4,96.312,0.42,
202104,210416,BEEF ROASTING JOINT PER KG,100.064,0.42,
202104,210506,HK LAMB LOIN CHOP/STEAK PER KG,101.3,0.63,
202104,210507,HOME KILLED LAMB SHOULDER KG,103.771,1.05,
202104,210703,HOME KILLED PORK-LOIN CHOPS KG,99.997,1.05,
202104,210802,BACON-GAMMON-PER KG,99.787,0.63,
202104,210808,BACON-BACK-PER KG,99.511,1.89,
202104,210905,FRESH/CHILLED CHICKEN  PER KG,100.436,0.84,PARTIAL
202104,210910,FRESH BONELESS CHICKEN BREAST,99.487,1.68,
202104,210913,ROTISSERIE CHICKEN [WHOLE],100.874,0.21,FULL
202104,210914,FRESH TURKEY DICED/MIN PER KG,102.403,0.21,
202104,211007,CANNED MEAT-STEWED STEAK,99.991,0.21,
202104,211011,INDIVIDUAL MEAT PIE,100.81,0.84,
202104,211014,SAUSAGES-PORK-PER KG,97.667,2.1,
202104,211019,FROZ CHICKEN NUGGETS 220-600G,99.451,0.63,
202104,211023,COOKED HAM PREPACKED SLICED,95.395,2.52,
202104,211024,CONTINENTAL SLICED DELI MEAT,98.812,0.84,
202104,211025,JOINT OV/READ GAM/POR 450-900G,99.04,0.21,
202104,211026,CHICKEN KIEV 2 PACK 240-325G,101.843,0.63,
202104,211027,H K LIVER PER KG STATE TYPE,100.408,0.21,
202104,211029,COOKED MEAT TURKEY/CHICK SLICE,100.964,0.42,
202104,211030,MEAT BASED SNACK PACK MAX 400G,101.707,0.63,
202104,211031,COOKED HAM LOOSE PER 100G,100.322,0.84,PARTIAL
202104,211101,FRESH WHITE FISH FILLETS KG,100.3,0.32,
202104,211105,FRESH FISH-SALMON FILLETS-KG,96.53,0.6,
202104,211106,FROZEN PRAWNS PER KG,99.581,0.96,
202104,211207,"CANNED FISH, TUNA, 130G-200G",100.373,1.04,
202104,211210,FROZEN FISH FINGERS 8-12 PK,97.372,0.84,
202104,211211,FROZEN BREAD/BAT FISH 400-550G,100.006,0.24,
202104,211305,SPREADABLE BUTTER,98.016,0.4,
202104,211306,BUTTER 250G SPEC COO,99.386,0.36,
202104,211407,MARGARINE/LOW FAT SPREAD-500G,112.21,0.56,
202104,211408,OLIVE OIL - 500ML - 1 LITRE,104.939,0.6,
202104,211409,"PEANUT BUTTER, JAR, 225-350G",101.761,0.08,
202104,211501,CHEDDAR-HOME PRODUCED PER KG,99.364,1.65,
202104,211506,"CHEESE SPREAD, 125g-200g TUB",104.605,0.55,
202104,211509,HARD REGIONAL CHEESE PER KG,99.228,0.22,
202104,211510,PARMESAN CHEESE-PER KG,102.294,0.33,
202104,211511,SOFT CONTINENTAL CHEESE - KG,96.472,0.33,
202104,211602,EGGS-MEDIUM-PER DOZ OR 2 X 6,99.822,0.44,
202104,211603,EGGS-LARGE-PER DOZ OR 2 X 6,100.89,0.66,
202104,211707,DELVD MILK SEMI-SKIMMED PER PT,99.624,0.11,
202104,211709,SHOP MILK-WHOLE MILK-4PT/2LTR,99.868,0.66,
202104,211710,MILK SEMI-PER 2 PINTS/1.136 L,99.812,2.31,
202104,211713,"MILK FLAVOURED, 180-500MLS/GMS",99.135,0.22,
202104,211714,NON-DAIRY MILK DRINK 900ML-1LT,106.068,0.22,
202104,211807,"YOGHURT/FROMAGE 4-6PK, 45-125G",114.699,1.1,
202104,211808,CHILLED POT DESSERT 125-200G,99.263,0.77,
202104,211814,YOGHURT-SMALL INDIVIDUAL,100.655,0.66,
202104,211815,FRESH DOUBLE CREAM 250ML-300ML,99.707,0.44,
202104,211816,POWDERED BABY FORMULA 400-900G,98.488,0.33,
202104,211901,TEA BAGS PKT OF 80 (230G-250G),100.484,0.84,
202104,211904,TEA BAGS-2-PACKET OF 240,102.437,0.24,
202104,211905,"FLAVRD TEA 15-20 BAGS, 30-40G",99.478,0.24,
202104,212001,"FRUIT SQUASH, 750ML - 1.5LT",91.107,0.99,
202104,212006,FRUIT JUICE NOT ORANGE 1L,101.229,0.54,
202104,212008,LEMONADE-2 LITRE BOTTLE,93.572,0.18,
202104,212010,MINERAL WATER STILL 1.5-2L,99.891,0.36,
202104,212015,FIZZY ENERGY DRINK 250-500ML,103.804,1.17,
202104,212016,FRESH/CHILL ORANGE JUICE 900ML,97.73,0.99,
202104,212017,FIZZY BOTTLED DRINK 500ML,98.896,1.44,
202104,212020,FRUIT DRINK BOTTLE 4-8 PACK,108.815,0.09,
202104,212021,BOTTLE STILL WATER 500ML,99.453,0.18,
202104,212022,MIXER DRINK BOTTLE 1L EG TONIC,95.174,0.63,
202104,212023,COLA/FIZZY DRINK 330ML PK 4-8,100.771,0.36,
202104,212024,FLAVOURED WATER BOTT 900ML-1.5,107.961,0.36,
202104,212025,"COLA DRINK, REG,BOTTLE,1.25-2L",100.4,0.72,
202104,212026,"COLA DRINK, DIET 1.25-2LTR",97.502,0.72,
202104,212027,FRUIT/VEG SMOOTHIE,98.095,0.27,
202104,212101,SUGAR -GRANULATED-WHITE-PER KG,99.253,0.7,
202104,212106,JAR OF JAM-340-454G,103.315,0.84,
202104,212107,HONEY JAR/BOTTLE 340G-454G,97.915,0.28,
202104,212202,MINTS,99.682,0.14,
202104,212211,CHOCOLATE 4,99.707,0.84,
202104,212214,FRUIT PASTILLES 2,101.256,0.56,
202104,212217,CHEWING/BUBBLE GUM-SINGLE PK,99.985,0.14,
202104,212218,CARTON/BOX OF CHOCS 150-400GM,99.761,1.96,
202104,212222,CHOCOLATE 10,98.928,2.24,PARTIAL
202104,212223,BRAND CHOC SWEETS 90-185G BAG,94.358,0.7,
202104,212224,"SWEETS, NOT CHOC, 150-250G BAG",98.9,0.7,
202104,212225,CHOCOLATE LARGE BAR 100-200G,97.869,2.1,
202104,212226,CHOCOLATE 12,101.523,0.56,
202104,212228,MALTED CHOCOLATE SWEETS,97.307,0.14,
202104,212360,POTATOES-OLD WHITE PER KG,97.674,0.6,
202104,212361,POTATOES- BAKING PER KG,105.968,0.15,
202104,212399,POTATOES-NEW-LOOSE-PER KG,100.02,0.15,
202104,212402,POTATO CRISPS 25G-50G,101.757,0.75,
202104,212404,POTATO CRISPS-MULTI-PACK,103.233,1.65,
202104,212405,FROZEN CHIPS 900G-1.5KG,104.084,1.05,
202104,212408,PREMIUM POTATO CRISPS/CHIPS,105.756,0.6,
202104,212409,P'PARED MASHED POTATO 400-650G,98.705,0.3,
202104,212504,FRESH VEG-CAULIFLOWER-EACH,99.329,0.45,PARTIAL
202104,212510,FRESH VEG-CUCUMBER-WHOLE,98.384,0.3,PARTIAL
202104,212511,FRESH VEG-LETTUCE-ICEBERG-EACH,97.764,0.3,PARTIAL
202104,212515,FRESH VEG-TOMATOES-PER KG,99.938,1.05,PARTIAL
202104,212516,FRESH VEG-CABBAGE-WHOLE-PER KG,100.854,0.3,PARTIAL
202104,212518,FRESH VEG-CARROTS-PER KG,98.893,0.45,PARTIAL
202104,212519,FRESH VEG-ONIONS-PER KG,100.348,0.6,PARTIAL
202104,212520,FRESH VEG-MUSHROOMS-PER KG,100.382,0.45,PARTIAL
202104,212527,PRE-PACKED SALAD 100-250G,98.192,0.45,
202104,212530,FRESH VEG-BROCCOLI-PER KG,103.763,0.3,PARTIAL
202104,212531,FRESH VEG-COURGETTE-PER KG,97.935,0.45,PARTIAL
202104,212532,FRESH VEG-PEPPERS -LOOSE OR KG,103.813,0.45,PARTIAL
202104,212533,VEGETABLE STIR FRY FRESH PACK,99.845,0.45,
202104,212535,SWEET POTATO PER KG OR EACH,98.238,0.3,PARTIAL
202104,212601,CANNED TOMATOES 390-400G,111.583,0.3,
202104,212603,"BAKED BEANS, 400-420G TIN",98.857,0.45,
202104,212608,CANNED SWEETCORN 198-340G,99.658,0.45,
202104,212609,FROZEN GARDEN PEAS 800G-1KG,98.987,0.15,
202104,212612,FROZEN PRE-PREPARED VEGTABLES,98.885,0.3,
202104,212709,ORANGES-CLASS 1-EACH,100.53,0.36,PARTIAL
202104,212710,AVOCADO PEAR-EACH,108.391,0.72,PARTIAL
202104,212712,KIWI FRUIT-EACH,105.676,0.24,PARTIAL
202104,212715,GRAPEFRUIT-EACH,101.092,0.36,PARTIAL
202104,212716,APPLES-COOKING-PER KG,100.553,0.24,PARTIAL
202104,212717,APPLES-DESSERT-PER KG,107.186,0.84,PARTIAL
202104,212718,PEARS-DESSERT-PER KG,105.926,0.24,PARTIAL
202104,212719,BANANAS-PER KG,100.145,1.2,PARTIAL
202104,212720,STRAWBERRIES PER KG OR PUNNET,81.852,1.08,PARTIAL
202104,212722,GRAPES-PER KG,100.144,0.84,PARTIAL
202104,212725,SMALL TYPE ORANGES PER PACK/KG,105.457,0.36,PARTIAL
202104,212726,PLUMS PER KG/PACK,96.972,0.72,PARTIAL
202104,212728,PINEAPPLE EACH,104.554,0.24,
202104,212730,FRUIT FRESH SNACKING 150-350G,99.368,0.48,
202104,212731,MELON EACH EG HONEYDEW,104.092,0.24,
202104,212732,LEMON EACH,100.264,0.24,PARTIAL
202104,212733,BLUEBERRIES PUNNET OR PER KG,102.662,0.72,PARTIAL
202104,212734,RASPBERRIES PUNNET OR PER KG,99.044,0.6,PARTIAL
202104,212806,PACKET OF PEANUTS 150-300G,100.188,1.32,
202104,212807,CANNED FRUIT-400-450G,100.073,0.48,
202104,212808,DRIED FRUIT - EG APRICOTS,99.719,0.48,
202104,212905,VEGETABLE PICKLE 280-520G,100.748,0.15,
202104,212910,CANNED SOUP-390-425G,101.1,0.33,
202104,212917,TOMATO KETCHUP BOTTLE 340-570G,101.065,0.45,
202104,212918,FRZN READY-COOKD MEAL SERVES 1,99.204,0.18,
202104,212923,COOK-IN SAUCE-JAR/CAN 350-520G,105.472,0.51,
202104,212928,FROZ VEG BURGER/GRILL 180-454G,105.245,0.75,
202104,212930,MAYONNAISE 390-500G/420-540MLS,105.665,0.42,
202104,212933,ICE CREAM 450ML-1L,94.698,1.12,
202104,212934,DRIED POTTED SNACK 50-120G,111.977,0.38,
202104,212936,CHILLED READY MEAL-MEAT-SERVS1,98.989,0.48,
202104,212937,CHILLED READY MEAL-FISH/VEG,98.774,0.48,
202104,212938,CHOCOLATE COVERED ICE CREAM,107.413,0.98,
202104,212939,CHILLED PIZZA EACH 300-600G,100.555,0.95,
202104,212940,PROTEIN POWDER 900G-2KG,102.459,0.15,
202104,212941,QUICHE 340G-450G,97.26,0.19,
202104,212942,VEGETABLE CRISPS PACK 80-125G,110.528,0.3,
202104,213003,COFFEE-INSTANT-100G JAR,101.413,1.52,
202104,213005,HOT CHOCOLATE DRINK INSTANT,100.197,0.32,
202104,213006,COFFEE PODS PACK 8-16,101.419,0.36,
202104,213007,COFFEE SACHETS PACK,98.604,0.48,
202105,210102,LARGE LOAF-WHITE-UNSLICED-800G,101.097,0.38,
202105,210106,SIX BREAD ROLLS-WHITE/BROWN,101.415,0.76,
202105,210111,WHITE SLICED LOAF BRANDED 750G,101.271,1.14,
202105,210113,WHOLEMEAL SLICED LOAF BRANDED,97.544,0.95,
202105,210114,CHILLED GARLIC BREAD,98.037,1.14,
202105,210201,FLOUR-SELF-RAISING-1.5KG,87.36,0.38,
202105,210204,DRY SPAGHETTI OR PASTA 500G,100.648,0.19,
202105,210211,CORN SNACK SINGLE PACK MAX 50G,99.538,0.6,
202105,210212,BASMATI RICE 500G-1KG,101.021,0.38,
202105,210213,BREAKFAST CEREAL 1,104.014,1.14,
202105,210214,BREAKFAST CEREAL 2,101.463,1.71,
202105,210215,CEREAL BAR,101.759,0.57,
202105,210216,HOT OAT CEREAL,100.106,0.38,
202105,210217,RICE MICRO POUCH/TRAY 220-280G,98.182,0.19,
202105,210218,"POPCORN, BAG, 10-30G",96.43,0.76,
202105,210219,BREAKFAST CEREAL GLUTEN FREE,97.933,0.19,
202105,210221,COUSCOUS PLAIN/FLAVOURED,96.764,0.19,
202105,210301,CREAM CRACKERS PACK 200G-300G,100.286,0.57,
202105,210302,PLAIN BISCUITS-200-300G,103.518,1.52,
202105,210319,DOUGHNUT-EACH,102.146,0.95,
202105,210320,WHOLE SPONGE CAKE NOT FROZEN,97.115,0.95,
202105,210321,PACK OF 5-6 INDIVIDUAL CAKES,100.306,1.33,
202105,210323,BISCUITS HALF CHOC 260-400G,93.7,0.76,
202105,210324,CRUMPETS PACK 6-9 SPEC NUMBER,93.876,0.95,
202105,210403,HOME KILLED BEEF-LEAN MINCE KG,99.827,0.84,
202105,210406,HOME KLD BEEF-RUMP/POPES STEAK,101.352,1.05,
202105,210414,FROZEN BEEFBURGERS PACK OF 4,94.988,0.42,
202105,210416,BEEF ROASTING JOINT PER KG,101.591,0.42,
202105,210506,HK LAMB LOIN CHOP/STEAK PER KG,101.733,0.63,
202105,210507,HOME KILLED LAMB SHOULDER KG,106.473,1.05,
202105,210703,HOME KILLED PORK-LOIN CHOPS KG,99.285,1.05,
202105,210802,BACON-GAMMON-PER KG,99.748,0.63,
202105,210808,BACON-BACK-PER KG,98.584,1.89,
202105,210905,FRESH/CHILLED CHICKEN  PER KG,100.907,0.84,PARTIAL
202105,210910,FRESH BONELESS CHICKEN BREAST,99.644,1.68,
202105,210913,ROTISSERIE CHICKEN [WHOLE],98.641,0.21,FULL
202105,210914,FRESH TURKEY DICED/MIN PER KG,101.931,0.21,PARTIAL
202105,211007,CANNED MEAT-STEWED STEAK,99.939,0.21,
202105,211011,INDIVIDUAL MEAT PIE,97.409,0.84,
202105,211014,SAUSAGES-PORK-PER KG,101.313,2.1,
202105,211019,FROZ CHICKEN NUGGETS 220-600G,98.197,0.63,
202105,211023,COOKED HAM PREPACKED SLICED,93.399,2.52,
202105,211024,CONTINENTAL SLICED DELI MEAT,96.425,0.84,
202105,211025,JOINT OV/READ GAM/POR 450-900G,95.935,0.21,
202105,211026,CHICKEN KIEV 2 PACK 240-325G,98.97,0.63,
202105,211027,H K LIVER PER KG STATE TYPE,102.256,0.21,
202105,211029,COOKED MEAT TURKEY/CHICK SLICE,98.076,0.42,
202105,211030,MEAT BASED SNACK PACK MAX 400G,99.966,0.63,
202105,211031,COOKED HAM LOOSE PER 100G,85.528,0.84,PARTIAL
202105,211101,FRESH WHITE FISH FILLETS KG,101.079,0.32,
202105,211105,FRESH FISH-SALMON FILLETS-KG,93.105,0.6,
202105,211106,FROZEN PRAWNS PER KG,96.379,0.96,
202105,211207,"CANNED FISH, TUNA, 130G-200G",106.817,1.04,
202105,211210,FROZEN FISH FINGERS 8-12 PK,98.317,0.84,
202105,211211,FROZEN BREAD/BAT FISH 400-550G,99.973,0.24,
202105,211305,SPREADABLE BUTTER,104.417,0.4,
202105,211306,BUTTER 250G SPEC COO,99.704,0.36,
202105,211407,MARGARINE/LOW FAT SPREAD-500G,114.347,0.56,
202105,211408,OLIVE OIL - 500ML - 1 LITRE,100.388,0.6,
202105,211409,"PEANUT BUTTER, JAR, 225-350G",96.387,0.08,
202105,211501,CHEDDAR-HOME PRODUCED PER KG,99.513,1.65,
202105,211506,"CHEESE SPREAD, 125g-200g TUB",110.514,0.55,
202105,211509,HARD REGIONAL CHEESE PER KG,100.473,0.22,
202105,211510,PARMESAN CHEESE-PER KG,100.675,0.33,
202105,211511,SOFT CONTINENTAL CHEESE - KG,101.709,0.33,
202105,211602,EGGS-MEDIUM-PER DOZ OR 2 X 6,100.738,0.44,
202105,211603,EGGS-LARGE-PER DOZ OR 2 X 6,101.691,0.66,
202105,211707,DELVD MILK SEMI-SKIMMED PER PT,99.624,0.11,
202105,211709,SHOP MILK-WHOLE MILK-4PT/2LTR,100.335,0.66,
202105,211710,MILK SEMI-PER 2 PINTS/1.136 L,99.908,2.31,
202105,211713,"MILK FLAVOURED, 180-500MLS/GMS",99.482,0.22,
202105,211714,NON-DAIRY MILK DRINK 900ML-1LT,109.271,0.22,
202105,211807,"YOGHURT/FROMAGE 4-6PK, 45-125G",114.706,1.1,
202105,211808,CHILLED POT DESSERT 125-200G,101.447,0.77,
202105,211814,YOGHURT-SMALL INDIVIDUAL,100.379,0.66,
202105,211815,FRESH DOUBLE CREAM 250ML-300ML,99.246,0.44,
202105,211816,POWDERED BABY FORMULA 400-900G,100.357,0.33,
202105,211901,TEA BAGS PKT OF 80 (230G-250G),103.576,0.84,
202105,211904,TEA BAGS-2-PACKET OF 240,103.066,0.24,
202105,211905,"FLAVRD TEA 15-20 BAGS, 30-40G",96.153,0.24,
202105,212001,"FRUIT SQUASH, 750ML - 1.5LT",101.815,0.99,
202105,212006,FRUIT JUICE NOT ORANGE 1L,100.85,0.54,
202105,212008,LEMONADE-2 LITRE BOTTLE,93.674,0.18,
202105,212010,MINERAL WATER STILL 1.5-2L,99.141,0.36,
202105,212015,FIZZY ENERGY DRINK 250-500ML,99.663,1.17,
202105,212016,FRESH/CHILL ORANGE JUICE 900ML,91.19,0.99,
202105,212017,FIZZY BOTTLED DRINK 500ML,97.769,1.44,
202105,212020,FRUIT DRINK BOTTLE 4-8 PACK,113.549,0.09,
202105,212021,BOTTLE STILL WATER 500ML,99.671,0.18,
202105,212022,MIXER DRINK BOTTLE 1L EG TONIC,100.609,0.63,
202105,212023,COLA/FIZZY DRINK 330ML PK 4-8,105.335,0.36,
202105,212024,FLAVOURED WATER BOTT 900ML-1.5,98.09,0.36,
202105,212025,"COLA DRINK, REG,BOTTLE,1.25-2L",95.951,0.72,
202105,212026,"COLA DRINK, DIET 1.25-2LTR",93.377,0.72,
202105,212027,FRUIT/VEG SMOOTHIE,94.606,0.27,
202105,212101,SUGAR -GRANULATED-WHITE-PER KG,99.177,0.7,
202105,212106,JAR OF JAM-340-454G,102.385,0.84,
202105,212107,HONEY JAR/BOTTLE 340G-454G,98.017,0.28,
202105,212202,MINTS,98.555,0.14,
202105,212211,CHOCOLATE 4,100.449,0.84,
202105,212214,FRUIT PASTILLES 2,100.357,0.56,
202105,212217,CHEWING/BUBBLE GUM-SINGLE PK,100.549,0.14,
202105,212218,CARTON/BOX OF CHOCS 150-400GM,100.267,1.96,
202105,212222,CHOCOLATE 10,100.881,2.24,PARTIAL
202105,212223,BRAND CHOC SWEETS 90-185G BAG,99.589,0.7,
202105,212224,"SWEETS, NOT CHOC, 150-250G BAG",91.241,0.7,
202105,212225,CHOCOLATE LARGE BAR 100-200G,94.981,2.1,
202105,212226,CHOCOLATE 12,105.216,0.56,
202105,212228,MALTED CHOCOLATE SWEETS,97.307,0.14,
202105,212360,POTATOES-OLD WHITE PER KG,97.571,0.6,
202105,212361,POTATOES- BAKING PER KG,104.426,0.15,
202105,212399,POTATOES-NEW-LOOSE-PER KG,101.619,0.15,
202105,212402,POTATO CRISPS 25G-50G,101.769,0.75,
202105,212404,POTATO CRISPS-MULTI-PACK,105.263,1.65,
202105,212405,FROZEN CHIPS 900G-1.5KG,103.297,1.05,
202105,212408,PREMIUM POTATO CRISPS/CHIPS,95.353,0.6,
202105,212409,P'PARED MASHED POTATO 400-650G,100.028,0.3,
202105,212504,FRESH VEG-CAULIFLOWER-EACH,101.732,0.45,PARTIAL
202105,212510,FRESH VEG-CUCUMBER-WHOLE,99.466,0.3,PARTIAL
202105,212511,FRESH VEG-LETTUCE-ICEBERG-EACH,99.476,0.3,PARTIAL
202105,212515,FRESH VEG-TOMATOES-PER KG,102.37,1.05,PARTIAL
202105,212516,FRESH VEG-CABBAGE-WHOLE-PER KG,102.144,0.3,PARTIAL
202105,212518,FRESH VEG-CARROTS-PER KG,102.166,0.45,PARTIAL
202105,212519,FRESH VEG-ONIONS-PER KG,102.787,0.6,PARTIAL
202105,212520,FRESH VEG-MUSHROOMS-PER KG,101.418,0.45,PARTIAL
202105,212527,PRE-PACKED SALAD 100-250G,98.96,0.45,
202105,212530,FRESH VEG-BROCCOLI-PER KG,100.353,0.3,PARTIAL
202105,212531,FRESH VEG-COURGETTE-PER KG,98.973,0.45,PARTIAL
202105,212532,FRESH VEG-PEPPERS -LOOSE OR KG,103.983,0.45,PARTIAL
202105,212533,VEGETABLE STIR FRY FRESH PACK,99.162,0.45,
202105,212535,SWEET POTATO PER KG OR EACH,98.926,0.3,PARTIAL
202105,212601,CANNED TOMATOES 390-400G,115.299,0.3,
202105,212603,"BAKED BEANS, 400-420G TIN",99.8,0.45,
202105,212608,CANNED SWEETCORN 198-340G,100.372,0.45,
202105,212609,FROZEN GARDEN PEAS 800G-1KG,97.61,0.15,
202105,212612,FROZEN PRE-PREPARED VEGTABLES,98.489,0.3,
202105,212709,ORANGES-CLASS 1-EACH,104.254,0.36,PARTIAL
202105,212710,AVOCADO PEAR-EACH,111.242,0.72,PARTIAL
202105,212712,KIWI FRUIT-EACH,105.586,0.24,PARTIAL
202105,212715,GRAPEFRUIT-EACH,109.088,0.36,PARTIAL
202105,212716,APPLES-COOKING-PER KG,100.54,0.24,PARTIAL
202105,212717,APPLES-DESSERT-PER KG,108.981,0.84,PARTIAL
202105,212718,PEARS-DESSERT-PER KG,107.37,0.24,PARTIAL
202105,212719,BANANAS-PER KG,100.284,1.2,PARTIAL
202105,212720,STRAWBERRIES PER KG OR PUNNET,83.724,1.08,PARTIAL
202105,212722,GRAPES-PER KG,99.102,0.84,PARTIAL
202105,212725,SMALL TYPE ORANGES PER PACK/KG,108.941,0.36,PARTIAL
202105,212726,PLUMS PER KG/PACK,98.407,0.72,PARTIAL
202105,212728,PINEAPPLE EACH,100.59,0.24,
202105,212730,FRUIT FRESH SNACKING 150-350G,98.091,0.48,
202105,212731,MELON EACH EG HONEYDEW,104.602,0.24,
202105,212732,LEMON EACH,104.278,0.24,PARTIAL
202105,212733,BLUEBERRIES PUNNET OR PER KG,99.847,0.72,PARTIAL
202105,212734,RASPBERRIES PUNNET OR PER KG,95.294,0.6,PARTIAL
202105,212806,PACKET OF PEANUTS 150-300G,101.103,1.32,
202105,212807,CANNED FRUIT-400-450G,100.373,0.48,
202105,212808,DRIED FRUIT - EG APRICOTS,98.301,0.48,
202105,212905,VEGETABLE PICKLE 280-520G,96.408,0.15,
202105,212910,CANNED SOUP-390-425G,101.889,0.33,
202105,212917,TOMATO KETCHUP BOTTLE 340-570G,103.173,0.45,
202105,212918,FRZN READY-COOKD MEAL SERVES 1,100.343,0.18,
202105,212923,COOK-IN SAUCE-JAR/CAN 350-520G,104.385,0.51,
202105,212928,FROZ VEG BURGER/GRILL 180-454G,105.117,0.75,
202105,212930,MAYONNAISE 390-500G/420-540MLS,97.454,0.42,
202105,212933,ICE CREAM 450ML-1L,93.374,1.12,
202105,212934,DRIED POTTED SNACK 50-120G,110.18,0.38,
202105,212936,CHILLED READY MEAL-MEAT-SERVS1,97.88,0.48,
202105,212937,CHILLED READY MEAL-FISH/VEG,98.724,0.48,
202105,212938,CHOCOLATE COVERED ICE CREAM,108.029,0.98,
202105,212939,CHILLED PIZZA EACH 300-600G,93.415,0.95,
202105,212940,PROTEIN POWDER 900G-2KG,102.729,0.15,
202105,212941,QUICHE 340G-450G,97.26,0.19,
202105,212942,VEGETABLE CRISPS PACK 80-125G,109.498,0.3,
202105,213003,COFFEE-INSTANT-100G JAR,104.086,1.52,
202105,213005,HOT CHOCOLATE DRINK INSTANT,101.119,0.32,
202105,213006,COFFEE PODS PACK 8-16,99.526,0.36,
202105,213007,COFFEE SACHETS PACK,92.808,0.48,
202106,210102,LARGE LOAF-WHITE-UNSLICED-800G,104.735,0.38,
202106,210106,SIX BREAD ROLLS-WHITE/BROWN,102.505,0.76,
202106,210111,WHITE SLICED LOAF BRANDED 750G,100.403,1.14,
202106,210113,WHOLEMEAL SLICED LOAF BRANDED,100.127,0.95,
202106,210114,CHILLED GARLIC BREAD,98.364,1.14,
202106,210201,FLOUR-SELF-RAISING-1.5KG,89.916,0.38,
202106,210204,DRY SPAGHETTI OR PASTA 500G,102.037,0.19,
202106,210211,CORN SNACK SINGLE PACK MAX 50G,99.791,0.6,
202106,210212,BASMATI RICE 500G-1KG,99.954,0.38,
202106,210213,BREAKFAST CEREAL 1,104.166,1.14,
202106,210214,BREAKFAST CEREAL 2,102.005,1.71,
202106,210215,CEREAL BAR,95.204,0.57,
202106,210216,HOT OAT CEREAL,101.418,0.38,
202106,210217,RICE MICRO POUCH/TRAY 220-280G,101.889,0.19,
202106,210218,"POPCORN, BAG, 10-30G",95.653,0.76,
202106,210219,BREAKFAST CEREAL GLUTEN FREE,106.364,0.19,
202106,210221,COUSCOUS PLAIN/FLAVOURED,100.872,0.19,
202106,210301,CREAM CRACKERS PACK 200G-300G,100.23,0.57,
202106,210302,PLAIN BISCUITS-200-300G,103.451,1.52,
202106,210319,DOUGHNUT-EACH,102.918,0.95,
202106,210320,WHOLE SPONGE CAKE NOT FROZEN,100.878,0.95,
202106,210321,PACK OF 5-6 INDIVIDUAL CAKES,109.825,1.33,
202106,210323,BISCUITS HALF CHOC 260-400G,94.819,0.76,
202106,210324,CRUMPETS PACK 6-9 SPEC NUMBER,97.254,0.95,
202106,210403,HOME KILLED BEEF-LEAN MINCE KG,99.839,0.84,
202106,210406,HOME KLD BEEF-RUMP/POPES STEAK,102.22,1.05,
202106,210414,FROZEN BEEFBURGERS PACK OF 4,98.577,0.42,
202106,210416,BEEF ROASTING JOINT PER KG,98.972,0.42,
202106,210506,HK LAMB LOIN CHOP/STEAK PER KG,101.789,0.63,
202106,210507,HOME KILLED LAMB SHOULDER KG,106.558,1.05,
202106,210703,HOME KILLED PORK-LOIN CHOPS KG,100.164,1.05,
202106,210802,BACON-GAMMON-PER KG,100.476,0.63,
202106,210808,BACON-BACK-PER KG,99.432,1.89,
202106,210905,FRESH/CHILLED CHICKEN  PER KG,101.477,0.84,
202106,210910,FRESH BONELESS CHICKEN BREAST,100.301,1.68,
202106,210913,ROTISSERIE CHICKEN [WHOLE],101.889,0.21,
202106,210914,FRESH TURKEY DICED/MIN PER KG,105.045,0.21,PARTIAL
202106,211007,CANNED MEAT-STEWED STEAK,98.495,0.21,
202106,211011,INDIVIDUAL MEAT PIE,99.484,0.84,
202106,211014,SAUSAGES-PORK-PER KG,100.695,2.1,
202106,211019,FROZ CHICKEN NUGGETS 220-600G,98.098,0.63,
202106,211023,COOKED HAM PREPACKED SLICED,97.349,2.52,
202106,211024,CONTINENTAL SLICED DELI MEAT,100.084,0.84,
202106,211025,JOINT OV/READ GAM/POR 450-900G,96.342,0.21,
202106,211026,CHICKEN KIEV 2 PACK 240-325G,101.913,0.63,
202106,211027,H K LIVER PER KG STATE TYPE,100.745,0.21,
202106,211029,COOKED MEAT TURKEY/CHICK SLICE,101.068,0.42,
202106,211030,MEAT BASED SNACK PACK MAX 400G,99.759,0.63,
202106,211031,COOKED HAM LOOSE PER 100G,94.139,0.84,PARTIAL
202106,211101,FRESH WHITE FISH FILLETS KG,101.509,0.32,
202106,211105,FRESH FISH-SALMON FILLETS-KG,92.251,0.6,
202106,211106,FROZEN PRAWNS PER KG,99.771,0.96,
202106,211207,"CANNED FISH, TUNA, 130G-200G",104.083,1.04,
202106,211210,FROZEN FISH FINGERS 8-12 PK,105.203,0.84,
202106,211211,FROZEN BREAD/BAT FISH 400-550G,100.332,0.24,
202106,211305,SPREADABLE BUTTER,103.017,0.4,
202106,211306,BUTTER 250G SPEC COO,99.884,0.36,
202106,211407,MARGARINE/LOW FAT SPREAD-500G,119.704,0.56,
202106,211408,OLIVE OIL - 500ML - 1 LITRE,102.901,0.6,
202106,211409,"PEANUT BUTTER, JAR, 225-350G",103.015,0.08,
202106,211501,CHEDDAR-HOME PRODUCED PER KG,97.53,1.65,
202106,211506,"CHEESE SPREAD, 125g-200g TUB",110.924,0.55,
202106,211509,HARD REGIONAL CHEESE PER KG,98.081,0.22,
202106,211510,PARMESAN CHEESE-PER KG,100.909,0.33,
202106,211511,SOFT CONTINENTAL CHEESE - KG,98.805,0.33,
202106,211602,EGGS-MEDIUM-PER DOZ OR 2 X 6,102.848,0.44,
202106,211603,EGGS-LARGE-PER DOZ OR 2 X 6,103.22,0.66,
202106,211707,DELVD MILK SEMI-SKIMMED PER PT,98.583,0.11,
202106,211709,SHOP MILK-WHOLE MILK-4PT/2LTR,100.269,0.66,
202106,211710,MILK SEMI-PER 2 PINTS/1.136 L,99.762,2.31,
202106,211713,"MILK FLAVOURED, 180-500MLS/GMS",100.087,0.22,
202106,211714,NON-DAIRY MILK DRINK 900ML-1LT,107.813,0.22,
202106,211807,"YOGHURT/FROMAGE 4-6PK, 45-125G",118.663,1.1,
202106,211808,CHILLED POT DESSERT 125-200G,96.574,0.77,
202106,211814,YOGHURT-SMALL INDIVIDUAL,96.338,0.66,
202106,211815,FRESH DOUBLE CREAM 250ML-300ML,99.596,0.44,
202106,211816,POWDERED BABY FORMULA 400-900G,101.542,0.33,
202106,211901,TEA BAGS PKT OF 80 (230G-250G),101.763,0.84,
202106,211904,TEA BAGS-2-PACKET OF 240,101.919,0.24,
202106,211905,"FLAVRD TEA 15-20 BAGS, 30-40G",97.244,0.24,
202106,212001,"FRUIT SQUASH, 750ML - 1.5LT",95.717,0.99,
202106,212006,FRUIT JUICE NOT ORANGE 1L,99.117,0.54,
202106,212008,LEMONADE-2 LITRE BOTTLE,91.472,0.18,
202106,212010,MINERAL WATER STILL 1.5-2L,96.684,0.36,
202106,212015,FIZZY ENERGY DRINK 250-500ML,100.683,1.17,
202106,212016,FRESH/CHILL ORANGE JUICE 900ML,92.571,0.99,
202106,212017,FIZZY BOTTLED DRINK 500ML,100.172,1.44,
202106,212020,FRUIT DRINK BOTTLE 4-8 PACK,124.919,0.09,
202106,212021,BOTTLE STILL WATER 500ML,99.988,0.18,
202106,212022,MIXER DRINK BOTTLE 1L EG TONIC,99.513,0.63,
202106,212023,COLA/FIZZY DRINK 330ML PK 4-8,95.953,0.36,
202106,212024,FLAVOURED WATER BOTT 900ML-1.5,104.927,0.36,
202106,212025,"COLA DRINK, REG,BOTTLE,1.25-2L",96.931,0.72,
202106,212026,"COLA DRINK, DIET 1.25-2LTR",92.162,0.72,
202106,212027,FRUIT/VEG SMOOTHIE,94.907,0.27,
202106,212101,SUGAR -GRANULATED-WHITE-PER KG,99.213,0.7,
202106,212106,JAR OF JAM-340-454G,102.982,0.84,
202106,212107,HONEY JAR/BOTTLE 340G-454G,100.493,0.28,
202106,212202,MINTS,99.442,0.14,
202106,212211,CHOCOLATE 4,101.38,0.84,
202106,212214,FRUIT PASTILLES 2,100.713,0.56,
202106,212217,CHEWING/BUBBLE GUM-SINGLE PK,102.979,0.14,
202106,212218,CARTON/BOX OF CHOCS 150-400GM,94.132,1.96,
202106,212222,CHOCOLATE 10,100.464,2.24,
202106,212223,BRAND CHOC SWEETS 90-185G BAG,92.259,0.7,
202106,212224,"SWEETS, NOT CHOC, 150-250G BAG",93.461,0.7,
202106,212225,CHOCOLATE LARGE BAR 100-200G,96.897,2.1,
202106,212226,CHOCOLATE 12,100.774,0.56,
202106,212228,MALTED CHOCOLATE SWEETS,97.242,0.14,
202106,212360,POTATOES-OLD WHITE PER KG,97.026,0.6,
202106,212361,POTATOES- BAKING PER KG,102.778,0.15,
202106,212399,POTATOES-NEW-LOOSE-PER KG,101.714,0.15,
202106,212402,POTATO CRISPS 25G-50G,102.538,0.75,
202106,212404,POTATO CRISPS-MULTI-PACK,102.908,1.65,
202106,212405,FROZEN CHIPS 900G-1.5KG,102.893,1.05,
202106,212408,PREMIUM POTATO CRISPS/CHIPS,83.187,0.6,
202106,212409,P'PARED MASHED POTATO 400-650G,94.206,0.3,
202106,212504,FRESH VEG-CAULIFLOWER-EACH,99.203,0.45,
202106,212510,FRESH VEG-CUCUMBER-WHOLE,98.741,0.3,
202106,212511,FRESH VEG-LETTUCE-ICEBERG-EACH,96.363,0.3,
202106,212515,FRESH VEG-TOMATOES-PER KG,100.043,1.05,
202106,212516,FRESH VEG-CABBAGE-WHOLE-PER KG,102.739,0.3,
202106,212518,FRESH VEG-CARROTS-PER KG,102.392,0.45,
202106,212519,FRESH VEG-ONIONS-PER KG,103.147,0.6,
202106,212520,FRESH VEG-MUSHROOMS-PER KG,100.783,0.45,
202106,212527,PRE-PACKED SALAD 100-250G,97.547,0.45,
202106,212530,FRESH VEG-BROCCOLI-PER KG,100.234,0.3,
202106,212531,FRESH VEG-COURGETTE-PER KG,99.814,0.45,
202106,212532,FRESH VEG-PEPPERS -LOOSE OR KG,101.743,0.45,
202106,212533,VEGETABLE STIR FRY FRESH PACK,100.74,0.45,
202106,212535,SWEET POTATO PER KG OR EACH,99.085,0.3,
202106,212601,CANNED TOMATOES 390-400G,116.305,0.3,
202106,212603,"BAKED BEANS, 400-420G TIN",99.977,0.45,
202106,212608,CANNED SWEETCORN 198-340G,102.975,0.45,
202106,212609,FROZEN GARDEN PEAS 800G-1KG,97.732,0.15,
202106,212612,FROZEN PRE-PREPARED VEGTABLES,96.954,0.3,
202106,212709,ORANGES-CLASS 1-EACH,102.749,0.36,
202106,212710,AVOCADO PEAR-EACH,107.079,0.72,
202106,212712,KIWI FRUIT-EACH,105.921,0.24,
202106,212715,GRAPEFRUIT-EACH,106.92,0.36,
202106,212716,APPLES-COOKING-PER KG,101.359,0.24,
202106,212717,APPLES-DESSERT-PER KG,110.117,0.84,PARTIAL
202106,212718,PEARS-DESSERT-PER KG,109.815,0.24,
202106,212719,BANANAS-PER KG,100.268,1.2,
202106,212720,STRAWBERRIES PER KG OR PUNNET,79.478,1.08,PARTIAL
202106,212722,GRAPES-PER KG,99.107,0.84,
202106,212725,SMALL TYPE ORANGES PER PACK/KG,107.744,0.36,
202106,212726,PLUMS PER KG/PACK,99.352,0.72,
202106,212728,PINEAPPLE EACH,96.509,0.24,
202106,212730,FRUIT FRESH SNACKING 150-350G,98.298,0.48,
202106,212731,MELON EACH EG HONEYDEW,104.561,0.24,
202106,212732,LEMON EACH,103.557,0.24,
202106,212733,BLUEBERRIES PUNNET OR PER KG,100.131,0.72,
202106,212734,RASPBERRIES PUNNET OR PER KG,92.264,0.6,PARTIAL
202106,212806,PACKET OF PEANUTS 150-300G,100.918,1.32,
202106,212807,CANNED FRUIT-400-450G,100.793,0.48,
202106,212808,DRIED FRUIT - EG APRICOTS,99.606,0.48,
202106,212905,VEGETABLE PICKLE 280-520G,97.332,0.15,
202106,212910,CANNED SOUP-390-425G,101.809,0.33,
202106,212917,TOMATO KETCHUP BOTTLE 340-570G,102.754,0.45,
202106,212918,FRZN READY-COOKD MEAL SERVES 1,100.458,0.18,
202106,212923,COOK-IN SAUCE-JAR/CAN 350-520G,103.627,0.51,
202106,212928,FROZ VEG BURGER/GRILL 180-454G,99.773,0.75,
202106,212930,MAYONNAISE 390-500G/420-540MLS,97.436,0.42,
202106,212933,ICE CREAM 450ML-1L,95.977,1.12,
202106,212934,DRIED POTTED SNACK 50-120G,113,0.38,
202106,212936,CHILLED READY MEAL-MEAT-SERVS1,97.294,0.48,
202106,212937,CHILLED READY MEAL-FISH/VEG,97.695,0.48,
202106,212938,CHOCOLATE COVERED ICE CREAM,107.486,0.98,
202106,212939,CHILLED PIZZA EACH 300-600G,99.037,0.95,
202106,212940,PROTEIN POWDER 900G-2KG,101.9,0.15,
202106,212941,QUICHE 340G-450G,96.48,0.19,
202106,212942,VEGETABLE CRISPS PACK 80-125G,114.637,0.3,
202106,213003,COFFEE-INSTANT-100G JAR,100.095,1.52,
202106,213005,HOT CHOCOLATE DRINK INSTANT,101.134,0.32,
202106,213006,COFFEE PODS PACK 8-16,99.877,0.36,
202106,213007,COFFEE SACHETS PACK,93.463,0.48,
202107,210102,LARGE LOAF-WHITE-UNSLICED-800G,104.492,0.38,
202107,210106,SIX BREAD ROLLS-WHITE/BROWN,103.699,0.76,
202107,210111,WHITE SLICED LOAF BRANDED 750G,100.262,1.14,
202107,210113,WHOLEMEAL SLICED LOAF BRANDED,99.475,0.95,
202107,210114,CHILLED GARLIC BREAD,100.304,1.14,
202107,210201,FLOUR-SELF-RAISING-1.5KG,87.741,0.38,
202107,210204,DRY SPAGHETTI OR PASTA 500G,102.235,0.19,
202107,210211,CORN SNACK SINGLE PACK MAX 50G,100.238,0.6,
202107,210212,BASMATI RICE 500G-1KG,100.576,0.38,
202107,210213,BREAKFAST CEREAL 1,104.032,1.14,
202107,210214,BREAKFAST CEREAL 2,102.986,1.71,
202107,210215,CEREAL BAR,95.45,0.57,
202107,210216,HOT OAT CEREAL,103.25,0.38,
202107,210217,RICE MICRO POUCH/TRAY 220-280G,100.085,0.19,
202107,210218,"POPCORN, BAG, 10-30G",101.138,0.76,
202107,210219,BREAKFAST CEREAL GLUTEN FREE,104.767,0.19,
202107,210221,COUSCOUS PLAIN/FLAVOURED,96.473,0.19,
202107,210301,CREAM CRACKERS PACK 200G-300G,100.306,0.57,
202107,210302,PLAIN BISCUITS-200-300G,102.968,1.52,
202107,210319,DOUGHNUT-EACH,102.014,0.95,
202107,210320,WHOLE SPONGE CAKE NOT FROZEN,98.203,0.95,
202107,210321,PACK OF 5-6 INDIVIDUAL CAKES,106.172,1.33,
202107,210323,BISCUITS HALF CHOC 260-400G,99.981,0.76,
202107,210324,CRUMPETS PACK 6-9 SPEC NUMBER,95.094,0.95,
202107,210403,HOME KILLED BEEF-LEAN MINCE KG,99.575,0.84,
202107,210406,HOME KLD BEEF-RUMP/POPES STEAK,102.101,1.05,
202107,210414,FROZEN BEEFBURGERS PACK OF 4,97.738,0.42,
202107,210416,BEEF ROASTING JOINT PER KG,104.148,0.42,
202107,210506,HK LAMB LOIN CHOP/STEAK PER KG,101.462,0.63,
202107,210507,HOME KILLED LAMB SHOULDER KG,105.02,1.05,
202107,210703,HOME KILLED PORK-LOIN CHOPS KG,101.287,1.05,
202107,210802,BACON-GAMMON-PER KG,100.374,0.63,
202107,210808,BACON-BACK-PER KG,98.359,1.89,
202107,210905,FRESH/CHILLED CHICKEN  PER KG,102.808,0.84,
202107,210910,FRESH BONELESS CHICKEN BREAST,100.33,1.68,
202107,210913,ROTISSERIE CHICKEN [WHOLE],101.81,0.21,
202107,210914,FRESH TURKEY DICED/MIN PER KG,104.252,0.21,
202107,211007,CANNED MEAT-STEWED STEAK,100.834,0.21,
202107,211011,INDIVIDUAL MEAT PIE,101.594,0.84,
202107,211014,SAUSAGES-PORK-PER KG,100.872,2.1,
202107,211019,FROZ CHICKEN NUGGETS 220-600G,98.752,0.63,
202107,211023,COOKED HAM PREPACKED SLICED,95.79,2.52,
202107,211024,CONTINENTAL SLICED DELI MEAT,98.555,0.84,
202107,211025,JOINT OV/READ GAM/POR 450-900G,94.824,0.21,
202107,211026,CHICKEN KIEV 2 PACK 240-325G,104.816,0.63,
202107,211027,H K LIVER PER KG STATE TYPE,102.115,0.21,
202107,211029,COOKED MEAT TURKEY/CHICK SLICE,101.224,0.42,
202107,211030,MEAT BASED SNACK PACK MAX 400G,101.081,0.63,
202107,211031,COOKED HAM LOOSE PER 100G,88.922,0.84,PARTIAL
202107,211101,FRESH WHITE FISH FILLETS KG,101.284,0.32,
202107,211105,FRESH FISH-SALMON FILLETS-KG,95.708,0.6,
202107,211106,FROZEN PRAWNS PER KG,96.181,0.96,
202107,211207,"CANNED FISH, TUNA, 130G-200G",100.534,1.04,
202107,211210,FROZEN FISH FINGERS 8-12 PK,97.624,0.84,
202107,211211,FROZEN BREAD/BAT FISH 400-550G,99.843,0.24,
202107,211305,SPREADABLE BUTTER,102.272,0.4,
202107,211306,BUTTER 250G SPEC COO,99.663,0.36,
202107,211407,MARGARINE/LOW FAT SPREAD-500G,123.823,0.56,
202107,211408,OLIVE OIL - 500ML - 1 LITRE,103.178,0.6,
202107,211409,"PEANUT BUTTER, JAR, 225-350G",101.394,0.08,
202107,211501,CHEDDAR-HOME PRODUCED PER KG,96.98,1.65,
202107,211506,"CHEESE SPREAD, 125g-200g TUB",100.328,0.55,
202107,211509,HARD REGIONAL CHEESE PER KG,97.937,0.22,
202107,211510,PARMESAN CHEESE-PER KG,100.849,0.33,
202107,211511,SOFT CONTINENTAL CHEESE - KG,95.767,0.33,
202107,211602,EGGS-MEDIUM-PER DOZ OR 2 X 6,101.954,0.44,
202107,211603,EGGS-LARGE-PER DOZ OR 2 X 6,103.014,0.66,
202107,211707,DELVD MILK SEMI-SKIMMED PER PT,99.018,0.11,
202107,211709,SHOP MILK-WHOLE MILK-4PT/2LTR,99.702,0.66,
202107,211710,MILK SEMI-PER 2 PINTS/1.136 L,99.877,2.31,
202107,211713,"MILK FLAVOURED, 180-500MLS/GMS",100.997,0.22,
202107,211714,NON-DAIRY MILK DRINK 900ML-1LT,108.041,0.22,
202107,211807,"YOGHURT/FROMAGE 4-6PK, 45-125G",111.729,1.1,
202107,211808,CHILLED POT DESSERT 125-200G,100.787,0.77,
202107,211814,YOGHURT-SMALL INDIVIDUAL,99.825,0.66,
202107,211815,FRESH DOUBLE CREAM 250ML-300ML,99.263,0.44,
202107,211816,POWDERED BABY FORMULA 400-900G,103.134,0.33,
202107,211901,TEA BAGS PKT OF 80 (230G-250G),97.777,0.84,
202107,211904,TEA BAGS-2-PACKET OF 240,102.358,0.24,
202107,211905,"FLAVRD TEA 15-20 BAGS, 30-40G",101.006,0.24,
202107,212001,"FRUIT SQUASH, 750ML - 1.5LT",94.497,0.99,
202107,212006,FRUIT JUICE NOT ORANGE 1L,98.576,0.54,
202107,212008,LEMONADE-2 LITRE BOTTLE,93.003,0.18,
202107,212010,MINERAL WATER STILL 1.5-2L,94.287,0.36,
202107,212015,FIZZY ENERGY DRINK 250-500ML,101.554,1.17,
202107,212016,FRESH/CHILL ORANGE JUICE 900ML,88.319,0.99,
202107,212017,FIZZY BOTTLED DRINK 500ML,96.985,1.44,
202107,212020,FRUIT DRINK BOTTLE 4-8 PACK,112.954,0.09,
202107,212021,BOTTLE STILL WATER 500ML,100.109,0.18,
202107,212022,MIXER DRINK BOTTLE 1L EG TONIC,101.868,0.63,
202107,212023,COLA/FIZZY DRINK 330ML PK 4-8,104.371,0.36,
202107,212024,FLAVOURED WATER BOTT 900ML-1.5,104.507,0.36,
202107,212025,"COLA DRINK, REG,BOTTLE,1.25-2L",95.61,0.72,
202107,212026,"COLA DRINK, DIET 1.25-2LTR",95.444,0.72,
202107,212027,FRUIT/VEG SMOOTHIE,93.993,0.27,
202107,212101,SUGAR -GRANULATED-WHITE-PER KG,99.253,0.7,
202107,212106,JAR OF JAM-340-454G,100.291,0.84,
202107,212107,HONEY JAR/BOTTLE 340G-454G,100.427,0.28,
202107,212202,MINTS,98.454,0.14,
202107,212211,CHOCOLATE 4,98.602,0.84,
202107,212214,FRUIT PASTILLES 2,101.458,0.56,
202107,212217,CHEWING/BUBBLE GUM-SINGLE PK,103.771,0.14,
202107,212218,CARTON/BOX OF CHOCS 150-400GM,95.718,1.96,
202107,212222,CHOCOLATE 10,97.579,2.24,
202107,212223,BRAND CHOC SWEETS 90-185G BAG,97.658,0.7,
202107,212224,"SWEETS, NOT CHOC, 150-250G BAG",92.96,0.7,
202107,212225,CHOCOLATE LARGE BAR 100-200G,96.848,2.1,
202107,212226,CHOCOLATE 12,101.108,0.56,
202107,212228,MALTED CHOCOLATE SWEETS,90.877,0.14,
202107,212360,POTATOES-OLD WHITE PER KG,95.49,0.6,
202107,212361,POTATOES- BAKING PER KG,102.561,0.15,
202107,212399,POTATOES-NEW-LOOSE-PER KG,97.298,0.15,
202107,212402,POTATO CRISPS 25G-50G,103.117,0.75,
202107,212404,POTATO CRISPS-MULTI-PACK,104.092,1.65,
202107,212405,FROZEN CHIPS 900G-1.5KG,103.31,1.05,
202107,212408,PREMIUM POTATO CRISPS/CHIPS,81.315,0.6,
202107,212409,P'PARED MASHED POTATO 400-650G,91.451,0.3,
202107,212504,FRESH VEG-CAULIFLOWER-EACH,100.715,0.45,
202107,212510,FRESH VEG-CUCUMBER-WHOLE,98.654,0.3,
202107,212511,FRESH VEG-LETTUCE-ICEBERG-EACH,96.736,0.3,
202107,212515,FRESH VEG-TOMATOES-PER KG,98.491,1.05,
202107,212516,FRESH VEG-CABBAGE-WHOLE-PER KG,101.629,0.3,
202107,212518,FRESH VEG-CARROTS-PER KG,101.18,0.45,
202107,212519,FRESH VEG-ONIONS-PER KG,103.598,0.6,
202107,212520,FRESH VEG-MUSHROOMS-PER KG,101.53,0.45,
202107,212527,PRE-PACKED SALAD 100-250G,96.923,0.45,
202107,212530,FRESH VEG-BROCCOLI-PER KG,100.136,0.3,
202107,212531,FRESH VEG-COURGETTE-PER KG,98.665,0.45,
202107,212532,FRESH VEG-PEPPERS -LOOSE OR KG,100.536,0.45,
202107,212533,VEGETABLE STIR FRY FRESH PACK,100.684,0.45,
202107,212535,SWEET POTATO PER KG OR EACH,98.371,0.3,
202107,212601,CANNED TOMATOES 390-400G,116.313,0.3,
202107,212603,"BAKED BEANS, 400-420G TIN",99.716,0.45,
202107,212608,CANNED SWEETCORN 198-340G,103.251,0.45,
202107,212609,FROZEN GARDEN PEAS 800G-1KG,97.649,0.15,
202107,212612,FROZEN PRE-PREPARED VEGTABLES,97.952,0.3,
202107,212709,ORANGES-CLASS 1-EACH,105.749,0.36,
202107,212710,AVOCADO PEAR-EACH,104.149,0.72,
202107,212712,KIWI FRUIT-EACH,104.465,0.24,
202107,212715,GRAPEFRUIT-EACH,103.363,0.36,
202107,212716,APPLES-COOKING-PER KG,102.697,0.24,
202107,212717,APPLES-DESSERT-PER KG,109.79,0.84,PARTIAL
202107,212718,PEARS-DESSERT-PER KG,109.091,0.24,
202107,212719,BANANAS-PER KG,100.457,1.2,
202107,212720,STRAWBERRIES PER KG OR PUNNET,78.533,1.08,
202107,212722,GRAPES-PER KG,100.249,0.84,
202107,212725,SMALL TYPE ORANGES PER PACK/KG,100.534,0.36,
202107,212726,PLUMS PER KG/PACK,96.024,0.72,PARTIAL
202107,212728,PINEAPPLE EACH,99.449,0.24,
202107,212730,FRUIT FRESH SNACKING 150-350G,98.282,0.48,
202107,212731,MELON EACH EG HONEYDEW,82.469,0.24,
202107,212732,LEMON EACH,101.575,0.24,
202107,212733,BLUEBERRIES PUNNET OR PER KG,104.226,0.72,
202107,212734,RASPBERRIES PUNNET OR PER KG,89.632,0.6,PARTIAL
202107,212806,PACKET OF PEANUTS 150-300G,101.643,1.32,
202107,212807,CANNED FRUIT-400-450G,100.574,0.48,
202107,212808,DRIED FRUIT - EG APRICOTS,100.226,0.48,
202107,212905,VEGETABLE PICKLE 280-520G,96.5,0.15,
202107,212910,CANNED SOUP-390-425G,102.259,0.33,
202107,212917,TOMATO KETCHUP BOTTLE 340-570G,104.268,0.45,
202107,212918,FRZN READY-COOKD MEAL SERVES 1,101.113,0.18,
202107,212923,COOK-IN SAUCE-JAR/CAN 350-520G,104.81,0.51,
202107,212928,FROZ VEG BURGER/GRILL 180-454G,104.131,0.75,
202107,212930,MAYONNAISE 390-500G/420-540MLS,99.97,0.42,
202107,212933,ICE CREAM 450ML-1L,94.184,1.12,
202107,212934,DRIED POTTED SNACK 50-120G,103.987,0.38,
202107,212936,CHILLED READY MEAL-MEAT-SERVS1,98.762,0.48,
202107,212937,CHILLED READY MEAL-FISH/VEG,99.963,0.48,
202107,212938,CHOCOLATE COVERED ICE CREAM,110.341,0.98,
202107,212939,CHILLED PIZZA EACH 300-600G,100.185,0.95,
202107,212940,PROTEIN POWDER 900G-2KG,103.459,0.15,
202107,212941,QUICHE 340G-450G,95.433,0.19,
202107,212942,VEGETABLE CRISPS PACK 80-125G,101.334,0.3,
202107,213003,COFFEE-INSTANT-100G JAR,104.647,1.52,
202107,213005,HOT CHOCOLATE DRINK INSTANT,101.035,0.32,
202107,213006,COFFEE PODS PACK 8-16,99.051,0.36,
202107,213007,COFFEE SACHETS PACK,99.127,0.48,
202108,210102,LARGE LOAF-WHITE-UNSLICED-800G,103.904,0.38,
202108,210106,SIX BREAD ROLLS-WHITE/BROWN,104.547,0.76,
202108,210111,WHITE SLICED LOAF BRANDED 750G,100.335,1.14,
202108,210113,WHOLEMEAL SLICED LOAF BRANDED,99.441,0.95,
202108,210114,CHILLED GARLIC BREAD,100.374,1.14,
202108,210201,FLOUR-SELF-RAISING-1.5KG,88.803,0.38,
202108,210204,DRY SPAGHETTI OR PASTA 500G,104.153,0.19,
202108,210211,CORN SNACK SINGLE PACK MAX 50G,99.098,0.6,
202108,210212,BASMATI RICE 500G-1KG,100.752,0.38,
202108,210213,BREAKFAST CEREAL 1,105.945,1.14,
202108,210214,BREAKFAST CEREAL 2,104.017,1.71,
202108,210215,CEREAL BAR,96.462,0.57,
202108,210216,HOT OAT CEREAL,101.97,0.38,
202108,210217,RICE MICRO POUCH/TRAY 220-280G,98.781,0.19,
202108,210218,"POPCORN, BAG, 10-30G",95.624,0.76,
202108,210219,BREAKFAST CEREAL GLUTEN FREE,101.721,0.19,
202108,210221,COUSCOUS PLAIN/FLAVOURED,101.06,0.19,
202108,210301,CREAM CRACKERS PACK 200G-300G,100.839,0.57,
202108,210302,PLAIN BISCUITS-200-300G,103.886,1.52,
202108,210319,DOUGHNUT-EACH,102.429,0.95,
202108,210320,WHOLE SPONGE CAKE NOT FROZEN,103.787,0.95,
202108,210321,PACK OF 5-6 INDIVIDUAL CAKES,111.227,1.33,
202108,210323,BISCUITS HALF CHOC 260-400G,97.163,0.76,
202108,210324,CRUMPETS PACK 6-9 SPEC NUMBER,94.371,0.95,
202108,210403,HOME KILLED BEEF-LEAN MINCE KG,100.913,0.84,
202108,210406,HOME KLD BEEF-RUMP/POPES STEAK,102.905,1.05,
202108,210414,FROZEN BEEFBURGERS PACK OF 4,97.76,0.42,
202108,210416,BEEF ROASTING JOINT PER KG,103.499,0.42,
202108,210506,HK LAMB LOIN CHOP/STEAK PER KG,103.48,0.63,
202108,210507,HOME KILLED LAMB SHOULDER KG,105.083,1.05,
202108,210703,HOME KILLED PORK-LOIN CHOPS KG,99.533,1.05,
202108,210802,BACON-GAMMON-PER KG,101.015,0.63,
202108,210808,BACON-BACK-PER KG,98.536,1.89,
202108,210905,FRESH/CHILLED CHICKEN  PER KG,101.711,0.84,
202108,210910,FRESH BONELESS CHICKEN BREAST,100.35,1.68,
202108,210913,ROTISSERIE CHICKEN [WHOLE],101.865,0.21,
202108,210914,FRESH TURKEY DICED/MIN PER KG,105.183,0.21,
202108,211007,CANNED MEAT-STEWED STEAK,100.936,0.21,
202108,211011,INDIVIDUAL MEAT PIE,102.439,0.84,
202108,211014,SAUSAGES-PORK-PER KG,100.298,2.1,
202108,211019,FROZ CHICKEN NUGGETS 220-600G,99.358,0.63,
202108,211023,COOKED HAM PREPACKED SLICED,98.691,2.52,
202108,211024,CONTINENTAL SLICED DELI MEAT,100.66,0.84,
202108,211025,JOINT OV/READ GAM/POR 450-900G,96.078,0.21,
202108,211026,CHICKEN KIEV 2 PACK 240-325G,101.967,0.63,
202108,211027,H K LIVER PER KG STATE TYPE,101.082,0.21,
202108,211029,COOKED MEAT TURKEY/CHICK SLICE,102.147,0.42,
202108,211030,MEAT BASED SNACK PACK MAX 400G,101.203,0.63,
202108,211031,COOKED HAM LOOSE PER 100G,96.976,0.84,PARTIAL
202108,211101,FRESH WHITE FISH FILLETS KG,101.508,0.32,
202108,211105,FRESH FISH-SALMON FILLETS-KG,93.831,0.6,
202108,211106,FROZEN PRAWNS PER KG,99.744,0.96,
202108,211207,"CANNED FISH, TUNA, 130G-200G",103.879,1.04,
202108,211210,FROZEN FISH FINGERS 8-12 PK,99.101,0.84,
202108,211211,FROZEN BREAD/BAT FISH 400-550G,103.567,0.24,
202108,211305,SPREADABLE BUTTER,100.264,0.4,
202108,211306,BUTTER 250G SPEC COO,100.513,0.36,
202108,211407,MARGARINE/LOW FAT SPREAD-500G,123.838,0.56,
202108,211408,OLIVE OIL - 500ML - 1 LITRE,103.829,0.6,
202108,211409,"PEANUT BUTTER, JAR, 225-350G",101.272,0.08,
202108,211501,CHEDDAR-HOME PRODUCED PER KG,97.664,1.65,
202108,211506,"CHEESE SPREAD, 125g-200g TUB",111.311,0.55,
202108,211509,HARD REGIONAL CHEESE PER KG,98.426,0.22,
202108,211510,PARMESAN CHEESE-PER KG,101.422,0.33,
202108,211511,SOFT CONTINENTAL CHEESE - KG,100.491,0.33,
202108,211602,EGGS-MEDIUM-PER DOZ OR 2 X 6,102.806,0.44,
202108,211603,EGGS-LARGE-PER DOZ OR 2 X 6,103.173,0.66,
202108,211707,DELVD MILK SEMI-SKIMMED PER PT,99.018,0.11,
202108,211709,SHOP MILK-WHOLE MILK-4PT/2LTR,101.742,0.66,
202108,211710,MILK SEMI-PER 2 PINTS/1.136 L,100.819,2.31,
202108,211713,"MILK FLAVOURED, 180-500MLS/GMS",99.114,0.22,
202108,211714,NON-DAIRY MILK DRINK 900ML-1LT,104.41,0.22,
202108,211807,"YOGHURT/FROMAGE 4-6PK, 45-125G",118.111,1.1,
202108,211808,CHILLED POT DESSERT 125-200G,101.138,0.77,
202108,211814,YOGHURT-SMALL INDIVIDUAL,100.769,0.66,
202108,211815,FRESH DOUBLE CREAM 250ML-300ML,100.643,0.44,
202108,211816,POWDERED BABY FORMULA 400-900G,101.818,0.33,
202108,211901,TEA BAGS PKT OF 80 (230G-250G),99.134,0.84,
202108,211904,TEA BAGS-2-PACKET OF 240,105.009,0.24,
202108,211905,"FLAVRD TEA 15-20 BAGS, 30-40G",103.313,0.24,
202108,212001,"FRUIT SQUASH, 750ML - 1.5LT",98.372,0.99,
202108,212006,FRUIT JUICE NOT ORANGE 1L,99.221,0.54,
202108,212008,LEMONADE-2 LITRE BOTTLE,94.474,0.18,
202108,212010,MINERAL WATER STILL 1.5-2L,102.157,0.36,
202108,212015,FIZZY ENERGY DRINK 250-500ML,104.467,1.17,
202108,212016,FRESH/CHILL ORANGE JUICE 900ML,97.377,0.99,
202108,212017,FIZZY BOTTLED DRINK 500ML,97.492,1.44,
202108,212020,FRUIT DRINK BOTTLE 4-8 PACK,115.225,0.09,
202108,212021,BOTTLE STILL WATER 500ML,100.424,0.18,
202108,212022,MIXER DRINK BOTTLE 1L EG TONIC,101.067,0.63,
202108,212023,COLA/FIZZY DRINK 330ML PK 4-8,100.539,0.36,
202108,212024,FLAVOURED WATER BOTT 900ML-1.5,106.252,0.36,
202108,212025,"COLA DRINK, REG,BOTTLE,1.25-2L",96.498,0.72,
202108,212026,"COLA DRINK, DIET 1.25-2LTR",96.692,0.72,
202108,212027,FRUIT/VEG SMOOTHIE,99.771,0.27,
202108,212101,SUGAR -GRANULATED-WHITE-PER KG,99.4,0.7,
202108,212106,JAR OF JAM-340-454G,102.597,0.84,
202108,212107,HONEY JAR/BOTTLE 340G-454G,101.279,0.28,
202108,212202,MINTS,98.78,0.14,
202108,212211,CHOCOLATE 4,100.679,0.84,
202108,212214,FRUIT PASTILLES 2,101.254,0.56,
202108,212217,CHEWING/BUBBLE GUM-SINGLE PK,103.854,0.14,
202108,212218,CARTON/BOX OF CHOCS 150-400GM,105.034,1.96,
202108,212222,CHOCOLATE 10,97.794,2.24,
202108,212223,BRAND CHOC SWEETS 90-185G BAG,98.613,0.7,
202108,212224,"SWEETS, NOT CHOC, 150-250G BAG",94.95,0.7,
202108,212225,CHOCOLATE LARGE BAR 100-200G,95.591,2.1,
202108,212226,CHOCOLATE 12,103.028,0.56,
202108,212228,MALTED CHOCOLATE SWEETS,96.06,0.14,
202108,212360,POTATOES-OLD WHITE PER KG,94.28,0.6,
202108,212361,POTATOES- BAKING PER KG,103.184,0.15,
202108,212399,POTATOES-NEW-LOOSE-PER KG,98.984,0.15,
202108,212402,POTATO CRISPS 25G-50G,103.308,0.75,
202108,212404,POTATO CRISPS-MULTI-PACK,104.059,1.65,
202108,212405,FROZEN CHIPS 900G-1.5KG,104.673,1.05,
202108,212408,PREMIUM POTATO CRISPS/CHIPS,99.732,0.6,
202108,212409,P'PARED MASHED POTATO 400-650G,92.535,0.3,
202108,212504,FRESH VEG-CAULIFLOWER-EACH,98.29,0.45,
202108,212510,FRESH VEG-CUCUMBER-WHOLE,98.618,0.3,
202108,212511,FRESH VEG-LETTUCE-ICEBERG-EACH,96.144,0.3,
202108,212515,FRESH VEG-TOMATOES-PER KG,99.041,1.05,
202108,212516,FRESH VEG-CABBAGE-WHOLE-PER KG,101.94,0.3,
202108,212518,FRESH VEG-CARROTS-PER KG,101.756,0.45,
202108,212519,FRESH VEG-ONIONS-PER KG,101.615,0.6,
202108,212520,FRESH VEG-MUSHROOMS-PER KG,100.809,0.45,
202108,212527,PRE-PACKED SALAD 100-250G,97.828,0.45,
202108,212530,FRESH VEG-BROCCOLI-PER KG,97.243,0.3,PARTIAL
202108,212531,FRESH VEG-COURGETTE-PER KG,89.998,0.45,
202108,212532,FRESH VEG-PEPPERS -LOOSE OR KG,100.627,0.45,
202108,212533,VEGETABLE STIR FRY FRESH PACK,101.564,0.45,
202108,212535,SWEET POTATO PER KG OR EACH,98.605,0.3,
202108,212601,CANNED TOMATOES 390-400G,117.685,0.3,
202108,212603,"BAKED BEANS, 400-420G TIN",99.649,0.45,
202108,212608,CANNED SWEETCORN 198-340G,104.007,0.45,
202108,212609,FROZEN GARDEN PEAS 800G-1KG,98.391,0.15,
202108,212612,FROZEN PRE-PREPARED VEGTABLES,97.611,0.3,
202108,212709,ORANGES-CLASS 1-EACH,105.112,0.36,
202108,212710,AVOCADO PEAR-EACH,103.511,0.72,
202108,212712,KIWI FRUIT-EACH,103.981,0.24,
202108,212715,GRAPEFRUIT-EACH,103.77,0.36,
202108,212716,APPLES-COOKING-PER KG,103.379,0.24,
202108,212717,APPLES-DESSERT-PER KG,111.173,0.84,PARTIAL
202108,212718,PEARS-DESSERT-PER KG,110.337,0.24,
202108,212719,BANANAS-PER KG,100.594,1.2,
202108,212720,STRAWBERRIES PER KG OR PUNNET,77.549,1.08,
202108,212722,GRAPES-PER KG,100.128,0.84,
202108,212725,SMALL TYPE ORANGES PER PACK/KG,101.836,0.36,
202108,212726,PLUMS PER KG/PACK,100.673,0.72,PARTIAL
202108,212728,PINEAPPLE EACH,96.851,0.24,
202108,212730,FRUIT FRESH SNACKING 150-350G,99.952,0.48,
202108,212731,MELON EACH EG HONEYDEW,79.436,0.24,
202108,212732,LEMON EACH,99.156,0.24,
202108,212733,BLUEBERRIES PUNNET OR PER KG,96.153,0.72,PARTIAL
202108,212734,RASPBERRIES PUNNET OR PER KG,86.179,0.6,PARTIAL
202108,212806,PACKET OF PEANUTS 150-300G,104.651,1.32,
202108,212807,CANNED FRUIT-400-450G,100.997,0.48,
202108,212808,DRIED FRUIT - EG APRICOTS,100.942,0.48,
202108,212905,VEGETABLE PICKLE 280-520G,100.864,0.15,
202108,212910,CANNED SOUP-390-425G,102.786,0.33,
202108,212917,TOMATO KETCHUP BOTTLE 340-570G,104.877,0.45,
202108,212918,FRZN READY-COOKD MEAL SERVES 1,100.439,0.18,
202108,212923,COOK-IN SAUCE-JAR/CAN 350-520G,103.949,0.51,
202108,212928,FROZ VEG BURGER/GRILL 180-454G,100.175,0.75,
202108,212930,MAYONNAISE 390-500G/420-540MLS,99.153,0.42,
202108,212933,ICE CREAM 450ML-1L,96.497,1.12,
202108,212934,DRIED POTTED SNACK 50-120G,114.721,0.38,
202108,212936,CHILLED READY MEAL-MEAT-SERVS1,99.063,0.48,
202108,212937,CHILLED READY MEAL-FISH/VEG,101.397,0.48,
202108,212938,CHOCOLATE COVERED ICE CREAM,114.717,0.98,
202108,212939,CHILLED PIZZA EACH 300-600G,96.12,0.95,
202108,212940,PROTEIN POWDER 900G-2KG,104.231,0.15,
202108,212941,QUICHE 340G-450G,99.724,0.19,
202108,212942,VEGETABLE CRISPS PACK 80-125G,114.348,0.3,
202108,213003,COFFEE-INSTANT-100G JAR,104.321,1.52,
202108,213005,HOT CHOCOLATE DRINK INSTANT,100.664,0.32,
202108,213006,COFFEE PODS PACK 8-16,101.414,0.36,
202108,213007,COFFEE SACHETS PACK,99.437,0.48,
202109,210102,LARGE LOAF-WHITE-UNSLICED-800G,105.754,0.38,
202109,210106,SIX BREAD ROLLS-WHITE/BROWN,104.625,0.76,
202109,210111,WHITE SLICED LOAF BRANDED 750G,101.065,1.14,
202109,210113,WHOLEMEAL SLICED LOAF BRANDED,99.272,0.95,
202109,210114,CHILLED GARLIC BREAD,100.49,1.14,
202109,210201,FLOUR-SELF-RAISING-1.5KG,89.067,0.38,
202109,210204,DRY SPAGHETTI OR PASTA 500G,102.754,0.19,
202109,210211,CORN SNACK SINGLE PACK MAX 50G,99.92,0.6,
202109,210212,BASMATI RICE 500G-1KG,100.324,0.38,
202109,210213,BREAKFAST CEREAL 1,103.886,1.14,
202109,210214,BREAKFAST CEREAL 2,102.22,1.71,
202109,210215,CEREAL BAR,88.829,0.57,
202109,210216,HOT OAT CEREAL,101.659,0.38,
202109,210217,RICE MICRO POUCH/TRAY 220-280G,102.119,0.19,
202109,210218,"POPCORN, BAG, 10-30G",98.527,0.76,
202109,210219,BREAKFAST CEREAL GLUTEN FREE,103.107,0.19,
202109,210221,COUSCOUS PLAIN/FLAVOURED,98.026,0.19,
202109,210301,CREAM CRACKERS PACK 200G-300G,100.727,0.57,
202109,210302,PLAIN BISCUITS-200-300G,102.649,1.52,
202109,210319,DOUGHNUT-EACH,103.34,0.95,
202109,210320,WHOLE SPONGE CAKE NOT FROZEN,100.507,0.95,
202109,210321,PACK OF 5-6 INDIVIDUAL CAKES,103.789,1.33,
202109,210323,BISCUITS HALF CHOC 260-400G,100.39,0.76,
202109,210324,CRUMPETS PACK 6-9 SPEC NUMBER,92.773,0.95,
202109,210403,HOME KILLED BEEF-LEAN MINCE KG,101.749,0.84,
202109,210406,HOME KLD BEEF-RUMP/POPES STEAK,103.61,1.05,
202109,210414,FROZEN BEEFBURGERS PACK OF 4,99.19,0.42,
202109,210416,BEEF ROASTING JOINT PER KG,102.637,0.42,
202109,210506,HK LAMB LOIN CHOP/STEAK PER KG,103.23,0.63,
202109,210507,HOME KILLED LAMB SHOULDER KG,104.386,1.05,
202109,210703,HOME KILLED PORK-LOIN CHOPS KG,104.303,1.05,
202109,210802,BACON-GAMMON-PER KG,100.348,0.63,
202109,210808,BACON-BACK-PER KG,98.528,1.89,
202109,210905,FRESH/CHILLED CHICKEN  PER KG,103.588,0.84,
202109,210910,FRESH BONELESS CHICKEN BREAST,100.806,1.68,
202109,210913,ROTISSERIE CHICKEN [WHOLE],101.496,0.21,
202109,210914,FRESH TURKEY DICED/MIN PER KG,105.267,0.21,
202109,211007,CANNED MEAT-STEWED STEAK,100.983,0.21,
202109,211011,INDIVIDUAL MEAT PIE,98.55,0.84,
202109,211014,SAUSAGES-PORK-PER KG,101.112,2.1,
202109,211019,FROZ CHICKEN NUGGETS 220-600G,97.632,0.63,
202109,211023,COOKED HAM PREPACKED SLICED,97.165,2.52,
202109,211024,CONTINENTAL SLICED DELI MEAT,100.314,0.84,
202109,211025,JOINT OV/READ GAM/POR 450-900G,94.987,0.21,
202109,211026,CHICKEN KIEV 2 PACK 240-325G,94.345,0.63,
202109,211027,H K LIVER PER KG STATE TYPE,101.703,0.21,
202109,211029,COOKED MEAT TURKEY/CHICK SLICE,101.938,0.42,
202109,211030,MEAT BASED SNACK PACK MAX 400G,102.039,0.63,
202109,211031,COOKED HAM LOOSE PER 100G,92.456,0.84,
202109,211101,FRESH WHITE FISH FILLETS KG,101.91,0.32,
202109,211105,FRESH FISH-SALMON FILLETS-KG,95.794,0.6,
202109,211106,FROZEN PRAWNS PER KG,98.929,0.96,
202109,211207,"CANNED FISH, TUNA, 130G-200G",100.024,1.04,
202109,211210,FROZEN FISH FINGERS 8-12 PK,100.809,0.84,
202109,211211,FROZEN BREAD/BAT FISH 400-550G,101.29,0.24,
202109,211305,SPREADABLE BUTTER,102.961,0.4,
202109,211306,BUTTER 250G SPEC COO,101.03,0.36,
202109,211407,MARGARINE/LOW FAT SPREAD-500G,124.757,0.56,
202109,211408,OLIVE OIL - 500ML - 1 LITRE,103.031,0.6,
202109,211409,"PEANUT BUTTER, JAR, 225-350G",102.035,0.08,
202109,211501,CHEDDAR-HOME PRODUCED PER KG,97.545,1.65,
202109,211506,"CHEESE SPREAD, 125g-200g TUB",102.583,0.55,
202109,211509,HARD REGIONAL CHEESE PER KG,98.746,0.22,
202109,211510,PARMESAN CHEESE-PER KG,101.614,0.33,
202109,211511,SOFT CONTINENTAL CHEESE - KG,101.738,0.33,
202109,211602,EGGS-MEDIUM-PER DOZ OR 2 X 6,104.189,0.44,
202109,211603,EGGS-LARGE-PER DOZ OR 2 X 6,104.466,0.66,
202109,211707,DELVD MILK SEMI-SKIMMED PER PT,99.12,0.11,
202109,211709,SHOP MILK-WHOLE MILK-4PT/2LTR,101.245,0.66,
202109,211710,MILK SEMI-PER 2 PINTS/1.136 L,100.527,2.31,
202109,211713,"MILK FLAVOURED, 180-500MLS/GMS",98.01,0.22,
202109,211714,NON-DAIRY MILK DRINK 900ML-1LT,107.133,0.22,
202109,211807,"YOGHURT/FROMAGE 4-6PK, 45-125G",113.419,1.1,
202109,211808,CHILLED POT DESSERT 125-200G,100.458,0.77,
202109,211814,YOGHURT-SMALL INDIVIDUAL,101.466,0.66,
202109,211815,FRESH DOUBLE CREAM 250ML-300ML,100.685,0.44,
202109,211816,POWDERED BABY FORMULA 400-900G,102.441,0.33,
202109,211901,TEA BAGS PKT OF 80 (230G-250G),101.287,0.84,
202109,211904,TEA BAGS-2-PACKET OF 240,101.567,0.24,
202109,211905,"FLAVRD TEA 15-20 BAGS, 30-40G",96.831,0.24,
202109,212001,"FRUIT SQUASH, 750ML - 1.5LT",97.445,0.99,
202109,212006,FRUIT JUICE NOT ORANGE 1L,103.085,0.54,
202109,212008,LEMONADE-2 LITRE BOTTLE,94.455,0.18,
202109,212010,MINERAL WATER STILL 1.5-2L,100.849,0.36,
202109,212015,FIZZY ENERGY DRINK 250-500ML,102.549,1.17,
202109,212016,FRESH/CHILL ORANGE JUICE 900ML,94.788,0.99,
202109,212017,FIZZY BOTTLED DRINK 500ML,97.212,1.44,
202109,212020,FRUIT DRINK BOTTLE 4-8 PACK,137.142,0.09,
202109,212021,BOTTLE STILL WATER 500ML,100.617,0.18,
202109,212022,MIXER DRINK BOTTLE 1L EG TONIC,102.572,0.63,
202109,212023,COLA/FIZZY DRINK 330ML PK 4-8,105.78,0.36,
202109,212024,FLAVOURED WATER BOTT 900ML-1.5,110.915,0.36,
202109,212025,"COLA DRINK, REG,BOTTLE,1.25-2L",98.714,0.72,
202109,212026,"COLA DRINK, DIET 1.25-2LTR",95.556,0.72,
202109,212027,FRUIT/VEG SMOOTHIE,101.326,0.27,
202109,212101,SUGAR -GRANULATED-WHITE-PER KG,99.509,0.7,
202109,212106,JAR OF JAM-340-454G,103.33,0.84,
202109,212107,HONEY JAR/BOTTLE 340G-454G,98.478,0.28,
202109,212202,MINTS,98.195,0.14,
202109,212211,CHOCOLATE 4,100.649,0.84,
202109,212214,FRUIT PASTILLES 2,99.551,0.56,
202109,212217,CHEWING/BUBBLE GUM-SINGLE PK,103.947,0.14,
202109,212218,CARTON/BOX OF CHOCS 150-400GM,102.733,1.96,
202109,212222,CHOCOLATE 10,100.884,2.24,
202109,212223,BRAND CHOC SWEETS 90-185G BAG,96.855,0.7,
202109,212224,"SWEETS, NOT CHOC, 150-250G BAG",91.818,0.7,
202109,212225,CHOCOLATE LARGE BAR 100-200G,98.129,2.1,
202109,212226,CHOCOLATE 12,100.94,0.56,
202109,212228,MALTED CHOCOLATE SWEETS,95.46,0.14,
202109,212360,POTATOES-OLD WHITE PER KG,94.283,0.6,
202109,212361,POTATOES- BAKING PER KG,103.748,0.15,
202109,212399,POTATOES-NEW-LOOSE-PER KG,98.581,0.15,
202109,212402,POTATO CRISPS 25G-50G,103.657,0.75,
202109,212404,POTATO CRISPS-MULTI-PACK,101.545,1.65,
202109,212405,FROZEN CHIPS 900G-1.5KG,105.716,1.05,
202109,212408,PREMIUM POTATO CRISPS/CHIPS,98.912,0.6,
202109,212409,P'PARED MASHED POTATO 400-650G,86.815,0.3,
202109,212504,FRESH VEG-CAULIFLOWER-EACH,99.308,0.45,
202109,212510,FRESH VEG-CUCUMBER-WHOLE,98.995,0.3,
202109,212511,FRESH VEG-LETTUCE-ICEBERG-EACH,95.636,0.3,
202109,212515,FRESH VEG-TOMATOES-PER KG,99.828,1.05,
202109,212516,FRESH VEG-CABBAGE-WHOLE-PER KG,101.293,0.3,
202109,212518,FRESH VEG-CARROTS-PER KG,101.691,0.45,
202109,212519,FRESH VEG-ONIONS-PER KG,102.979,0.6,
202109,212520,FRESH VEG-MUSHROOMS-PER KG,103.329,0.45,
202109,212527,PRE-PACKED SALAD 100-250G,98.55,0.45,
202109,212530,FRESH VEG-BROCCOLI-PER KG,97.103,0.3,
202109,212531,FRESH VEG-COURGETTE-PER KG,90.855,0.45,
202109,212532,FRESH VEG-PEPPERS -LOOSE OR KG,101.634,0.45,
202109,212533,VEGETABLE STIR FRY FRESH PACK,101.046,0.45,
202109,212535,SWEET POTATO PER KG OR EACH,98.5,0.3,
202109,212601,CANNED TOMATOES 390-400G,116.494,0.3,
202109,212603,"BAKED BEANS, 400-420G TIN",100.14,0.45,
202109,212608,CANNED SWEETCORN 198-340G,103.64,0.45,
202109,212609,FROZEN GARDEN PEAS 800G-1KG,98.258,0.15,
202109,212612,FROZEN PRE-PREPARED VEGTABLES,98.217,0.3,
202109,212709,ORANGES-CLASS 1-EACH,105.999,0.36,
202109,212710,AVOCADO PEAR-EACH,103.68,0.72,
202109,212712,KIWI FRUIT-EACH,106.351,0.24,
202109,212715,GRAPEFRUIT-EACH,102.118,0.36,
202109,212716,APPLES-COOKING-PER KG,102.618,0.24,
202109,212717,APPLES-DESSERT-PER KG,109.985,0.84,
202109,212718,PEARS-DESSERT-PER KG,108.625,0.24,
202109,212719,BANANAS-PER KG,100.47,1.2,
202109,212720,STRAWBERRIES PER KG OR PUNNET,84.197,1.08,
202109,212722,GRAPES-PER KG,100.911,0.84,
202109,212725,SMALL TYPE ORANGES PER PACK/KG,109.353,0.36,
202109,212726,PLUMS PER KG/PACK,102.879,0.72,
202109,212728,PINEAPPLE EACH,94.069,0.24,
202109,212730,FRUIT FRESH SNACKING 150-350G,99.784,0.48,
202109,212731,MELON EACH EG HONEYDEW,88.097,0.24,
202109,212732,LEMON EACH,99.136,0.24,
202109,212733,BLUEBERRIES PUNNET OR PER KG,105.979,0.72,
202109,212734,RASPBERRIES PUNNET OR PER KG,91.131,0.6,
202109,212806,PACKET OF PEANUTS 150-300G,101.539,1.32,
202109,212807,CANNED FRUIT-400-450G,100.873,0.48,
202109,212808,DRIED FRUIT - EG APRICOTS,101.141,0.48,
202109,212905,VEGETABLE PICKLE 280-520G,100.953,0.15,
202109,212910,CANNED SOUP-390-425G,102.987,0.33,
202109,212917,TOMATO KETCHUP BOTTLE 340-570G,104.402,0.45,
202109,212918,FRZN READY-COOKD MEAL SERVES 1,101.051,0.18,
202109,212923,COOK-IN SAUCE-JAR/CAN 350-520G,104.378,0.51,
202109,212928,FROZ VEG BURGER/GRILL 180-454G,103.937,0.75,
202109,212930,MAYONNAISE 390-500G/420-540MLS,97.578,0.42,
202109,212933,ICE CREAM 450ML-1L,98.2,1.12,
202109,212934,DRIED POTTED SNACK 50-120G,105.011,0.38,
202109,212936,CHILLED READY MEAL-MEAT-SERVS1,99.878,0.48,
202109,212937,CHILLED READY MEAL-FISH/VEG,102.182,0.48,
202109,212938,CHOCOLATE COVERED ICE CREAM,115.04,0.98,
202109,212939,CHILLED PIZZA EACH 300-600G,101.299,0.95,
202109,212940,PROTEIN POWDER 900G-2KG,103.138,0.15,
202109,212941,QUICHE 340G-450G,98.735,0.19,
202109,212942,VEGETABLE CRISPS PACK 80-125G,105.369,0.3,
202109,213003,COFFEE-INSTANT-100G JAR,99.894,1.52,
202109,213005,HOT CHOCOLATE DRINK INSTANT,97.94,0.32,
202109,213006,COFFEE PODS PACK 8-16,98.278,0.36,
202109,213007,COFFEE SACHETS PACK,96.811,0.48,
202110,210102,LARGE LOAF-WHITE-UNSLICED-800G,105.839,0.38,
202110,210106,SIX BREAD ROLLS-WHITE/BROWN,106.799,0.76,
202110,210111,WHITE SLICED LOAF BRANDED 750G,100.311,1.14,
202110,210113,WHOLEMEAL SLICED LOAF BRANDED,99.479,0.95,
202110,210114,CHILLED GARLIC BREAD,100.488,1.14,
202110,210201,FLOUR-SELF-RAISING-1.5KG,89.384,0.38,
202110,210204,DRY SPAGHETTI OR PASTA 500G,107.922,0.19,
202110,210211,CORN SNACK SINGLE PACK MAX 50G,100.27,0.6,
202110,210212,BASMATI RICE 500G-1KG,99.775,0.38,
202110,210213,BREAKFAST CEREAL 1,102.819,1.14,
202110,210214,BREAKFAST CEREAL 2,104.761,1.71,
202110,210215,CEREAL BAR,91.895,0.57,
202110,210216,HOT OAT CEREAL,100.573,0.38,
202110,210217,RICE MICRO POUCH/TRAY 220-280G,101.331,0.19,
202110,210218,"POPCORN, BAG, 10-30G",100.023,0.76,
202110,210219,BREAKFAST CEREAL GLUTEN FREE,103.428,0.19,
202110,210221,COUSCOUS PLAIN/FLAVOURED,99.871,0.19,
202110,210301,CREAM CRACKERS PACK 200G-300G,100.04,0.57,
202110,210302,PLAIN BISCUITS-200-300G,102.682,1.52,
202110,210319,DOUGHNUT-EACH,103.425,0.95,
202110,210320,WHOLE SPONGE CAKE NOT FROZEN,100.331,0.95,
202110,210321,PACK OF 5-6 INDIVIDUAL CAKES,106.307,1.33,
202110,210323,BISCUITS HALF CHOC 260-400G,94.152,0.76,
202110,210324,CRUMPETS PACK 6-9 SPEC NUMBER,98.11,0.95,
202110,210403,HOME KILLED BEEF-LEAN MINCE KG,102.103,0.84,
202110,210406,HOME KLD BEEF-RUMP/POPES STEAK,105.266,1.05,
202110,210414,FROZEN BEEFBURGERS PACK OF 4,100.488,0.42,
202110,210416,BEEF ROASTING JOINT PER KG,103.683,0.42,
202110,210506,HK LAMB LOIN CHOP/STEAK PER KG,105.123,0.63,
202110,210507,HOME KILLED LAMB SHOULDER KG,108.22,1.05,
202110,210703,HOME KILLED PORK-LOIN CHOPS KG,103.514,1.05,
202110,210802,BACON-GAMMON-PER KG,100.686,0.63,
202110,210808,BACON-BACK-PER KG,98.75,1.89,
202110,210905,FRESH/CHILLED CHICKEN  PER KG,103.251,0.84,
202110,210910,FRESH BONELESS CHICKEN BREAST,100.33,1.68,
202110,210913,ROTISSERIE CHICKEN [WHOLE],104.184,0.21,
202110,210914,FRESH TURKEY DICED/MIN PER KG,108.721,0.21,
202110,211007,CANNED MEAT-STEWED STEAK,98.853,0.21,
202110,211011,INDIVIDUAL MEAT PIE,102.843,0.84,
202110,211014,SAUSAGES-PORK-PER KG,102.217,2.1,
202110,211019,FROZ CHICKEN NUGGETS 220-600G,96.609,0.63,
202110,211023,COOKED HAM PREPACKED SLICED,98.407,2.52,
202110,211024,CONTINENTAL SLICED DELI MEAT,97.645,0.84,
202110,211025,JOINT OV/READ GAM/POR 450-900G,96.092,0.21,
202110,211026,CHICKEN KIEV 2 PACK 240-325G,104.296,0.63,
202110,211027,H K LIVER PER KG STATE TYPE,103.486,0.21,
202110,211029,COOKED MEAT TURKEY/CHICK SLICE,101.444,0.42,
202110,211030,MEAT BASED SNACK PACK MAX 400G,101.153,0.63,
202110,211031,COOKED HAM LOOSE PER 100G,90.002,0.84,
202110,211101,FRESH WHITE FISH FILLETS KG,101.361,0.32,
202110,211105,FRESH FISH-SALMON FILLETS-KG,97.231,0.6,
202110,211106,FROZEN PRAWNS PER KG,98.606,0.96,
202110,211207,"CANNED FISH, TUNA, 130G-200G",103.982,1.04,
202110,211210,FROZEN FISH FINGERS 8-12 PK,102.494,0.84,
202110,211211,FROZEN BREAD/BAT FISH 400-550G,101.09,0.24,
202110,211305,SPREADABLE BUTTER,105.67,0.4,
202110,211306,BUTTER 250G SPEC COO,100.516,0.36,
202110,211407,MARGARINE/LOW FAT SPREAD-500G,117.646,0.56,
202110,211408,OLIVE OIL - 500ML - 1 LITRE,105.043,0.6,
202110,211409,"PEANUT BUTTER, JAR, 225-350G",98.405,0.08,
202110,211501,CHEDDAR-HOME PRODUCED PER KG,97.648,1.65,
202110,211506,"CHEESE SPREAD, 125g-200g TUB",105.53,0.55,
202110,211509,HARD REGIONAL CHEESE PER KG,98.954,0.22,
202110,211510,PARMESAN CHEESE-PER KG,102.058,0.33,
202110,211511,SOFT CONTINENTAL CHEESE - KG,100.268,0.33,
202110,211602,EGGS-MEDIUM-PER DOZ OR 2 X 6,104.591,0.44,
202110,211603,EGGS-LARGE-PER DOZ OR 2 X 6,104.937,0.66,
202110,211707,DELVD MILK SEMI-SKIMMED PER PT,99.018,0.11,
202110,211709,SHOP MILK-WHOLE MILK-4PT/2LTR,104.448,0.66,
202110,211710,MILK SEMI-PER 2 PINTS/1.136 L,101.848,2.31,
202110,211713,"MILK FLAVOURED, 180-500MLS/GMS",99.346,0.22,
202110,211714,NON-DAIRY MILK DRINK 900ML-1LT,104.291,0.22,
202110,211807,"YOGHURT/FROMAGE 4-6PK, 45-125G",118.793,1.1,
202110,211808,CHILLED POT DESSERT 125-200G,101.977,0.77,
202110,211814,YOGHURT-SMALL INDIVIDUAL,101.547,0.66,
202110,211815,FRESH DOUBLE CREAM 250ML-300ML,101.363,0.44,
202110,211816,POWDERED BABY FORMULA 400-900G,102.971,0.33,
202110,211901,TEA BAGS PKT OF 80 (230G-250G),102.638,0.84,
202110,211904,TEA BAGS-2-PACKET OF 240,103.486,0.24,
202110,211905,"FLAVRD TEA 15-20 BAGS, 30-40G",98.98,0.24,
202110,212001,"FRUIT SQUASH, 750ML - 1.5LT",97.217,0.99,
202110,212006,FRUIT JUICE NOT ORANGE 1L,105.294,0.54,
202110,212008,LEMONADE-2 LITRE BOTTLE,95.598,0.18,
202110,212010,MINERAL WATER STILL 1.5-2L,108.409,0.36,
202110,212015,FIZZY ENERGY DRINK 250-500ML,101.319,1.17,
202110,212016,FRESH/CHILL ORANGE JUICE 900ML,94.36,0.99,
202110,212017,FIZZY BOTTLED DRINK 500ML,97.079,1.44,
202110,212020,FRUIT DRINK BOTTLE 4-8 PACK,131.775,0.09,
202110,212021,BOTTLE STILL WATER 500ML,100.451,0.18,
202110,212022,MIXER DRINK BOTTLE 1L EG TONIC,102.812,0.63,
202110,212023,COLA/FIZZY DRINK 330ML PK 4-8,103.258,0.36,
202110,212024,FLAVOURED WATER BOTT 900ML-1.5,109.163,0.36,
202110,212025,"COLA DRINK, REG,BOTTLE,1.25-2L",98.586,0.72,
202110,212026,"COLA DRINK, DIET 1.25-2LTR",91.959,0.72,
202110,212027,FRUIT/VEG SMOOTHIE,93.767,0.27,
202110,212101,SUGAR -GRANULATED-WHITE-PER KG,100.157,0.7,
202110,212106,JAR OF JAM-340-454G,109.114,0.84,
202110,212107,HONEY JAR/BOTTLE 340G-454G,98.607,0.28,
202110,212202,MINTS,98.318,0.14,
202110,212211,CHOCOLATE 4,100.323,0.84,
202110,212214,FRUIT PASTILLES 2,101.544,0.56,
202110,212217,CHEWING/BUBBLE GUM-SINGLE PK,104.087,0.14,
202110,212218,CARTON/BOX OF CHOCS 150-400GM,91.316,1.96,
202110,212222,CHOCOLATE 10,101.476,2.24,
202110,212223,BRAND CHOC SWEETS 90-185G BAG,92.647,0.7,
202110,212224,"SWEETS, NOT CHOC, 150-250G BAG",92.677,0.7,
202110,212225,CHOCOLATE LARGE BAR 100-200G,93.768,2.1,
202110,212226,CHOCOLATE 12,102.4,0.56,
202110,212228,MALTED CHOCOLATE SWEETS,96.375,0.14,
202110,212360,POTATOES-OLD WHITE PER KG,94.465,0.6,
202110,212361,POTATOES- BAKING PER KG,104.063,0.15,
202110,212399,POTATOES-NEW-LOOSE-PER KG,100.438,0.15,
202110,212402,POTATO CRISPS 25G-50G,103.828,0.75,
202110,212404,POTATO CRISPS-MULTI-PACK,106.624,1.65,
202110,212405,FROZEN CHIPS 900G-1.5KG,105.438,1.05,
202110,212408,PREMIUM POTATO CRISPS/CHIPS,97.416,0.6,
202110,212409,P'PARED MASHED POTATO 400-650G,86.678,0.3,
202110,212504,FRESH VEG-CAULIFLOWER-EACH,99.055,0.45,
202110,212510,FRESH VEG-CUCUMBER-WHOLE,99.494,0.3,
202110,212511,FRESH VEG-LETTUCE-ICEBERG-EACH,96.715,0.3,
202110,212515,FRESH VEG-TOMATOES-PER KG,101.455,1.05,
202110,212516,FRESH VEG-CABBAGE-WHOLE-PER KG,102.374,0.3,
202110,212518,FRESH VEG-CARROTS-PER KG,102.582,0.45,
202110,212519,FRESH VEG-ONIONS-PER KG,102.969,0.6,
202110,212520,FRESH VEG-MUSHROOMS-PER KG,103.063,0.45,
202110,212527,PRE-PACKED SALAD 100-250G,100.708,0.45,
202110,212530,FRESH VEG-BROCCOLI-PER KG,97.681,0.3,
202110,212531,FRESH VEG-COURGETTE-PER KG,97.834,0.45,
202110,212532,FRESH VEG-PEPPERS -LOOSE OR KG,101.792,0.45,
202110,212533,VEGETABLE STIR FRY FRESH PACK,101.456,0.45,
202110,212535,SWEET POTATO PER KG OR EACH,98.177,0.3,
202110,212601,CANNED TOMATOES 390-400G,116.723,0.3,
202110,212603,"BAKED BEANS, 400-420G TIN",101.501,0.45,
202110,212608,CANNED SWEETCORN 198-340G,103.881,0.45,
202110,212609,FROZEN GARDEN PEAS 800G-1KG,98.882,0.15,
202110,212612,FROZEN PRE-PREPARED VEGTABLES,98.504,0.3,
202110,212709,ORANGES-CLASS 1-EACH,109.047,0.36,
202110,212710,AVOCADO PEAR-EACH,106.596,0.72,
202110,212712,KIWI FRUIT-EACH,115.411,0.24,
202110,212715,GRAPEFRUIT-EACH,102.459,0.36,
202110,212716,APPLES-COOKING-PER KG,103.632,0.24,
202110,212717,APPLES-DESSERT-PER KG,111.194,0.84,
202110,212718,PEARS-DESSERT-PER KG,107.959,0.24,
202110,212719,BANANAS-PER KG,101.508,1.2,
202110,212720,STRAWBERRIES PER KG OR PUNNET,91.955,1.08,
202110,212722,GRAPES-PER KG,96.761,0.84,
202110,212725,SMALL TYPE ORANGES PER PACK/KG,108.467,0.36,
202110,212726,PLUMS PER KG/PACK,103.148,0.72,
202110,212728,PINEAPPLE EACH,98.284,0.24,
202110,212730,FRUIT FRESH SNACKING 150-350G,100.636,0.48,
202110,212731,MELON EACH EG HONEYDEW,90.508,0.24,
202110,212732,LEMON EACH,101.255,0.24,
202110,212733,BLUEBERRIES PUNNET OR PER KG,104.525,0.72,
202110,212734,RASPBERRIES PUNNET OR PER KG,90.887,0.6,
202110,212806,PACKET OF PEANUTS 150-300G,104.055,1.32,
202110,212807,CANNED FRUIT-400-450G,101.133,0.48,
202110,212808,DRIED FRUIT - EG APRICOTS,101.791,0.48,
202110,212905,VEGETABLE PICKLE 280-520G,101.672,0.15,
202110,212910,CANNED SOUP-390-425G,103.02,0.33,
202110,212917,TOMATO KETCHUP BOTTLE 340-570G,103.783,0.45,
202110,212918,FRZN READY-COOKD MEAL SERVES 1,101.294,0.18,
202110,212923,COOK-IN SAUCE-JAR/CAN 350-520G,102.795,0.51,
202110,212928,FROZ VEG BURGER/GRILL 180-454G,104.473,0.75,
202110,212930,MAYONNAISE 390-500G/420-540MLS,96.992,0.42,
202110,212933,ICE CREAM 450ML-1L,95.201,1.12,
202110,212934,DRIED POTTED SNACK 50-120G,107.229,0.38,
202110,212936,CHILLED READY MEAL-MEAT-SERVS1,101.037,0.48,
202110,212937,CHILLED READY MEAL-FISH/VEG,103.339,0.48,
202110,212938,CHOCOLATE COVERED ICE CREAM,112.936,0.98,
202110,212939,CHILLED PIZZA EACH 300-600G,98.173,0.95,
202110,212940,PROTEIN POWDER 900G-2KG,103.63,0.15,
202110,212941,QUICHE 340G-450G,98.377,0.19,
202110,212942,VEGETABLE CRISPS PACK 80-125G,108.332,0.3,
202110,213003,COFFEE-INSTANT-100G JAR,108.002,1.52,
202110,213005,HOT CHOCOLATE DRINK INSTANT,98.743,0.32,
202110,213006,COFFEE PODS PACK 8-16,97.375,0.36,
202110,213007,COFFEE SACHETS PACK,92.872,0.48,
202111,210102,LARGE LOAF-WHITE-UNSLICED-800G,106.172,0.38,
202111,210106,SIX BREAD ROLLS-WHITE/BROWN,104.594,0.76,
202111,210111,WHITE SLICED LOAF BRANDED 750G,100.436,1.14,
202111,210113,WHOLEMEAL SLICED LOAF BRANDED,100.348,0.95,
202111,210114,CHILLED GARLIC BREAD,98.547,1.14,
202111,210201,FLOUR-SELF-RAISING-1.5KG,89.666,0.38,
202111,210204,DRY SPAGHETTI OR PASTA 500G,113.342,0.19,
202111,210211,CORN SNACK SINGLE PACK MAX 50G,101.747,0.6,
202111,210212,BASMATI RICE 500G-1KG,101.445,0.38,
202111,210213,BREAKFAST CEREAL 1,107.799,1.14,
202111,210214,BREAKFAST CEREAL 2,104.761,1.71,
202111,210215,CEREAL BAR,95.527,0.57,
202111,210216,HOT OAT CEREAL,102.836,0.38,
202111,210217,RICE MICRO POUCH/TRAY 220-280G,100.189,0.19,
202111,210218,"POPCORN, BAG, 10-30G",94.555,0.76,
202111,210219,BREAKFAST CEREAL GLUTEN FREE,107.422,0.19,
202111,210221,COUSCOUS PLAIN/FLAVOURED,101.161,0.19,
202111,210301,CREAM CRACKERS PACK 200G-300G,100.615,0.57,
202111,210302,PLAIN BISCUITS-200-300G,103.236,1.52,
202111,210319,DOUGHNUT-EACH,103.652,0.95,
202111,210320,WHOLE SPONGE CAKE NOT FROZEN,99.291,0.95,
202111,210321,PACK OF 5-6 INDIVIDUAL CAKES,108.025,1.33,
202111,210323,BISCUITS HALF CHOC 260-400G,99.201,0.76,
202111,210324,CRUMPETS PACK 6-9 SPEC NUMBER,99.365,0.95,
202111,210403,HOME KILLED BEEF-LEAN MINCE KG,105.145,0.84,
202111,210406,HOME KLD BEEF-RUMP/POPES STEAK,105.534,1.05,
202111,210414,FROZEN BEEFBURGERS PACK OF 4,97.614,0.42,
202111,210416,BEEF ROASTING JOINT PER KG,110.194,0.42,
202111,210506,HK LAMB LOIN CHOP/STEAK PER KG,104.12,0.63,
202111,210507,HOME KILLED LAMB SHOULDER KG,103.885,1.05,
202111,210703,HOME KILLED PORK-LOIN CHOPS KG,104.257,1.05,
202111,210802,BACON-GAMMON-PER KG,101.633,0.63,
202111,210808,BACON-BACK-PER KG,98.502,1.89,
202111,210905,FRESH/CHILLED CHICKEN  PER KG,104.259,0.84,
202111,210910,FRESH BONELESS CHICKEN BREAST,101.027,1.68,
202111,210913,ROTISSERIE CHICKEN [WHOLE],103.756,0.21,
202111,210914,FRESH TURKEY DICED/MIN PER KG,111.415,0.21,
202111,211007,CANNED MEAT-STEWED STEAK,98.734,0.21,
202111,211011,INDIVIDUAL MEAT PIE,101.155,0.84,
202111,211014,SAUSAGES-PORK-PER KG,101.709,2.1,
202111,211019,FROZ CHICKEN NUGGETS 220-600G,98.712,0.63,
202111,211023,COOKED HAM PREPACKED SLICED,97.79,2.52,
202111,211024,CONTINENTAL SLICED DELI MEAT,99.757,0.84,
202111,211025,JOINT OV/READ GAM/POR 450-900G,95.968,0.21,
202111,211026,CHICKEN KIEV 2 PACK 240-325G,104.538,0.63,
202111,211027,H K LIVER PER KG STATE TYPE,107.835,0.21,
202111,211029,COOKED MEAT TURKEY/CHICK SLICE,103.759,0.42,
202111,211030,MEAT BASED SNACK PACK MAX 400G,101.087,0.63,
202111,211031,COOKED HAM LOOSE PER 100G,94.46,0.84,
202111,211101,FRESH WHITE FISH FILLETS KG,101.751,0.32,
202111,211105,FRESH FISH-SALMON FILLETS-KG,96.886,0.6,
202111,211106,FROZEN PRAWNS PER KG,100.014,0.96,
202111,211207,"CANNED FISH, TUNA, 130G-200G",103.101,1.04,
202111,211210,FROZEN FISH FINGERS 8-12 PK,100.574,0.84,
202111,211211,FROZEN BREAD/BAT FISH 400-550G,102.811,0.24,
202111,211305,SPREADABLE BUTTER,106.486,0.4,
202111,211306,BUTTER 250G SPEC COO,101.621,0.36,
202111,211407,MARGARINE/LOW FAT SPREAD-500G,125.327,0.56,
202111,211408,OLIVE OIL - 500ML - 1 LITRE,105.809,0.6,
202111,211409,"PEANUT BUTTER, JAR, 225-350G",106.39,0.08,
202111,211501,CHEDDAR-HOME PRODUCED PER KG,97.623,1.65,
202111,211506,"CHEESE SPREAD, 125g-200g TUB",110.822,0.55,
202111,211509,HARD REGIONAL CHEESE PER KG,98.89,0.22,
202111,211510,PARMESAN CHEESE-PER KG,101.993,0.33,
202111,211511,SOFT CONTINENTAL CHEESE - KG,97.769,0.33,
202111,211602,EGGS-MEDIUM-PER DOZ OR 2 X 6,105.222,0.44,
202111,211603,EGGS-LARGE-PER DOZ OR 2 X 6,106.763,0.66,
202111,211707,DELVD MILK SEMI-SKIMMED PER PT,99.018,0.11,
202111,211709,SHOP MILK-WHOLE MILK-4PT/2LTR,105.382,0.66,
202111,211710,MILK SEMI-PER 2 PINTS/1.136 L,105.313,2.31,
202111,211713,"MILK FLAVOURED, 180-500MLS/GMS",99.856,0.22,
202111,211714,NON-DAIRY MILK DRINK 900ML-1LT,105.776,0.22,
202111,211807,"YOGHURT/FROMAGE 4-6PK, 45-125G",120.069,1.1,
202111,211808,CHILLED POT DESSERT 125-200G,101.91,0.77,
202111,211814,YOGHURT-SMALL INDIVIDUAL,101.639,0.66,
202111,211815,FRESH DOUBLE CREAM 250ML-300ML,100.948,0.44,
202111,211816,POWDERED BABY FORMULA 400-900G,101.171,0.33,
202111,211901,TEA BAGS PKT OF 80 (230G-250G),102.101,0.84,
202111,211904,TEA BAGS-2-PACKET OF 240,103.504,0.24,
202111,211905,"FLAVRD TEA 15-20 BAGS, 30-40G",101.072,0.24,
202111,212001,"FRUIT SQUASH, 750ML - 1.5LT",94.838,0.99,
202111,212006,FRUIT JUICE NOT ORANGE 1L,105.232,0.54,
202111,212008,LEMONADE-2 LITRE BOTTLE,94.54,0.18,
202111,212010,MINERAL WATER STILL 1.5-2L,110.01,0.36,
202111,212015,FIZZY ENERGY DRINK 250-500ML,100.75,1.17,
202111,212016,FRESH/CHILL ORANGE JUICE 900ML,94.231,0.99,
202111,212017,FIZZY BOTTLED DRINK 500ML,97.768,1.44,
202111,212020,FRUIT DRINK BOTTLE 4-8 PACK,135.076,0.09,
202111,212021,BOTTLE STILL WATER 500ML,100.904,0.18,
202111,212022,MIXER DRINK BOTTLE 1L EG TONIC,104.296,0.63,
202111,212023,COLA/FIZZY DRINK 330ML PK 4-8,103.77,0.36,
202111,212024,FLAVOURED WATER BOTT 900ML-1.5,109.69,0.36,
202111,212025,"COLA DRINK, REG,BOTTLE,1.25-2L",97.985,0.72,
202111,212026,"COLA DRINK, DIET 1.25-2LTR",94.501,0.72,
202111,212027,FRUIT/VEG SMOOTHIE,102.26,0.27,
202111,212101,SUGAR -GRANULATED-WHITE-PER KG,100.331,0.7,
202111,212106,JAR OF JAM-340-454G,113.113,0.84,
202111,212107,HONEY JAR/BOTTLE 340G-454G,97.766,0.28,
202111,212202,MINTS,98.099,0.14,
202111,212211,CHOCOLATE 4,98.979,0.84,
202111,212214,FRUIT PASTILLES 2,101.607,0.56,
202111,212217,CHEWING/BUBBLE GUM-SINGLE PK,105.5,0.14,
202111,212218,CARTON/BOX OF CHOCS 150-400GM,96.485,1.96,
202111,212222,CHOCOLATE 10,101.143,2.24,
202111,212223,BRAND CHOC SWEETS 90-185G BAG,97.214,0.7,
202111,212224,"SWEETS, NOT CHOC, 150-250G BAG",96.426,0.7,
202111,212225,CHOCOLATE LARGE BAR 100-200G,96.413,2.1,
202111,212226,CHOCOLATE 12,100.04,0.56,
202111,212228,MALTED CHOCOLATE SWEETS,91.07,0.14,
202111,212360,POTATOES-OLD WHITE PER KG,94.239,0.6,
202111,212361,POTATOES- BAKING PER KG,100.595,0.15,
202111,212399,POTATOES-NEW-LOOSE-PER KG,100.174,0.15,
202111,212402,POTATO CRISPS 25G-50G,103.283,0.75,
202111,212404,POTATO CRISPS-MULTI-PACK,107.256,1.65,
202111,212405,FROZEN CHIPS 900G-1.5KG,108.023,1.05,
202111,212408,PREMIUM POTATO CRISPS/CHIPS,93.391,0.6,
202111,212409,P'PARED MASHED POTATO 400-650G,86.804,0.3,
202111,212504,FRESH VEG-CAULIFLOWER-EACH,98.682,0.45,
202111,212510,FRESH VEG-CUCUMBER-WHOLE,99.808,0.3,
202111,212511,FRESH VEG-LETTUCE-ICEBERG-EACH,97.206,0.3,
202111,212515,FRESH VEG-TOMATOES-PER KG,102.613,1.05,
202111,212516,FRESH VEG-CABBAGE-WHOLE-PER KG,107.181,0.3,
202111,212518,FRESH VEG-CARROTS-PER KG,100.009,0.45,
202111,212519,FRESH VEG-ONIONS-PER KG,101.133,0.6,
202111,212520,FRESH VEG-MUSHROOMS-PER KG,105.425,0.45,
202111,212527,PRE-PACKED SALAD 100-250G,100.541,0.45,
202111,212530,FRESH VEG-BROCCOLI-PER KG,99.121,0.3,
202111,212531,FRESH VEG-COURGETTE-PER KG,93.523,0.45,
202111,212532,FRESH VEG-PEPPERS -LOOSE OR KG,100.684,0.45,
202111,212533,VEGETABLE STIR FRY FRESH PACK,103.246,0.45,
202111,212535,SWEET POTATO PER KG OR EACH,98.591,0.3,
202111,212601,CANNED TOMATOES 390-400G,117.502,0.3,
202111,212603,"BAKED BEANS, 400-425G TIN",102.687,0.45,
202111,212608,CANNED SWEETCORN 198-340G,102.934,0.45,
202111,212609,FROZEN GARDEN PEAS 800G-1KG,98.769,0.15,
202111,212612,FROZEN PRE-PREPARED VEGTABLES,99.828,0.3,
202111,212709,ORANGES-CLASS 1-EACH,110.167,0.36,
202111,212710,AVOCADO PEAR-EACH,108.309,0.72,
202111,212712,KIWI FRUIT-EACH,116.252,0.24,
202111,212715,GRAPEFRUIT-EACH,102.81,0.36,
202111,212716,APPLES-COOKING-PER KG,103.433,0.24,
202111,212717,APPLES-DESSERT-PER KG,110.254,0.84,
202111,212718,PEARS-DESSERT-PER KG,110.146,0.24,
202111,212719,BANANAS-PER KG,101.603,1.2,
202111,212720,STRAWBERRIES PER KG OR PUNNET,122.091,1.08,
202111,212722,GRAPES-PER KG,100.894,0.84,
202111,212725,SMALL TYPE ORANGES PER PACK/KG,105.888,0.36,
202111,212726,PLUMS PER KG/PACK,99.96,0.72,
202111,212728,PINEAPPLE EACH,96.176,0.24,
202111,212730,FRUIT FRESH SNACKING 150-350G,101.179,0.48,
202111,212731,MELON EACH EG HONEYDEW,88.239,0.24,
202111,212732,LEMON EACH,101.244,0.24,
202111,212733,BLUEBERRIES PUNNET OR PER KG,109.582,0.72,
202111,212734,RASPBERRIES PUNNET OR PER KG,92.642,0.6,
202111,212806,PACKET OF PEANUTS 150-300G,104.076,1.32,
202111,212807,CANNED FRUIT-400-450G,101.358,0.48,
202111,212808,DRIED FRUIT - EG APRICOTS,101.339,0.48,
202111,212905,VEGETABLE PICKLE 280-520G,101.514,0.15,
202111,212910,CANNED SOUP-390-425G,103.689,0.33,
202111,212917,TOMATO KETCHUP BOTTLE 340-570G,107.364,0.45,
202111,212918,FRZN READY-COOKD MEAL SERVES 1,101.694,0.18,
202111,212923,COOK-IN SAUCE-JAR/CAN 350-520G,109.123,0.51,
202111,212928,FROZ VEG BURGER/GRILL 180-454G,102.177,0.75,
202111,212930,MAYONNAISE 390-500G/420-540MLS,103.262,0.42,
202111,212933,ICE CREAM 450ML-1L,96.651,1.12,
202111,212934,DRIED POTTED SNACK 50-120G,104.01,0.38,
202111,212936,CHILLED READY MEAL-MEAT-SERVS1,102.019,0.48,
202111,212937,CHILLED READY MEAL-FISH/VEG,104.55,0.48,
202111,212938,CHOCOLATE COVERED ICE CREAM,115.906,0.98,
202111,212939,CHILLED PIZZA EACH 300-600G,98.388,0.95,
202111,212940,PROTEIN POWDER 900G-2KG,106.728,0.15,
202111,212941,QUICHE 340G-450G,99.921,0.19,
202111,212942,VEGETABLE CRISPS PACK 80-125G,103.872,0.3,
202111,213003,COFFEE-INSTANT-100G JAR,105.412,1.52,
202111,213005,HOT CHOCOLATE DRINK INSTANT,100.007,0.32,
202111,213006,COFFEE PODS PACK 8-16,101.626,0.36,
202111,213007,COFFEE SACHETS PACK,98.111,0.48,
202112,210102,LARGE LOAF-WHITE-UNSLICED-800G,106.825,0.38,
202112,210106,SIX BREAD ROLLS-WHITE/BROWN,105.815,0.76,
202112,210111,WHITE SLICED LOAF BRANDED 750G,101.751,1.14,
202112,210113,WHOLEMEAL SLICED LOAF BRANDED,100.684,0.95,
202112,210114,CHILLED GARLIC BREAD,102.417,1.14,
202112,210201,FLOUR-SELF-RAISING-1.5KG,89.427,0.38,
202112,210204,DRY SPAGHETTI OR PASTA 500G,122.496,0.19,
202112,210211,CORN SNACK SINGLE PACK MAX 50G,101.674,0.6,
202112,210212,BASMATI RICE 500G-1KG,102.199,0.38,
202112,210213,BREAKFAST CEREAL 1,106.587,1.14,
202112,210214,BREAKFAST CEREAL 2,103.217,1.71,
202112,210215,CEREAL BAR,104.693,0.57,
202112,210216,HOT OAT CEREAL,106.032,0.38,
202112,210217,RICE MICRO POUCH/TRAY 220-280G,101.546,0.19,
202112,210218,"POPCORN, BAG, 10-30G",97.829,0.76,
202112,210219,BREAKFAST CEREAL GLUTEN FREE,107.961,0.19,
202112,210221,COUSCOUS PLAIN/FLAVOURED,104.771,0.19,
202112,210301,CREAM CRACKERS PACK 200G-300G,101.181,0.57,
202112,210302,PLAIN BISCUITS-200-300G,104.135,1.52,
202112,210319,DOUGHNUT-EACH,103.57,0.95,
202112,210320,WHOLE SPONGE CAKE NOT FROZEN,107.602,0.95,
202112,210321,PACK OF 5-6 INDIVIDUAL CAKES,116.915,1.33,
202112,210323,BISCUITS HALF CHOC 260-400G,103.276,0.76,
202112,210324,CRUMPETS PACK 6-9 SPEC NUMBER,100.036,0.95,
202112,210403,HOME KILLED BEEF-LEAN MINCE KG,106.151,0.84,
202112,210406,HOME KLD BEEF-RUMP/POPES STEAK,105.874,1.05,
202112,210414,FROZEN BEEFBURGERS PACK OF 4,101.361,0.42,
202112,210416,BEEF ROASTING JOINT PER KG,105.577,0.42,
202112,210506,HK LAMB LOIN CHOP/STEAK PER KG,109.082,0.63,
202112,210507,HOME KILLED LAMB SHOULDER KG,111.039,1.05,
202112,210703,HOME KILLED PORK-LOIN CHOPS KG,103.7,1.05,
202112,210802,BACON-GAMMON-PER KG,101.803,0.63,
202112,210808,BACON-BACK-PER KG,98.671,1.89,
202112,210905,FRESH/CHILLED CHICKEN  PER KG,104.116,0.84,
202112,210910,FRESH BONELESS CHICKEN BREAST,103.315,1.68,
202112,210913,ROTISSERIE CHICKEN [WHOLE],103.675,0.21,
202112,210914,FRESH TURKEY DICED/MIN PER KG,110.876,0.21,
202112,211007,CANNED MEAT-STEWED STEAK,98.723,0.21,
202112,211011,INDIVIDUAL MEAT PIE,103.793,0.84,
202112,211014,SAUSAGES-PORK-PER KG,104.429,2.1,
202112,211019,FROZ CHICKEN NUGGETS 220-600G,100.034,0.63,
202112,211023,COOKED HAM PREPACKED SLICED,103.228,2.52,
202112,211024,CONTINENTAL SLICED DELI MEAT,98.661,0.84,
202112,211025,JOINT OV/READ GAM/POR 450-900G,100.391,0.21,
202112,211026,CHICKEN KIEV 2 PACK 240-325G,108.414,0.63,
202112,211027,H K LIVER PER KG STATE TYPE,105.695,0.21,
202112,211029,COOKED MEAT TURKEY/CHICK SLICE,105.141,0.42,
202112,211030,MEAT BASED SNACK PACK MAX 400G,106.301,0.63,
202112,211031,COOKED HAM LOOSE PER 100G,94.919,0.84,
202112,211101,FRESH WHITE FISH FILLETS KG,102.614,0.32,
202112,211105,FRESH FISH-SALMON FILLETS-KG,99.989,0.6,
202112,211106,FROZEN PRAWNS PER KG,96.972,0.96,
202112,211207,"CANNED FISH, TUNA, 130G-200G",104.205,1.04,
202112,211210,FROZEN FISH FINGERS 8-12 PK,100.543,0.84,
202112,211211,FROZEN BREAD/BAT FISH 400-550G,100.279,0.24,
202112,211305,SPREADABLE BUTTER,108.746,0.4,
202112,211306,BUTTER 250G SPEC COO,102.205,0.36,
202112,211407,MARGARINE/LOW FAT SPREAD-500G,136.023,0.56,
202112,211408,OLIVE OIL - 500ML - 1 LITRE,102.796,0.6,
202112,211409,"PEANUT BUTTER, JAR, 225-350G",106.396,0.08,
202112,211501,CHEDDAR-HOME PRODUCED PER KG,97.605,1.65,
202112,211506,"CHEESE SPREAD, 125g-200g TUB",107.69,0.55,
202112,211509,HARD REGIONAL CHEESE PER KG,99.074,0.22,
202112,211510,PARMESAN CHEESE-PER KG,102.403,0.33,
202112,211511,SOFT CONTINENTAL CHEESE - KG,102.548,0.33,
202112,211602,EGGS-MEDIUM-PER DOZ OR 2 X 6,106.083,0.44,
202112,211603,EGGS-LARGE-PER DOZ OR 2 X 6,107.721,0.66,
202112,211707,DELVD MILK SEMI-SKIMMED PER PT,99.706,0.11,
202112,211709,SHOP MILK-WHOLE MILK-4PT/2LTR,106.206,0.66,
202112,211710,MILK SEMI-PER 2 PINTS/1.136 L,108.325,2.31,
202112,211713,"MILK FLAVOURED, 180-500MLS/GMS",105.372,0.22,
202112,211714,NON-DAIRY MILK DRINK 900ML-1LT,113.899,0.22,
202112,211807,"YOGHURT/FROMAGE 4-6PK, 45-125G",124.44,1.1,
202112,211808,CHILLED POT DESSERT 125-200G,101.482,0.77,
202112,211814,YOGHURT-SMALL INDIVIDUAL,101.237,0.66,
202112,211815,FRESH DOUBLE CREAM 250ML-300ML,103.228,0.44,
202112,211816,POWDERED BABY FORMULA 400-900G,101.825,0.33,
202112,211901,TEA BAGS PKT OF 80 (230G-250G),104.032,0.84,
202112,211904,TEA BAGS-2-PACKET OF 240,103.451,0.24,
202112,211905,"FLAVRD TEA 15-20 BAGS, 30-40G",102.313,0.24,
202112,212001,"FRUIT SQUASH, 750ML - 1.5LT",103.762,0.99,
202112,212006,FRUIT JUICE NOT ORANGE 1L,106.477,0.54,
202112,212008,LEMONADE-2 LITRE BOTTLE,96.511,0.18,
202112,212010,MINERAL WATER STILL 1.5-2L,104.316,0.36,
202112,212015,FIZZY ENERGY DRINK 250-500ML,102.027,1.17,
202112,212016,FRESH/CHILL ORANGE JUICE 900ML,91.997,0.99,
202112,212017,FIZZY BOTTLED DRINK 500ML,97.83,1.44,
202112,212020,FRUIT DRINK BOTTLE 4-8 PACK,147.953,0.09,
202112,212021,BOTTLE STILL WATER 500ML,98.861,0.18,
202112,212022,MIXER DRINK BOTTLE 1L EG TONIC,98.827,0.63,
202112,212023,COLA/FIZZY DRINK 330ML PK 4-8,100.893,0.36,
202112,212024,FLAVOURED WATER BOTT 900ML-1.5,111.714,0.36,
202112,212025,"COLA DRINK, REG,BOTTLE,1.25-2L",97.491,0.72,
202112,212026,"COLA DRINK, DIET 1.25-2LTR",94.84,0.72,
202112,212027,FRUIT/VEG SMOOTHIE,98.914,0.27,
202112,212101,SUGAR -GRANULATED-WHITE-PER KG,101.244,0.7,
202112,212106,JAR OF JAM-340-454G,113.64,0.84,
202112,212107,HONEY JAR/BOTTLE 340G-454G,98.21,0.28,
202112,212202,MINTS,98.062,0.14,
202112,212211,CHOCOLATE 4,101.099,0.84,
202112,212214,FRUIT PASTILLES 2,100.416,0.56,
202112,212217,CHEWING/BUBBLE GUM-SINGLE PK,106.508,0.14,
202112,212218,CARTON/BOX OF CHOCS 150-400GM,86.666,1.96,
202112,212222,CHOCOLATE 10,100.51,2.24,
202112,212223,BRAND CHOC SWEETS 90-185G BAG,97.785,0.7,
202112,212224,"SWEETS, NOT CHOC, 150-250G BAG",98.043,0.7,
202112,212225,CHOCOLATE LARGE BAR 100-200G,97.078,2.1,
202112,212226,CHOCOLATE 12,100.358,0.56,
202112,212228,MALTED CHOCOLATE SWEETS,95.939,0.14,
202112,212360,POTATOES-OLD WHITE PER KG,93.967,0.6,
202112,212361,POTATOES- BAKING PER KG,103.975,0.15,
202112,212399,POTATOES-NEW-LOOSE-PER KG,101.664,0.15,
202112,212402,POTATO CRISPS 25G-50G,104.085,0.75,
202112,212404,POTATO CRISPS-MULTI-PACK,108.098,1.65,
202112,212405,FROZEN CHIPS 900G-1.5KG,112.681,1.05,
202112,212408,PREMIUM POTATO CRISPS/CHIPS,99.397,0.6,
202112,212409,P'PARED MASHED POTATO 400-650G,91.298,0.3,
202112,212504,FRESH VEG-CAULIFLOWER-EACH,98.035,0.45,
202112,212510,FRESH VEG-CUCUMBER-WHOLE,100.743,0.3,
202112,212511,FRESH VEG-LETTUCE-ICEBERG-EACH,97.355,0.3,
202112,212515,FRESH VEG-TOMATOES-PER KG,102.573,1.05,
202112,212516,FRESH VEG-CABBAGE-WHOLE-PER KG,109.343,0.3,
202112,212518,FRESH VEG-CARROTS-PER KG,101.382,0.45,
202112,212519,FRESH VEG-ONIONS-PER KG,106.3,0.6,
202112,212520,FRESH VEG-MUSHROOMS-PER KG,104.932,0.45,
202112,212527,PRE-PACKED SALAD 100-250G,98.823,0.45,
202112,212530,FRESH VEG-BROCCOLI-PER KG,100.107,0.3,
202112,212531,FRESH VEG-COURGETTE-PER KG,98.957,0.45,
202112,212532,FRESH VEG-PEPPERS -LOOSE OR KG,102.683,0.45,
202112,212533,VEGETABLE STIR FRY FRESH PACK,101.753,0.45,
202112,212535,SWEET POTATO PER KG OR EACH,97.776,0.3,
202112,212601,CANNED TOMATOES 390-400G,120.095,0.3,
202112,212603,"BAKED BEANS, 400-425G TIN",113.238,0.45,
202112,212608,CANNED SWEETCORN 198-340G,104.729,0.45,
202112,212609,FROZEN GARDEN PEAS 800G-1KG,100.555,0.15,
202112,212612,FROZEN PRE-PREPARED VEGTABLES,103.876,0.3,
202112,212709,ORANGES-CLASS 1-EACH,109.191,0.36,
202112,212710,AVOCADO PEAR-EACH,108.963,0.72,
202112,212712,KIWI FRUIT-EACH,115.505,0.24,
202112,212715,GRAPEFRUIT-EACH,106.076,0.36,
202112,212716,APPLES-COOKING-PER KG,104.207,0.24,
202112,212717,APPLES-DESSERT-PER KG,110.398,0.84,
202112,212718,PEARS-DESSERT-PER KG,109.88,0.24,
202112,212719,BANANAS-PER KG,101.829,1.2,
202112,212720,STRAWBERRIES PER KG OR PUNNET,129.598,1.08,
202112,212722,GRAPES-PER KG,105.102,0.84,
202112,212725,SMALL TYPE ORANGES PER PACK/KG,101.872,0.36,
202112,212726,PLUMS PER KG/PACK,103.206,0.72,
202112,212728,PINEAPPLE EACH,97.042,0.24,
202112,212730,FRUIT FRESH SNACKING 150-350G,101.293,0.48,
202112,212731,MELON EACH EG HONEYDEW,90.603,0.24,
202112,212732,LEMON EACH,100.034,0.24,
202112,212733,BLUEBERRIES PUNNET OR PER KG,109.122,0.72,
202112,212734,RASPBERRIES PUNNET OR PER KG,92.169,0.6,
202112,212806,PACKET OF PEANUTS 150-300G,102.14,1.32,
202112,212807,CANNED FRUIT-400-450G,102.385,0.48,
202112,212808,DRIED FRUIT - EG APRICOTS,102.313,0.48,
202112,212905,VEGETABLE PICKLE 280-520G,99.773,0.15,
202112,212910,CANNED SOUP-390-425G,103.976,0.33,
202112,212917,TOMATO KETCHUP BOTTLE 340-570G,121.418,0.45,
202112,212918,FRZN READY-COOKD MEAL SERVES 1,100.825,0.18,
202112,212923,COOK-IN SAUCE-JAR/CAN 350-520G,111.594,0.51,
202112,212928,FROZ VEG BURGER/GRILL 180-454G,109.129,0.75,
202112,212930,MAYONNAISE 390-500G/420-540MLS,102.414,0.42,
202112,212933,ICE CREAM 450ML-1L,91.766,1.12,
202112,212934,DRIED POTTED SNACK 50-120G,113.469,0.38,
202112,212936,CHILLED READY MEAL-MEAT-SERVS1,102.71,0.48,
202112,212937,CHILLED READY MEAL-FISH/VEG,105.36,0.48,
202112,212938,CHOCOLATE COVERED ICE CREAM,116.916,0.98,
202112,212939,CHILLED PIZZA EACH 300-600G,99.933,0.95,
202112,212940,PROTEIN POWDER 900G-2KG,109.878,0.15,
202112,212941,QUICHE 340G-450G,101.807,0.19,
202112,212942,VEGETABLE CRISPS PACK 80-125G,109.103,0.3,
202112,213003,COFFEE-INSTANT-100G JAR,106.919,1.52,
202112,213005,HOT CHOCOLATE DRINK INSTANT,98.094,0.32,
202112,213006,COFFEE PODS PACK 8-16,99.945,0.36,
202112,213007,COFFEE SACHETS PACK,92.592,0.48,
202201,210102,LARGE LOAF-WHITE-UNSLICED-800G,100.249,0.38,
202201,210106,SIX BREAD ROLLS-WHITE/BROWN,102.197,0.76,
202201,210111,WHITE SLICED LOAF BRANDED 750G,100.611,1.14,
202201,210113,WHOLEMEAL SLICED LOAF BRANDED,100.463,0.95,
202201,210114,CHILLED GARLIC BREAD,102.306,1.14,
202201,210201,FLOUR-SELF-RAISING-1.5KG,101.447,0.38,
202201,210204,DRY SPAGHETTI OR PASTA 500G,96.804,0.19,
202201,210211,CORN SNACK SINGLE PACK MAX 50G,100.519,0.6,
202201,210212,BASMATI RICE 500G-1KG,100.7,0.38,
202201,210213,BREAKFAST CEREAL 1,95.866,1.14,
202201,210214,BREAKFAST CEREAL 2,101.873,1.71,
202201,210215,CEREAL BAR,90.695,0.57,
202201,210216,HOT OAT CEREAL,95.426,0.38,
202201,210217,RICE MICRO POUCH/TRAY 220-280G,98.883,0.19,
202201,210218,"POPCORN, BAG, 10-30G",101.71,0.76,
202201,210219,BREAKFAST CEREAL GLUTEN FREE,97.986,0.19,
202201,210221,COUSCOUS PLAIN/FLAVOURED,99.432,0.19,
202201,210301,CREAM CRACKERS PACK 200G-300G,101.304,0.57,
202201,210302,PLAIN BISCUITS-200-300G,101.117,1.52,
202201,210319,DOUGHNUT-EACH,103.615,0.95,
202201,210320,WHOLE SPONGE CAKE NOT FROZEN,100.078,0.95,
202201,210321,PACK OF 5-6 INDIVIDUAL CAKES,89.249,1.33,
202201,210323,BISCUITS HALF CHOC 260-400G,95.017,0.76,
202201,210324,CRUMPETS PACK 6-9 SPEC NUMBER,100.189,0.95,
202201,210403,HOME KILLED BEEF-LEAN MINCE KG,100.474,0.84,
202201,210406,HOME KLD BEEF-RUMP/POPES STEAK,101.044,1.05,
202201,210414,FROZEN BEEFBURGERS PACK OF 4,97.234,0.42,
202201,210416,BEEF ROASTING JOINT PER KG,102.569,0.42,
202201,210506,HK LAMB LOIN CHOP/STEAK PER KG,100.759,0.63,
202201,210507,HOME KILLED LAMB SHOULDER KG,102.461,1.05,
202201,210703,HOME KILLED PORK-LOIN CHOPS KG,100.257,1.05,
202201,210802,BACON-GAMMON-PER KG,99.981,0.63,
202201,210808,BACON-BACK-PER KG,100.464,1.89,
202201,210905,FRESH/CHILLED CHICKEN  PER KG,101.461,0.84,
202201,210910,FRESH BONELESS CHICKEN BREAST,101.439,1.68,
202201,210913,ROTISSERIE CHICKEN [WHOLE],95.449,0.21,
202201,210914,FRESH TURKEY DICED/MIN PER KG,101.452,0.21,
202201,211007,CANNED MEAT-STEWED STEAK,103.751,0.21,
202201,211011,INDIVIDUAL MEAT PIE,100.082,0.84,
202201,211014,SAUSAGES-PORK-PER KG,99.52,2.1,
202201,211019,FROZ CHICKEN NUGGETS 220-600G,99.36,0.63,
202201,211023,COOKED HAM PREPACKED SLICED,100.408,2.52,
202201,211024,CONTINENTAL SLICED DELI MEAT,99.344,0.84,
202201,211025,JOINT OV/READ GAM/POR 450-900G,103.272,0.21,
202201,211026,CHICKEN KIEV 2 PACK 240-325G,99.689,0.63,
202201,211027,H K LIVER PER KG STATE TYPE,99.258,0.21,
202201,211029,COOKED MEAT TURKEY/CHICK SLICE,100.491,0.42,
202201,211030,MEAT BASED SNACK PACK MAX 400G,98.084,0.63,
202201,211031,COOKED HAM LOOSE PER 100G,99.235,0.84,
202201,211101,FRESH WHITE FISH FILLETS KG,99.445,0.32,
202201,211105,FRESH FISH-SALMON FILLETS-KG,97.495,0.6,
202201,211106,FROZEN PRAWNS PER KG,106.81,0.96,
202201,211207,"CANNED FISH, TUNA, 130G-200G",97.912,1.04,
202201,211210,FROZEN FISH FINGERS 8-12 PK,106.499,0.84,
202201,211211,FROZEN BREAD/BAT FISH 400-550G,104.564,0.24,
202201,211305,SPREADABLE BUTTER,98.103,0.4,
202201,211306,BUTTER 250G SPEC COO,102.089,0.36,
202201,211407,MARGARINE/LOW FAT SPREAD-500G,104.72,0.56,
202201,211408,OLIVE OIL - 500ML - 1 LITRE,102.472,0.6,
202201,211409,"PEANUT BUTTER, JAR, 225-350G",96.433,0.08,
202201,211501,CHEDDAR-HOME PRODUCED PER KG,101.704,1.65,
202201,211506,"CHEESE SPREAD, 125g-200g TUB",93.396,0.55,
202201,211509,HARD REGIONAL CHEESE PER KG,100.603,0.22,
202201,211510,PARMESAN CHEESE-PER KG,100.349,0.33,
202201,211511,SOFT CONTINENTAL CHEESE - KG,101.33,0.33,
202201,211602,EGGS-MEDIUM-PER DOZ OR 2 X 6,101.079,0.44,
202201,211603,EGGS-LARGE-PER DOZ OR 2 X 6,100.72,0.66,
202201,211707,DELVD MILK SEMI-SKIMMED PER PT,103.5,0.11,
202201,211709,SHOP MILK-WHOLE MILK-4PT/2LTR,100.138,0.66,
202201,211710,MILK SEMI-PER 2 PINTS/1.136 L,100.429,2.31,
202201,211713,"MILK FLAVOURED, 180-500MLS/GMS",95.507,0.22,
202201,211714,NON-DAIRY MILK DRINK 900ML-1LT,91.728,0.22,
202201,211807,"YOGHURT/FROMAGE 4-6PK, 45-125G",94.002,1.1,
202201,211808,CHILLED POT DESSERT 125-200G,100.74,0.77,
202201,211814,YOGHURT-SMALL INDIVIDUAL,102.248,0.66,
202201,211815,FRESH DOUBLE CREAM 250ML-300ML,101.962,0.44,
202201,211816,POWDERED BABY FORMULA 400-900G,99.089,0.33,
202201,211901,TEA BAGS PKT OF 80 (230G-250G),99.621,0.84,
202201,211904,TEA BAGS-2-PACKET OF 240,100.393,0.24,
202201,211905,"FLAVRD TEA 15-20 BAGS, 30-40G",96.303,0.24,
202201,212001,"FRUIT SQUASH, 750ML - 1.5LT",101.115,0.99,
202201,212006,FRUIT JUICE NOT ORANGE 1L,101.273,0.54,
202201,212008,LEMONADE-2 LITRE BOTTLE,101.901,0.18,
202201,212010,MINERAL WATER STILL 1.5-2L,103.317,0.36,
202201,212015,FIZZY ENERGY DRINK 250-500ML,99.943,1.17,
202201,212016,FRESH/CHILL ORANGE JUICE 900ML,108.864,0.99,
202201,212017,FIZZY BOTTLED DRINK 500ML,100.476,1.44,
202201,212020,FRUIT DRINK BOTTLE 4-8 PACK,84.139,0.09,
202201,212021,BOTTLE STILL WATER 500ML,100.854,0.18,
202201,212022,MIXER DRINK BOTTLE 1L EG TONIC,107.235,0.63,
202201,212023,COLA/FIZZY DRINK 330ML PK 4-8,100.809,0.36,
202201,212024,FLAVOURED WATER BOTT 900ML-1.5,100.595,0.36,
202201,212025,"COLA DRINK, REG,BOTTLE,1.25-2L",100.464,0.72,
202201,212026,"COLA DRINK, DIET 1.25-2LTR",104.697,0.72,
202201,212027,FRUIT/VEG SMOOTHIE,103.183,0.27,
202201,212101,SUGAR -GRANULATED-WHITE-PER KG,101.217,0.7,
202201,212106,JAR OF JAM-340-454G,103.256,0.84,
202201,212107,HONEY JAR/BOTTLE 340G-454G,104.064,0.28,
202201,212202,MINTS,100.278,0.14,
202201,212211,CHOCOLATE 4,100.388,0.84,
202201,212214,FRUIT PASTILLES 2,101.737,0.56,
202201,212217,CHEWING/BUBBLE GUM-SINGLE PK,100.185,0.14,
202201,212218,CARTON/BOX OF CHOCS 150-400GM,113.204,1.96,
202201,212222,CHOCOLATE 10,100.526,2.24,
202201,212223,BRAND CHOC SWEETS 90-185G BAG,107.802,0.7,
202201,212224,"SWEETS, NOT CHOC, 150-250G BAG",100,0.7,
202201,212225,CHOCOLATE LARGE BAR 100-200G,99.281,2.1,
202201,212226,CHOCOLATE 12,102.466,0.56,
202201,212228,MALTED CHOCOLATE SWEETS,101.021,0.14,
202201,212360,POTATOES-OLD WHITE PER KG,100.133,0.6,
202201,212361,POTATOES- BAKING PER KG,99.869,0.15,
202201,212399,POTATOES-NEW-LOOSE-PER KG,100.62,0.15,
202201,212402,POTATO CRISPS 25G-50G,100.963,0.75,
202201,212404,POTATO CRISPS-MULTI-PACK,102.611,1.65,
202201,212405,FROZEN CHIPS 900G-1.5KG,98.998,1.05,
202201,212408,PREMIUM POTATO CRISPS/CHIPS,102.704,0.6,
202201,212409,P'PARED MASHED POTATO 400-650G,101.662,0.3,
202201,212504,FRESH VEG-CAULIFLOWER-EACH,102.274,0.45,
202201,212510,FRESH VEG-CUCUMBER-WHOLE,101.057,0.3,
202201,212511,FRESH VEG-LETTUCE-ICEBERG-EACH,102.634,0.3,
202201,212515,FRESH VEG-TOMATOES-PER KG,100.779,1.05,
202201,212516,FRESH VEG-CABBAGE-WHOLE-PER KG,98.299,0.3,
202201,212518,FRESH VEG-CARROTS-PER KG,100.237,0.45,
202201,212519,FRESH VEG-ONIONS-PER KG,100.086,0.6,
202201,212520,FRESH VEG-MUSHROOMS-PER KG,100.963,0.45,
202201,212527,PRE-PACKED SALAD 100-250G,101.523,0.45,
202201,212530,FRESH VEG-BROCCOLI-PER KG,99.45,0.3,
202201,212531,FRESH VEG-COURGETTE-PER KG,105.165,0.45,
202201,212532,FRESH VEG-PEPPERS -LOOSE OR KG,96.757,0.45,
202201,212533,VEGETABLE STIR FRY FRESH PACK,101.983,0.45,
202201,212535,SWEET POTATO PER KG OR EACH,101.514,0.3,
202201,212601,CANNED TOMATOES 390-400G,103.558,0.3,
202201,212603,"BAKED BEANS, 400-425G TIN",100.354,0.45,
202201,212608,CANNED SWEETCORN 198-340G,100.484,0.45,
202201,212609,FROZEN GARDEN PEAS 800G-1KG,100.363,0.15,
202201,212612,FROZEN PRE-PREPARED VEGTABLES,99.822,0.3,
202201,212709,ORANGES-CLASS 1-EACH,100.546,0.36,
202201,212710,AVOCADO PEAR-EACH,98.828,0.72,
202201,212712,KIWI FRUIT-EACH,98.34,0.24,
202201,212715,GRAPEFRUIT-EACH,95.493,0.36,
202201,212716,APPLES-COOKING-PER KG,102.265,0.24,
202201,212717,APPLES-DESSERT-PER KG,101.845,0.84,
202201,212718,PEARS-DESSERT-PER KG,100.387,0.24,
202201,212719,BANANAS-PER KG,100.462,1.2,
202201,212720,STRAWBERRIES PER KG OR PUNNET,100.645,1.08,
202201,212722,GRAPES-PER KG,100.096,0.84,
202201,212725,SMALL TYPE ORANGES PER PACK/KG,101.974,0.36,
202201,212726,PLUMS PER KG/PACK,98.563,0.72,
202201,212728,PINEAPPLE EACH,97.146,0.24,
202201,212730,FRUIT FRESH SNACKING 150-350G,100.058,0.48,
202201,212731,MELON EACH EG HONEYDEW,98.717,0.24,
202201,212732,LEMON EACH,103.257,0.24,
202201,212733,BLUEBERRIES PUNNET OR PER KG,100.065,0.72,
202201,212734,RASPBERRIES PUNNET OR PER KG,102.841,0.6,
202201,212806,PACKET OF PEANUTS 150-300G,104.039,1.32,
202201,212807,CANNED FRUIT-400-450G,100.385,0.48,
202201,212808,DRIED FRUIT - EG APRICOTS,100.396,0.48,
202201,212905,VEGETABLE PICKLE 280-520G,102.976,0.15,
202201,212910,CANNED SOUP-390-425G,100.775,0.33,
202201,212917,TOMATO KETCHUP BOTTLE 340-570G,102.289,0.45,
202201,212918,FRZN READY-COOKD MEAL SERVES 1,100.645,0.18,
202201,212923,COOK-IN SAUCE-JAR/CAN 350-520G,99.36,0.51,
202201,212928,FROZ VEG BURGER/GRILL 180-454G,92.915,0.75,
202201,212930,MAYONNAISE 390-500G/420-540MLS,97.715,0.42,
202201,212933,ICE CREAM 450ML-1L,108.238,1.12,
202201,212934,DRIED POTTED SNACK 50-120G,104.215,0.38,
202201,212936,CHILLED READY MEAL-MEAT-SERVS1,100.307,0.48,
202201,212937,CHILLED READY MEAL-FISH/VEG,100.316,0.48,
202201,212938,CHOCOLATE COVERED ICE CREAM,96.529,0.98,
202201,212939,CHILLED PIZZA EACH 300-600G,101.846,0.95,
202201,212940,PROTEIN POWDER 900G-2KG,94.54,0.15,
202201,212941,QUICHE 340G-450G,98.128,0.19,
202201,212942,VEGETABLE CRISPS PACK 80-125G,93.669,0.3,
202201,213003,COFFEE-INSTANT-100G JAR,101.569,1.52,
202201,213005,HOT CHOCOLATE DRINK INSTANT,104.291,0.32,
202201,213006,COFFEE PODS PACK 8-16,103.035,0.36,
202201,213007,COFFEE SACHETS PACK,108.44,0.48,
202202,210102,LARGE LOAF-WHITE-UNSLICED-800G,99.846,0.42,
202202,210106,SIX BREAD ROLLS-WHITE/BROWN,101.786,0.84,
202202,210111,WHITE SLICED LOAF BRANDED 750G,102.712,1.26,
202202,210113,WHOLEMEAL SLICED LOAF BRANDED,102.846,0.84,
202202,210114,CHILLED GARLIC BREAD,94.179,1.47,
202202,210201,FLOUR-SELF-RAISING-1.5KG,102.482,0.42,
202202,210204,DRY SPAGHETTI OR PASTA 500G,107.378,0.21,
202202,210211,CORN SNACK SINGLE PACK MAX 50G,101.001,0.48,
202202,210212,BASMATI RICE 500G-1KG,102.653,0.42,
202202,210213,BREAKFAST CEREAL 1,103.042,1.05,
202202,210214,BREAKFAST CEREAL 2,101.953,1.89,
202202,210215,CEREAL BAR,104.106,0.63,
202202,210216,HOT OAT CEREAL,103.468,0.42,
202202,210217,RICE MICRO POUCH/TRAY 220-280G,101.664,0.21,
202202,210218,"POPCORN, BAG, 10-30G",101.305,0.84,
202202,210219,BREAKFAST CEREAL GLUTEN FREE,102.635,0.21,
202202,210221,COUSCOUS PLAIN/FLAVOURED,99.189,0.21,
202202,210301,CREAM CRACKERS PACK 200G-300G,100.585,0.84,
202202,210302,PLAIN BISCUITS-200-300G,101.112,1.47,
202202,210320,WHOLE SPONGE CAKE NOT FROZEN,103.463,1.26,
202202,210321,PACK OF 5-6 INDIVIDUAL CAKES,103.858,1.89,
202202,210323,BISCUITS HALF CHOC 260-400G,101.362,1.05,
202202,210324,CRUMPETS PACK 6-9 SPEC NUMBER,102.291,1.05,
202202,210403,HOME KILLED BEEF-LEAN MINCE KG,99.776,0.6,
202202,210406,HOME KLD BEEF-RUMP/POPES STEAK,100.991,1.2,
202202,210414,FROZEN BEEFBURGERS PACK OF 4,103.505,0.4,
202202,210416,BEEF ROASTING JOINT PER KG,102.139,0.4,
202202,210506,HK LAMB LOIN CHOP/STEAK PER KG,102.518,0.8,
202202,210507,HOME KILLED LAMB SHOULDER KG,101.117,1,
202202,210703,HOME KILLED PORK-LOIN CHOPS KG,97.226,1,
202202,210802,BACON-GAMMON-PER KG,99.83,0.4,
202202,210808,BACON-BACK-PER KG,100.828,1.8,
202202,210905,FRESH/CHILLED CHICKEN  PER KG,102.209,0.8,
202202,210910,FRESH BONELESS CHICKEN BREAST,100.76,1.6,
202202,210913,ROTISSERIE CHICKEN [WHOLE],108.804,0.2,
202202,210914,FRESH TURKEY DICED/MIN PER KG,102.941,0.2,
202202,211007,CANNED MEAT-STEWED STEAK,100.409,0.2,
202202,211011,INDIVIDUAL MEAT PIE,97.15,0.8,
202202,211014,SAUSAGES-PORK-PER KG,99.9,2,
202202,211019,FROZ CHICKEN NUGGETS 220-600G,103.833,0.6,
202202,211023,COOKED HAM PREPACKED SLICED,100.838,2.4,
202202,211024,CONTINENTAL SLICED DELI MEAT,100.09,0.8,
202202,211025,JOINT OV/READ GAM/POR 450-900G,99.723,0.2,
202202,211026,CHICKEN KIEV 2 PACK 240-325G,106.376,0.6,
202202,211027,H K LIVER PER KG STATE TYPE,101.651,0.2,
202202,211029,COOKED MEAT TURKEY/CHICK SLICE,101.249,0.4,
202202,211030,MEAT BASED SNACK PACK MAX 400G,99.102,0.6,
202202,211031,COOKED HAM LOOSE PER 100G,95.706,0.8,
202202,211101,FRESH WHITE FISH FILLETS KG,102.224,0.45,
202202,211105,FRESH FISH-SALMON FILLETS-KG,104.487,0.7,
202202,211106,FROZEN PRAWNS PER KG,98.109,1.25,
202202,211207,"CANNED FISH, TUNA, 130G-200G",103.196,1.2,
202202,211210,FROZEN FISH FINGERS 8-12 PK,101.029,1.1,
202202,211211,FROZEN BREAD/BAT FISH 400-550G,99.099,0.3,
202202,211305,SPREADABLE BUTTER,100.176,0.48,
202202,211306,BUTTER 250G SPEC COO,101.545,0.42,
202202,211407,MARGARINE/LOW FAT SPREAD-500G,89.525,1.2,
202202,211408,OLIVE OIL - 500ML - 1 LITRE,105.015,0.69,
202202,211409,"PEANUT BUTTER, JAR, 225-350G",101.395,0.21,
202202,211501,CHEDDAR-HOME PRODUCED PER KG,101.764,1.68,
202202,211506,"CHEESE SPREAD, 125g-200g TUB",108.163,0.6,
202202,211509,HARD REGIONAL CHEESE PER KG,101.438,0.24,
202202,211510,PARMESAN CHEESE-PER KG,100.574,0.36,
202202,211511,SOFT CONTINENTAL CHEESE - KG,99.688,0.48,
202202,211604,EGGS PER DOZEN OR 2 X 6 BOX,100.506,1.2,
202202,211707,DELVD MILK SEMI-SKIMMED PER PT,100,0.12,
202202,211709,SHOP MILK-WHOLE MILK-4PT/2LTR,102.094,0.72,
202202,211710,MILK SEMI-PER 2 PINTS/1.136 L,102.669,2.4,
202202,211713,"MILK FLAVOURED, 180-500MLS/GMS",103.02,0.24,
202202,211714,NON-DAIRY MILK DRINK 900ML-1LT,109.887,0.24,
202202,211807,"YOGHURT/FROMAGE 4-6PK, 45-125G",103.88,1.44,
202202,211808,CHILLED POT DESSERT 125-200G,103.026,0.96,
202202,211814,YOGHURT-SMALL INDIVIDUAL,103.321,0.6,
202202,211815,FRESH DOUBLE CREAM 250ML-300ML,101.27,0.48,
202202,211816,POWDERED BABY FORMULA 400-900G,100.493,0.24,
202202,211901,TEA BAGS PKT OF 80 (230G-250G),102.827,0.36,
202202,211904,TEA BAGS-2-PACKET OF 240,100.446,0.1,
202202,211905,"FLAVRD TEA 15-20 BAGS, 30-40G",102.395,0.12,
202202,212001,"FRUIT SQUASH, 750ML - 1.5LT",98.886,0.9,
202202,212006,FRUIT JUICE NOT ORANGE 1L,100.618,0.54,
202202,212008,LEMONADE-2 LITRE BOTTLE,103.959,0.18,
202202,212010,MINERAL WATER STILL 1.5-2L,104.467,0.27,
202202,212015,FIZZY ENERGY DRINK 250-500ML,103.489,1.26,
202202,212016,FRESH/CHILL ORANGE JUICE 900ML,95.613,0.9,
202202,212017,FIZZY BOTTLED DRINK 500ML,101.792,1.53,
202202,212020,FRUIT DRINK BOTTLE 4-8 PACK,119.146,0.09,
202202,212021,BOTTLE STILL WATER 500ML,101.69,0.27,
202202,212022,MIXER DRINK BOTTLE 1L EG TONIC,105.685,0.63,
202202,212023,COLA/FIZZY DRINK 330ML PK 4-8,105.765,0.36,
202202,212024,FLAVOURED WATER BOTT 900ML-1.5,104.608,0.36,
202202,212025,"COLA DRINK, REG,BOTTLE,1.25-2L",102.386,0.72,
202202,212026,"COLA DRINK, DIET 1.25-2LTR",103.017,0.72,
202202,212027,FRUIT/VEG SMOOTHIE,95.734,0.27,
202202,212101,SUGAR -GRANULATED-WHITE-PER KG,102.207,0.48,
202202,212106,JAR OF JAM-340-454G,101.397,0.72,
202202,212107,HONEY JAR/BOTTLE 340G-454G,97.907,0.24,
202202,212202,MINTS,100.067,0.12,
202202,212211,CHOCOLATE 4,100.037,0.72,
202202,212214,FRUIT PASTILLES 2,98.098,0.36,
202202,212217,CHEWING/BUBBLE GUM-SINGLE PK,100.306,0.12,
202202,212218,CARTON/BOX OF CHOCS 150-400GM,93.15,1.44,
202202,212222,CHOCOLATE 10,99.708,1.92,
202202,212223,BRAND CHOC SWEETS 90-185G BAG,94.494,0.84,
202202,212224,"SWEETS, NOT CHOC, 150-250G BAG",99.18,0.48,
202202,212225,CHOCOLATE LARGE BAR 100-200G,100.524,1.92,
202202,212226,CHOCOLATE 12,97.336,0.48,
202202,212228,MALTED CHOCOLATE SWEETS,100.065,0.12,
202202,212309,POTATOES-NEW-PER KG,100.338,0.16,
202202,212310,POTATOES- OLD WHITE PER KG,99.701,0.48,
202202,212311,POTATOES- BAKING PR KG,97.401,0.16,
202202,212402,POTATO CRISPS 25G-50G,100.126,0.8,
202202,212404,POTATO CRISPS-MULTI-PACK,98.904,2.24,
202202,212405,FROZEN CHIPS 900G-1.5KG,101.572,1.12,
202202,212408,PREMIUM POTATO CRISPS/CHIPS,110.862,0.64,
202202,212409,P'PARED MASHED POTATO 400-650G,101.145,0.32,
202202,212504,FRESH VEG-CAULIFLOWER-EACH,97.93,0.48,
202202,212510,FRESH VEG-CUCUMBER-WHOLE,99.306,0.32,
202202,212511,FRESH VEG-LETTUCE-ICEBERG-EACH,99.658,0.32,
202202,212515,FRESH VEG-TOMATOES-PER KG,100.927,1.12,
202202,212516,FRESH VEG-CABBAGE-WHOLE-PER KG,98.742,0.32,
202202,212518,FRESH VEG-CARROTS-PER KG,97.373,0.32,
202202,212519,FRESH VEG-ONIONS-PER KG,95.777,0.64,
202202,212520,FRESH VEG-MUSHROOMS-PER KG,100.17,0.64,
202202,212527,PRE-PACKED SALAD 100-250G,101.052,0.48,
202202,212530,FRESH VEG-BROCCOLI-PER KG,98.016,0.32,
202202,212531,FRESH VEG-COURGETTE-PER KG,100.867,0.48,
202202,212532,FRESH VEG-PEPPERS -LOOSE OR KG,101.218,0.48,
202202,212533,VEGETABLE STIR FRY FRESH PACK,100.361,0.32,
202202,212535,SWEET POTATO PER KG OR EACH,101.408,0.32,
202202,212601,CANNED TOMATOES 390-400G,100.867,0.32,
202202,212603,"BAKED BEANS, 400-425G TIN",100.137,0.32,
202202,212608,CANNED SWEETCORN 198-340G,100.686,0.16,
202202,212609,FROZEN GARDEN PEAS 800G-1KG,100.637,0.16,
202202,212612,FROZEN PRE-PREPARED VEGTABLES,100.297,0.32,
202202,212613,PULSES CAN 390 - 420G,105.016,0.32,
202202,212709,ORANGES-CLASS 1-EACH,98.082,0.44,
202202,212710,AVOCADO PEAR-EACH,100.662,0.55,
202202,212712,KIWI FRUIT-EACH,99.367,0.22,
202202,212715,GRAPEFRUIT-EACH,103.338,0.22,
202202,212716,APPLES-COOKING-PER KG,100.251,0.22,
202202,212717,APPLES-DESSERT-PER KG,101.569,0.77,
202202,212718,PEARS-DESSERT-PER KG,100.689,0.22,
202202,212719,BANANAS-PER KG,102.813,0.99,
202202,212720,STRAWBERRIES PER KG OR PUNNET,97.966,1.1,
202202,212722,GRAPES-PER KG,99.595,0.77,
202202,212725,SMALL TYPE ORANGES PER PACK/KG,100.402,0.33,
202202,212726,PLUMS PER KG/PACK,98.648,0.66,
202202,212728,PINEAPPLE EACH,99.771,0.22,
202202,212730,FRUIT FRESH SNACKING 150-350G,101.188,0.44,
202202,212731,MELON EACH EG HONEYDEW,101.992,0.22,
202202,212732,LEMON EACH,100.134,0.22,
202202,212733,BLUEBERRIES PUNNET OR PER KG,98.847,0.66,
202202,212734,RASPBERRIES PUNNET OR PER KG,104.189,0.55,
202202,212806,PACKET OF PEANUTS 150-300G,100.478,1.32,
202202,212807,CANNED FRUIT-400-450G,103.477,0.44,
202202,212808,DRIED FRUIT - EG APRICOTS,98.363,0.44,
202202,212905,VEGETABLE PICKLE 280-520G,101.02,0.16,
202202,212910,CANNED SOUP-390-425G,100.96,0.45,
202202,212917,TOMATO KETCHUP BOTTLE 340-570G,100.019,0.6,
202202,212918,FRZN READY-COOKD MEAL SERVES 1,101.518,0.25,
202202,212923,COOK-IN SAUCE-JAR/CAN 350-520G,102.244,0.95,
202202,212928,FROZ VEG BURGER/GRILL 180-454G,108.166,0.32,
202202,212930,MAYONNAISE 390-500G/420-540MLS,101.268,0.45,
202202,212933,ICE CREAM 450ML-1L,99.988,1.08,
202202,212934,DRIED POTTED SNACK 50-120G,97.873,0.42,
202202,212936,CHILLED READY MEAL-MEAT-SERVS1,100.777,0.8,
202202,212937,CHILLED READY MEAL-FISH/VEG,100.821,0.75,
202202,212938,CHOCOLATE COVERED ICE CREAM,98.476,0.96,
202202,212939,CHILLED PIZZA EACH 300-600G,102.454,1.05,
202202,212940,PROTEIN POWDER 900G-2KG,107.836,0.35,
202202,212941,QUICHE 340G-450G,103.128,0.21,
202202,212942,VEGETABLE CRISPS PACK 80-125G,107.999,0.32,
202202,212943,YORKSHIRE PUDDING FROZEN,97.697,0.42,
202202,212944,SAUSAGE MEAT FREE CHILLED PACK,109.281,0.64,
202202,212945,HERBS DRIED JAR 3 - 20G,104.151,0.4,
202202,213003,COFFEE-INSTANT-100G JAR,102.331,0.78,
202202,213005,HOT CHOCOLATE DRINK INSTANT,96.564,0.14,
202202,213006,COFFEE PODS PACK 8-16,96.559,0.22,
202202,213007,COFFEE SACHETS PACK,98.972,0.28,
202203,210102,LARGE LOAF-WHITE-UNSLICED-800G,101.077,0.42,
202203,210106,SIX BREAD ROLLS-WHITE/BROWN,101.938,0.84,
202203,210111,WHITE SLICED LOAF BRANDED 750G,102.876,1.26,
202203,210113,WHOLEMEAL SLICED LOAF BRANDED,103.181,0.84,
202203,210114,CHILLED GARLIC BREAD,99.21,1.47,
202203,210201,FLOUR-SELF-RAISING-1.5KG,105.397,0.42,
202203,210204,DRY SPAGHETTI OR PASTA 500G,107.764,0.21,
202203,210211,CORN SNACK SINGLE PACK MAX 50G,100.225,0.48,
202203,210212,BASMATI RICE 500G-1KG,102.127,0.42,
202203,210213,BREAKFAST CEREAL 1,104.07,1.05,
202203,210214,BREAKFAST CEREAL 2,104.551,1.89,
202203,210215,CEREAL BAR,99.143,0.63,
202203,210216,HOT OAT CEREAL,105.068,0.42,
202203,210217,RICE MICRO POUCH/TRAY 220-280G,100.218,0.21,
202203,210218,"POPCORN, BAG, 10-30G",98.239,0.84,
202203,210219,BREAKFAST CEREAL GLUTEN FREE,103.605,0.21,
202203,210221,COUSCOUS PLAIN/FLAVOURED,99.115,0.21,
202203,210301,CREAM CRACKERS PACK 200G-300G,100.907,0.84,
202203,210302,PLAIN BISCUITS-200-300G,103.839,1.47,
202203,210320,WHOLE SPONGE CAKE NOT FROZEN,96.216,1.26,
202203,210321,PACK OF 5-6 INDIVIDUAL CAKES,106.221,1.89,
202203,210323,BISCUITS HALF CHOC 260-400G,96.812,1.05,
202203,210324,CRUMPETS PACK 6-9 SPEC NUMBER,98.115,1.05,
202203,210403,HOME KILLED BEEF-LEAN MINCE KG,100.871,0.6,
202203,210406,HOME KLD BEEF-RUMP/POPES STEAK,102.097,1.2,
202203,210414,FROZEN BEEFBURGERS PACK OF 4,104.9,0.4,
202203,210416,BEEF ROASTING JOINT PER KG,104.023,0.4,
202203,210506,HK LAMB LOIN CHOP/STEAK PER KG,103.245,0.8,
202203,210507,HOME KILLED LAMB SHOULDER KG,103.509,1,
202203,210703,HOME KILLED PORK-LOIN CHOPS KG,99.839,1,
202203,210802,BACON-GAMMON-PER KG,100.518,0.4,
202203,210808,BACON-BACK-PER KG,100.922,1.8,
202203,210905,FRESH/CHILLED CHICKEN  PER KG,103.512,0.8,
202203,210910,FRESH BONELESS CHICKEN BREAST,101.312,1.6,
202203,210913,ROTISSERIE CHICKEN [WHOLE],108.625,0.2,
202203,210914,FRESH TURKEY DICED/MIN PER KG,102.287,0.2,
202203,211007,CANNED MEAT-STEWED STEAK,99.618,0.2,
202203,211011,INDIVIDUAL MEAT PIE,101.668,0.8,
202203,211014,SAUSAGES-PORK-PER KG,100.53,2,
202203,211019,FROZ CHICKEN NUGGETS 220-600G,94.493,0.6,
202203,211023,COOKED HAM PREPACKED SLICED,99.605,2.4,
202203,211024,CONTINENTAL SLICED DELI MEAT,100.874,0.8,
202203,211025,JOINT OV/READ GAM/POR 450-900G,99.423,0.2,
202203,211026,CHICKEN KIEV 2 PACK 240-325G,106.11,0.6,
202203,211027,H K LIVER PER KG STATE TYPE,103.117,0.2,
202203,211029,COOKED MEAT TURKEY/CHICK SLICE,100.928,0.4,
202203,211030,MEAT BASED SNACK PACK MAX 400G,101.308,0.6,
202203,211031,COOKED HAM LOOSE PER 100G,94.575,0.8,
202203,211101,FRESH WHITE FISH FILLETS KG,103.734,0.45,
202203,211105,FRESH FISH-SALMON FILLETS-KG,105.705,0.7,
202203,211106,FROZEN PRAWNS PER KG,101.077,1.25,
202203,211207,"CANNED FISH, TUNA, 130G-200G",100.355,1.2,
202203,211210,FROZEN FISH FINGERS 8-12 PK,100.666,1.1,
202203,211211,FROZEN BREAD/BAT FISH 400-550G,100.699,0.3,
202203,211305,SPREADABLE BUTTER,110.404,0.48,
202203,211306,BUTTER 250G SPEC COO,101.94,0.42,
202203,211407,MARGARINE/LOW FAT SPREAD-500G,103.592,1.2,
202203,211408,OLIVE OIL - 500ML - 1 LITRE,103.918,0.69,
202203,211409,"PEANUT BUTTER, JAR, 225-350G",100.89,0.21,
202203,211501,CHEDDAR-HOME PRODUCED PER KG,101.87,1.68,
202203,211506,"CHEESE SPREAD, 125g-200g TUB",110.536,0.6,
202203,211509,HARD REGIONAL CHEESE PER KG,101.813,0.24,
202203,211510,PARMESAN CHEESE-PER KG,101.066,0.36,
202203,211511,SOFT CONTINENTAL CHEESE - KG,102.036,0.48,
202203,211604,EGGS PER DOZEN OR 2 X 6 BOX,100.848,1.2,
202203,211707,DELVD MILK SEMI-SKIMMED PER PT,100.133,0.12,
202203,211709,SHOP MILK-WHOLE MILK-4PT/2LTR,100.655,0.72,
202203,211710,MILK SEMI-PER 2 PINTS/1.136 L,105.202,2.4,
202203,211713,"MILK FLAVOURED, 180-500MLS/GMS",110.198,0.24,
202203,211714,NON-DAIRY MILK DRINK 900ML-1LT,110.937,0.24,
202203,211807,"YOGHURT/FROMAGE 4-6PK, 45-125G",102.001,1.44,
202203,211808,CHILLED POT DESSERT 125-200G,105.089,0.96,
202203,211814,YOGHURT-SMALL INDIVIDUAL,101.067,0.6,
202203,211815,FRESH DOUBLE CREAM 250ML-300ML,100.952,0.48,
202203,211816,POWDERED BABY FORMULA 400-900G,106.707,0.24,
202203,211901,TEA BAGS PKT OF 80 (230G-250G),102.75,0.36,
202203,211904,TEA BAGS-2-PACKET OF 240,98.044,0.1,
202203,211905,"FLAVRD TEA 15-20 BAGS, 30-40G",100.959,0.12,
202203,212001,"FRUIT SQUASH, 750ML - 1.5LT",101.985,0.9,
202203,212006,FRUIT JUICE NOT ORANGE 1L,100.137,0.54,
202203,212008,LEMONADE-2 LITRE BOTTLE,104.466,0.18,
202203,212010,MINERAL WATER STILL 1.5-2L,110.093,0.27,
202203,212015,FIZZY ENERGY DRINK 250-500ML,104.431,1.26,
202203,212016,FRESH/CHILL ORANGE JUICE 900ML,98.55,0.9,
202203,212017,FIZZY BOTTLED DRINK 500ML,102.481,1.53,
202203,212020,FRUIT DRINK BOTTLE 4-8 PACK,116.988,0.09,
202203,212021,BOTTLE STILL WATER 500ML,106.486,0.27,
202203,212022,MIXER DRINK BOTTLE 1L EG TONIC,106.714,0.63,
202203,212023,COLA/FIZZY DRINK 330ML PK 4-8,104.393,0.36,
202203,212024,FLAVOURED WATER BOTT 900ML-1.5,108.208,0.36,
202203,212025,"COLA DRINK, REG,BOTTLE,1.25-2L",105.184,0.72,
202203,212026,"COLA DRINK, DIET 1.25-2LTR",101.149,0.72,
202203,212027,FRUIT/VEG SMOOTHIE,99.277,0.27,
202203,212101,SUGAR -GRANULATED-WHITE-PER KG,102.475,0.48,
202203,212106,JAR OF JAM-340-454G,101.512,0.72,
202203,212107,HONEY JAR/BOTTLE 340G-454G,98.577,0.24,
202203,212202,MINTS,100.036,0.12,
202203,212211,CHOCOLATE 4,100.068,0.72,
202203,212214,FRUIT PASTILLES 2,99.8,0.36,
202203,212217,CHEWING/BUBBLE GUM-SINGLE PK,100.734,0.12,
202203,212218,CARTON/BOX OF CHOCS 150-400GM,90.376,1.44,
202203,212222,CHOCOLATE 10,97.525,1.92,
202203,212223,BRAND CHOC SWEETS 90-185G BAG,95.012,0.84,
202203,212224,"SWEETS, NOT CHOC, 150-250G BAG",97.558,0.48,
202203,212225,CHOCOLATE LARGE BAR 100-200G,101.102,1.92,
202203,212226,CHOCOLATE 12,99.79,0.48,
202203,212228,MALTED CHOCOLATE SWEETS,100.342,0.12,
202203,212309,POTATOES-NEW-PER KG,98.736,0.16,
202203,212310,POTATOES- OLD WHITE PER KG,98.427,0.48,
202203,212311,POTATOES- BAKING PR KG,96.136,0.16,
202203,212402,POTATO CRISPS 25G-50G,99.872,0.8,
202203,212404,POTATO CRISPS-MULTI-PACK,96.888,2.24,
202203,212405,FROZEN CHIPS 900G-1.5KG,102.147,1.12,
202203,212408,PREMIUM POTATO CRISPS/CHIPS,98.56,0.64,
202203,212409,P'PARED MASHED POTATO 400-650G,101.117,0.32,
202203,212504,FRESH VEG-CAULIFLOWER-EACH,97.548,0.48,
202203,212510,FRESH VEG-CUCUMBER-WHOLE,98.492,0.32,
202203,212511,FRESH VEG-LETTUCE-ICEBERG-EACH,99.319,0.32,
202203,212515,FRESH VEG-TOMATOES-PER KG,101.535,1.12,
202203,212516,FRESH VEG-CABBAGE-WHOLE-PER KG,98.713,0.32,
202203,212518,FRESH VEG-CARROTS-PER KG,96.982,0.32,
202203,212519,FRESH VEG-ONIONS-PER KG,95.642,0.64,
202203,212520,FRESH VEG-MUSHROOMS-PER KG,100.056,0.64,
202203,212527,PRE-PACKED SALAD 100-250G,98.945,0.48,
202203,212530,FRESH VEG-BROCCOLI-PER KG,97.993,0.32,
202203,212531,FRESH VEG-COURGETTE-PER KG,98.052,0.48,
202203,212532,FRESH VEG-PEPPERS -LOOSE OR KG,103.232,0.48,
202203,212533,VEGETABLE STIR FRY FRESH PACK,99.76,0.32,
202203,212535,SWEET POTATO PER KG OR EACH,100.432,0.32,
202203,212601,CANNED TOMATOES 390-400G,100.275,0.32,
202203,212603,"BAKED BEANS, 400-425G TIN",100.705,0.32,
202203,212608,CANNED SWEETCORN 198-340G,101.092,0.16,
202203,212609,FROZEN GARDEN PEAS 800G-1KG,100.348,0.16,
202203,212612,FROZEN PRE-PREPARED VEGTABLES,100.711,0.32,
202203,212613,PULSES CAN 390 - 420G,108.333,0.32,
202203,212709,ORANGES-CLASS 1-EACH,95.77,0.44,
202203,212710,AVOCADO PEAR-EACH,100.068,0.55,
202203,212712,KIWI FRUIT-EACH,97.582,0.22,
202203,212715,GRAPEFRUIT-EACH,99.997,0.22,
202203,212716,APPLES-COOKING-PER KG,100.897,0.22,
202203,212717,APPLES-DESSERT-PER KG,101.429,0.77,
202203,212718,PEARS-DESSERT-PER KG,100.804,0.22,
202203,212719,BANANAS-PER KG,103.813,0.99,
202203,212720,STRAWBERRIES PER KG OR PUNNET,86.037,1.1,
202203,212722,GRAPES-PER KG,97.127,0.77,
202203,212725,SMALL TYPE ORANGES PER PACK/KG,98.011,0.33,
202203,212726,PLUMS PER KG/PACK,93.967,0.66,
202203,212728,PINEAPPLE EACH,104.458,0.22,
202203,212730,FRUIT FRESH SNACKING 150-350G,102.443,0.44,
202203,212731,MELON EACH EG HONEYDEW,101.723,0.22,
202203,212732,LEMON EACH,99.414,0.22,
202203,212733,BLUEBERRIES PUNNET OR PER KG,102.666,0.66,
202203,212734,RASPBERRIES PUNNET OR PER KG,104.435,0.55,
202203,212806,PACKET OF PEANUTS 150-300G,100.77,1.32,
202203,212807,CANNED FRUIT-400-450G,105.258,0.44,
202203,212808,DRIED FRUIT - EG APRICOTS,101.41,0.44,
202203,212905,VEGETABLE PICKLE 280-520G,102.996,0.16,
202203,212910,CANNED SOUP-390-425G,102.541,0.45,
202203,212917,TOMATO KETCHUP BOTTLE 340-570G,100.745,0.6,
202203,212918,FRZN READY-COOKD MEAL SERVES 1,102.724,0.25,
202203,212923,COOK-IN SAUCE-JAR/CAN 350-520G,94.047,0.95,
202203,212928,FROZ VEG BURGER/GRILL 180-454G,109.783,0.32,
202203,212930,MAYONNAISE 390-500G/420-540MLS,107.128,0.45,
202203,212933,ICE CREAM 450ML-1L,96.127,1.08,
202203,212934,DRIED POTTED SNACK 50-120G,100.19,0.42,
202203,212936,CHILLED READY MEAL-MEAT-SERVS1,101.687,0.8,
202203,212937,CHILLED READY MEAL-FISH/VEG,101.417,0.75,
202203,212938,CHOCOLATE COVERED ICE CREAM,104.134,0.96,
202203,212939,CHILLED PIZZA EACH 300-600G,99.322,1.05,
202203,212940,PROTEIN POWDER 900G-2KG,108.016,0.35,
202203,212941,QUICHE 340G-450G,97.374,0.21,
202203,212942,VEGETABLE CRISPS PACK 80-125G,112.137,0.32,
202203,212943,YORKSHIRE PUDDING FROZEN,98.216,0.42,
202203,212944,SAUSAGE MEAT FREE CHILLED PACK,107.709,0.64,
202203,212945,HERBS DRIED JAR 3 - 20G,103.763,0.4,
202203,213003,COFFEE-INSTANT-100G JAR,101.946,0.78,
202203,213005,HOT CHOCOLATE DRINK INSTANT,94.241,0.14,
202203,213006,COFFEE PODS PACK 8-16,97.225,0.22,
202203,213007,COFFEE SACHETS PACK,100.838,0.28,
202204,210102,LARGE LOAF-WHITE-UNSLICED-800G,100.635,0.42,
202204,210106,SIX BREAD ROLLS-WHITE/BROWN,103.11,0.84,
202204,210111,WHITE SLICED LOAF BRANDED 750G,103.849,1.26,
202204,210113,WHOLEMEAL SLICED LOAF BRANDED,103.921,0.84,
202204,210114,CHILLED GARLIC BREAD,98.386,1.47,
202204,210201,FLOUR-SELF-RAISING-1.5KG,107.272,0.42,
202204,210204,DRY SPAGHETTI OR PASTA 500G,108.81,0.21,
202204,210211,CORN SNACK SINGLE PACK MAX 50G,101.181,0.48,
202204,210212,BASMATI RICE 500G-1KG,102.783,0.42,
202204,210213,BREAKFAST CEREAL 1,103.982,1.05,
202204,210214,BREAKFAST CEREAL 2,105.774,1.89,
202204,210215,CEREAL BAR,98.255,0.63,
202204,210216,HOT OAT CEREAL,106.239,0.42,
202204,210217,RICE MICRO POUCH/TRAY 220-280G,99.372,0.21,
202204,210218,"POPCORN, BAG, 10-30G",98.678,0.84,
202204,210219,BREAKFAST CEREAL GLUTEN FREE,103.827,0.21,
202204,210221,COUSCOUS PLAIN/FLAVOURED,100.43,0.21,
202204,210301,CREAM CRACKERS PACK 200G-300G,105.316,0.84,
202204,210302,PLAIN BISCUITS-200-300G,110.11,1.47,
202204,210320,WHOLE SPONGE CAKE NOT FROZEN,101.867,1.26,
202204,210321,PACK OF 5-6 INDIVIDUAL CAKES,107.535,1.89,
202204,210323,BISCUITS HALF CHOC 260-400G,109.726,1.05,
202204,210324,CRUMPETS PACK 6-9 SPEC NUMBER,99.81,1.05,
202204,210403,HOME KILLED BEEF-LEAN MINCE KG,102.238,0.6,
202204,210406,HOME KLD BEEF-RUMP/POPES STEAK,103.084,1.2,
202204,210414,FROZEN BEEFBURGERS PACK OF 4,102.34,0.4,
202204,210416,BEEF ROASTING JOINT PER KG,105.029,0.4,
202204,210506,HK LAMB LOIN CHOP/STEAK PER KG,104.621,0.8,
202204,210507,HOME KILLED LAMB SHOULDER KG,104.657,1,
202204,210703,HOME KILLED PORK-LOIN CHOPS KG,100.768,1,
202204,210802,BACON-GAMMON-PER KG,100.654,0.4,
202204,210808,BACON-BACK-PER KG,101.929,1.8,
202204,210905,FRESH/CHILLED CHICKEN  PER KG,104.655,0.8,
202204,210910,FRESH BONELESS CHICKEN BREAST,104.651,1.6,
202204,210913,ROTISSERIE CHICKEN [WHOLE],115.191,0.2,
202204,210914,FRESH TURKEY DICED/MIN PER KG,104.729,0.2,
202204,211007,CANNED MEAT-STEWED STEAK,99.84,0.2,
202204,211011,INDIVIDUAL MEAT PIE,104.864,0.8,
202204,211014,SAUSAGES-PORK-PER KG,101.378,2,
202204,211019,FROZ CHICKEN NUGGETS 220-600G,101.823,0.6,
202204,211023,COOKED HAM PREPACKED SLICED,100.908,2.4,
202204,211024,CONTINENTAL SLICED DELI MEAT,100.667,0.8,
202204,211025,JOINT OV/READ GAM/POR 450-900G,100.406,0.2,
202204,211026,CHICKEN KIEV 2 PACK 240-325G,111.315,0.6,
202204,211027,H K LIVER PER KG STATE TYPE,103.566,0.2,
202204,211029,COOKED MEAT TURKEY/CHICK SLICE,101.987,0.4,
202204,211030,MEAT BASED SNACK PACK MAX 400G,104.719,0.6,
202204,211031,COOKED HAM LOOSE PER 100G,102.949,0.8,
202204,211101,FRESH WHITE FISH FILLETS KG,104.321,0.45,
202204,211105,FRESH FISH-SALMON FILLETS-KG,105.981,0.7,
202204,211106,FROZEN PRAWNS PER KG,100.854,1.25,
202204,211207,"CANNED FISH, TUNA, 130G-200G",105.465,1.2,
202204,211210,FROZEN FISH FINGERS 8-12 PK,103.494,1.1,
202204,211211,FROZEN BREAD/BAT FISH 400-550G,103.371,0.3,
202204,211305,SPREADABLE BUTTER,106.968,0.48,
202204,211306,BUTTER 250G SPEC COO,102.917,0.42,
202204,211407,MARGARINE/LOW FAT SPREAD-500G,98.393,1.2,
202204,211408,OLIVE OIL - 500ML - 1 LITRE,109.102,0.69,
202204,211409,"PEANUT BUTTER, JAR, 225-350G",103.765,0.21,
202204,211501,CHEDDAR-HOME PRODUCED PER KG,105.39,1.68,
202204,211506,"CHEESE SPREAD, 125g-200g TUB",113.429,0.6,
202204,211509,HARD REGIONAL CHEESE PER KG,105.302,0.24,
202204,211510,PARMESAN CHEESE-PER KG,101.923,0.36,
202204,211511,SOFT CONTINENTAL CHEESE - KG,102.192,0.48,
202204,211604,EGGS PER DOZEN OR 2 X 6 BOX,99.982,1.2,
202204,211707,DELVD MILK SEMI-SKIMMED PER PT,100.339,0.12,
202204,211709,SHOP MILK-WHOLE MILK-4PT/2LTR,105.315,0.72,
202204,211710,MILK SEMI-PER 2 PINTS/1.136 L,107.027,2.4,
202204,211713,"MILK FLAVOURED, 180-500MLS/GMS",101.82,0.24,
202204,211714,NON-DAIRY MILK DRINK 900ML-1LT,106.886,0.24,
202204,211807,"YOGHURT/FROMAGE 4-6PK, 45-125G",105.218,1.44,
202204,211808,CHILLED POT DESSERT 125-200G,107.045,0.96,
202204,211814,YOGHURT-SMALL INDIVIDUAL,105.272,0.6,
202204,211815,FRESH DOUBLE CREAM 250ML-300ML,101.732,0.48,
202204,211816,POWDERED BABY FORMULA 400-900G,107.7,0.24,
202204,211901,TEA BAGS PKT OF 80 (230G-250G),100.487,0.36,
202204,211904,TEA BAGS-2-PACKET OF 240,102.073,0.1,
202204,211905,"FLAVRD TEA 15-20 BAGS, 30-40G",105.573,0.12,
202204,212001,"FRUIT SQUASH, 750ML - 1.5LT",100.752,0.9,
202204,212006,FRUIT JUICE NOT ORANGE 1L,100.935,0.54,
202204,212008,LEMONADE-2 LITRE BOTTLE,105.564,0.18,
202204,212010,MINERAL WATER STILL 1.5-2L,106.884,0.27,
202204,212015,FIZZY ENERGY DRINK 250-500ML,105.297,1.26,
202204,212016,FRESH/CHILL ORANGE JUICE 900ML,96.752,0.9,
202204,212017,FIZZY BOTTLED DRINK 500ML,102.81,1.53,
202204,212020,FRUIT DRINK BOTTLE 4-8 PACK,104.115,0.09,
202204,212021,BOTTLE STILL WATER 500ML,108.671,0.27,
202204,212022,MIXER DRINK BOTTLE 1L EG TONIC,101.139,0.63,
202204,212023,COLA/FIZZY DRINK 330ML PK 4-8,107.855,0.36,
202204,212024,FLAVOURED WATER BOTT 900ML-1.5,108.208,0.36,
202204,212025,"COLA DRINK, REG,BOTTLE,1.25-2L",104.665,0.72,
202204,212026,"COLA DRINK, DIET 1.25-2LTR",104.638,0.72,
202204,212027,FRUIT/VEG SMOOTHIE,99.539,0.27,
202204,212101,SUGAR -GRANULATED-WHITE-PER KG,102.532,0.48,
202204,212106,JAR OF JAM-340-454G,104.63,0.72,
202204,212107,HONEY JAR/BOTTLE 340G-454G,101.306,0.24,
202204,212202,MINTS,99.965,0.12,
202204,212211,CHOCOLATE 4,100.172,0.72,
202204,212214,FRUIT PASTILLES 2,100.492,0.36,
202204,212217,CHEWING/BUBBLE GUM-SINGLE PK,103.034,0.12,
202204,212218,CARTON/BOX OF CHOCS 150-400GM,91.15,1.44,
202204,212222,CHOCOLATE 10,99.185,1.92,
202204,212223,BRAND CHOC SWEETS 90-185G BAG,103.354,0.84,
202204,212224,"SWEETS, NOT CHOC, 150-250G BAG",100.915,0.48,
202204,212225,CHOCOLATE LARGE BAR 100-200G,101.046,1.92,
202204,212226,CHOCOLATE 12,100.855,0.48,
202204,212228,MALTED CHOCOLATE SWEETS,101.785,0.12,
202204,212309,POTATOES-NEW-PER KG,98.923,0.16,
202204,212310,POTATOES- OLD WHITE PER KG,99.483,0.48,
202204,212311,POTATOES- BAKING PR KG,93.7,0.16,
202204,212402,POTATO CRISPS 25G-50G,99.925,0.8,
202204,212404,POTATO CRISPS-MULTI-PACK,102.211,2.24,
202204,212405,FROZEN CHIPS 900G-1.5KG,101.573,1.12,
202204,212408,PREMIUM POTATO CRISPS/CHIPS,107.15,0.64,
202204,212409,P'PARED MASHED POTATO 400-650G,100.38,0.32,
202204,212504,FRESH VEG-CAULIFLOWER-EACH,97.381,0.48,
202204,212510,FRESH VEG-CUCUMBER-WHOLE,97.587,0.32,
202204,212511,FRESH VEG-LETTUCE-ICEBERG-EACH,100.541,0.32,
202204,212515,FRESH VEG-TOMATOES-PER KG,107.182,1.12,
202204,212516,FRESH VEG-CABBAGE-WHOLE-PER KG,97.905,0.32,
202204,212518,FRESH VEG-CARROTS-PER KG,91.306,0.32,
202204,212519,FRESH VEG-ONIONS-PER KG,98.683,0.64,
202204,212520,FRESH VEG-MUSHROOMS-PER KG,98.033,0.64,
202204,212527,PRE-PACKED SALAD 100-250G,99.558,0.48,
202204,212530,FRESH VEG-BROCCOLI-PER KG,95.596,0.32,
202204,212531,FRESH VEG-COURGETTE-PER KG,101.854,0.48,
202204,212532,FRESH VEG-PEPPERS -LOOSE OR KG,105.733,0.48,
202204,212533,VEGETABLE STIR FRY FRESH PACK,99.698,0.32,
202204,212535,SWEET POTATO PER KG OR EACH,97.079,0.32,
202204,212601,CANNED TOMATOES 390-400G,96.604,0.32,
202204,212603,"BAKED BEANS, 400-425G TIN",100.822,0.32,
202204,212608,CANNED SWEETCORN 198-340G,101.542,0.16,
202204,212609,FROZEN GARDEN PEAS 800G-1KG,104.023,0.16,
202204,212612,FROZEN PRE-PREPARED VEGTABLES,101.928,0.32,
202204,212613,PULSES CAN 390 - 420G,107.071,0.32,
202204,212709,ORANGES-CLASS 1-EACH,96.568,0.44,
202204,212710,AVOCADO PEAR-EACH,100.649,0.55,
202204,212712,KIWI FRUIT-EACH,96.76,0.22,
202204,212715,GRAPEFRUIT-EACH,102.269,0.22,
202204,212716,APPLES-COOKING-PER KG,101.155,0.22,
202204,212717,APPLES-DESSERT-PER KG,99.6,0.77,
202204,212718,PEARS-DESSERT-PER KG,99.867,0.22,
202204,212719,BANANAS-PER KG,103.753,0.99,
202204,212720,STRAWBERRIES PER KG OR PUNNET,81.402,1.1,
202204,212722,GRAPES-PER KG,99.599,0.77,
202204,212725,SMALL TYPE ORANGES PER PACK/KG,99.766,0.33,
202204,212726,PLUMS PER KG/PACK,97.541,0.66,
202204,212728,PINEAPPLE EACH,101.066,0.22,
202204,212730,FRUIT FRESH SNACKING 150-350G,102.871,0.44,
202204,212731,MELON EACH EG HONEYDEW,111.408,0.22,
202204,212732,LEMON EACH,100.891,0.22,
202204,212733,BLUEBERRIES PUNNET OR PER KG,102.281,0.66,
202204,212734,RASPBERRIES PUNNET OR PER KG,104.071,0.55,
202204,212806,PACKET OF PEANUTS 150-300G,100.855,1.32,
202204,212807,CANNED FRUIT-400-450G,105.476,0.44,
202204,212808,DRIED FRUIT - EG APRICOTS,102.396,0.44,
202204,212905,VEGETABLE PICKLE 280-520G,100.654,0.16,
202204,212910,CANNED SOUP-390-425G,103.256,0.45,
202204,212917,TOMATO KETCHUP BOTTLE 340-570G,102.314,0.6,
202204,212918,FRZN READY-COOKD MEAL SERVES 1,104.971,0.25,
202204,212923,COOK-IN SAUCE-JAR/CAN 350-520G,104.619,0.95,
202204,212928,FROZ VEG BURGER/GRILL 180-454G,107.524,0.32,
202204,212930,MAYONNAISE 390-500G/420-540MLS,112.849,0.45,
202204,212933,ICE CREAM 450ML-1L,98.515,1.08,
202204,212934,DRIED POTTED SNACK 50-120G,99.414,0.42,
202204,212936,CHILLED READY MEAL-MEAT-SERVS1,102.309,0.8,
202204,212937,CHILLED READY MEAL-FISH/VEG,102.226,0.75,
202204,212938,CHOCOLATE COVERED ICE CREAM,108.438,0.96,
202204,212939,CHILLED PIZZA EACH 300-600G,101.524,1.05,
202204,212940,PROTEIN POWDER 900G-2KG,109.569,0.35,
202204,212941,QUICHE 340G-450G,102.125,0.21,
202204,212942,VEGETABLE CRISPS PACK 80-125G,106.907,0.32,
202204,212943,YORKSHIRE PUDDING FROZEN,97.511,0.42,
202204,212944,SAUSAGE MEAT FREE CHILLED PACK,108.98,0.64,
202204,212945,HERBS DRIED JAR 3 - 20G,103.817,0.4,
202204,213003,COFFEE-INSTANT 90 -100G JAR,105.044,0.78,
202204,213005,HOT CHOCOLATE DRINK INSTANT,100.067,0.14,
202204,213006,COFFEE PODS PACK 8-16,97.422,0.22,
202204,213007,COFFEE SACHETS PACK,98.006,0.28,
202205,210102,LARGE LOAF-WHITE-UNSLICED-800G,102.032,0.42,
202205,210106,SIX BREAD ROLLS-WHITE/BROWN,105.255,0.84,
202205,210111,WHITE SLICED LOAF BRANDED 750G,107.146,1.26,
202205,210113,WHOLEMEAL SLICED LOAF BRANDED,106.115,0.84,
202205,210114,CHILLED GARLIC BREAD,99.645,1.47,
202205,210201,FLOUR-SELF-RAISING-1.5KG,112.033,0.42,
202205,210204,DRY SPAGHETTI OR PASTA 500G,114.461,0.21,
202205,210211,CORN SNACK SINGLE PACK MAX 50G,102.815,0.48,
202205,210212,BASMATI RICE 500G-1KG,103.308,0.42,
202205,210213,BREAKFAST CEREAL 1,104.703,1.05,
202205,210214,BREAKFAST CEREAL 2,107.049,1.89,
202205,210215,CEREAL BAR,104.139,0.63,
202205,210216,HOT OAT CEREAL,105.79,0.42,
202205,210217,RICE MICRO POUCH/TRAY 220-280G,98.927,0.21,
202205,210218,"POPCORN, BAG, 10-30G",98.517,0.84,
202205,210219,BREAKFAST CEREAL GLUTEN FREE,106.605,0.21,
202205,210221,COUSCOUS PLAIN/FLAVOURED,100.635,0.21,
202205,210301,CREAM CRACKERS PACK 200G-300G,106.555,0.84,
202205,210302,PLAIN BISCUITS-200-300G,110.934,1.47,
202205,210320,WHOLE SPONGE CAKE NOT FROZEN,103.586,1.26,
202205,210321,PACK OF 5-6 INDIVIDUAL CAKES,109.732,1.89,
202205,210323,BISCUITS HALF CHOC 260-400G,105.663,1.05,
202205,210324,CRUMPETS PACK 6-9 SPEC NUMBER,102.833,1.05,
202205,210403,HOME KILLED BEEF-LEAN MINCE KG,102.892,0.6,
202205,210406,HOME KLD BEEF-RUMP/POPES STEAK,104.23,1.2,
202205,210414,FROZEN BEEFBURGERS PACK OF 4,106.255,0.4,
202205,210416,BEEF ROASTING JOINT PER KG,106.962,0.4,
202205,210506,HK LAMB LOIN CHOP/STEAK PER KG,106.188,0.8,
202205,210507,HOME KILLED LAMB SHOULDER KG,103.053,1,
202205,210703,HOME KILLED PORK-LOIN CHOPS KG,103.004,1,
202205,210802,BACON-GAMMON-PER KG,102.279,0.4,
202205,210808,BACON-BACK-PER KG,103.588,1.8,
202205,210905,FRESH/CHILLED CHICKEN  PER KG,108.464,0.8,
202205,210910,FRESH BONELESS CHICKEN BREAST,108.138,1.6,
202205,210913,ROTISSERIE CHICKEN [WHOLE],114.338,0.2,
202205,210914,FRESH TURKEY DICED/MIN PER KG,103.82,0.2,
202205,211007,CANNED MEAT-STEWED STEAK,100.548,0.2,
202205,211011,INDIVIDUAL MEAT PIE,108.757,0.8,
202205,211014,SAUSAGES-PORK-PER KG,102.242,2,
202205,211019,FROZ CHICKEN NUGGETS 220-600G,101.168,0.6,
202205,211023,COOKED HAM PREPACKED SLICED,101.409,2.4,
202205,211024,CONTINENTAL SLICED DELI MEAT,103.519,0.8,
202205,211025,JOINT OV/READ GAM/POR 450-900G,101.589,0.2,
202205,211026,CHICKEN KIEV 2 PACK 240-325G,114.291,0.6,
202205,211027,H K LIVER PER KG STATE TYPE,106.304,0.2,
202205,211029,COOKED MEAT TURKEY/CHICK SLICE,103.805,0.4,
202205,211030,MEAT BASED SNACK PACK MAX 400G,103.85,0.6,
202205,211031,COOKED HAM LOOSE PER 100G,98.299,0.8,
202205,211101,FRESH WHITE FISH FILLETS KG,105.762,0.45,
202205,211105,FRESH FISH-SALMON FILLETS-KG,107.556,0.7,
202205,211106,FROZEN PRAWNS PER KG,101.368,1.25,
202205,211207,"CANNED FISH, TUNA, 130G-200G",101.588,1.2,
202205,211210,FROZEN FISH FINGERS 8-12 PK,103.722,1.1,
202205,211211,FROZEN BREAD/BAT FISH 400-550G,104.418,0.3,
202205,211305,SPREADABLE BUTTER,109.926,0.48,
202205,211306,BUTTER 250G SPEC COO,108.893,0.42,
202205,211407,MARGARINE/LOW FAT SPREAD-500G,103.135,1.2,
202205,211408,OLIVE OIL - 500ML - 1 LITRE,112.463,0.69,
202205,211409,"PEANUT BUTTER, JAR, 225-350G",102.117,0.21,
202205,211501,CHEDDAR-HOME PRODUCED PER KG,109.101,1.68,
202205,211506,"CHEESE SPREAD, 125g-200g TUB",101.133,0.6,
202205,211509,HARD REGIONAL CHEESE PER KG,109.582,0.24,
202205,211510,PARMESAN CHEESE-PER KG,103.011,0.36,
202205,211511,SOFT CONTINENTAL CHEESE - KG,104.765,0.48,
202205,211604,EGGS PER DOZEN OR 2 X 6 BOX,105.619,1.2,
202205,211707,DELVD MILK SEMI-SKIMMED PER PT,100.544,0.12,
202205,211709,SHOP MILK-WHOLE MILK-4PT/2LTR,108.592,0.72,
202205,211710,MILK SEMI-PER 2 PINTS/1.136 L,110.344,2.4,
202205,211713,"MILK FLAVOURED, 180-500MLS/GMS",104.552,0.24,
202205,211714,NON-DAIRY MILK DRINK 900ML-1LT,108.635,0.24,
202205,211807,"YOGHURT/FROMAGE 4-6PK, 45-125G",106.455,1.44,
202205,211808,CHILLED POT DESSERT 125-200G,108.332,0.96,
202205,211814,YOGHURT-SMALL INDIVIDUAL,105.978,0.6,
202205,211815,FRESH DOUBLE CREAM 250ML-300ML,103.687,0.48,
202205,211816,POWDERED BABY FORMULA 400-900G,108.174,0.24,
202205,211901,TEA BAGS PKT OF 80 (230G-250G),103.109,0.36,
202205,211904,TEA BAGS-2-PACKET OF 240,103.907,0.1,
202205,211905,"FLAVRD TEA 15-20 BAGS, 30-40G",102.532,0.12,
202205,212001,"FRUIT SQUASH, 750ML - 1.5LT",105.748,0.9,
202205,212006,FRUIT JUICE NOT ORANGE 1L,101.285,0.54,
202205,212008,LEMONADE-2 LITRE BOTTLE,109.893,0.18,
202205,212010,MINERAL WATER STILL 1.5-2L,110.823,0.27,
202205,212015,FIZZY ENERGY DRINK 250-500ML,106.469,1.26,
202205,212016,FRESH/CHILL ORANGE JUICE 900ML,102.448,0.9,
202205,212017,FIZZY BOTTLED DRINK 500ML,103.143,1.53,
202205,212020,FRUIT DRINK BOTTLE 4-8 PACK,116.568,0.09,
202205,212021,BOTTLE STILL WATER 500ML,106.36,0.27,
202205,212022,MIXER DRINK BOTTLE 1L EG TONIC,106.048,0.63,
202205,212023,COLA/FIZZY DRINK 330ML PK 4-8,108.975,0.36,
202205,212024,FLAVOURED WATER BOTT 900ML-1.5,107.641,0.36,
202205,212025,"COLA DRINK, REG,BOTTLE,1.25-2L",106.451,0.72,
202205,212026,"COLA DRINK, DIET 1.25-2LTR",106.185,0.72,
202205,212027,FRUIT/VEG SMOOTHIE,99.379,0.27,
202205,212101,SUGAR -GRANULATED-WHITE-PER KG,102.96,0.48,
202205,212106,JAR OF JAM-340-454G,102.027,0.72,
202205,212107,HONEY JAR/BOTTLE 340G-454G,101.155,0.24,
202205,212202,MINTS,100.28,0.12,
202205,212211,CHOCOLATE 4,100.01,0.72,
202205,212214,FRUIT PASTILLES 2,100.783,0.36,
202205,212217,CHEWING/BUBBLE GUM-SINGLE PK,104.643,0.12,
202205,212218,CARTON/BOX OF CHOCS 150-400GM,106.805,1.44,
202205,212222,CHOCOLATE 10,99.776,1.92,
202205,212223,BRAND CHOC SWEETS 90-185G BAG,105.68,0.84,
202205,212224,"SWEETS, NOT CHOC, 150-250G BAG",95.747,0.48,
202205,212225,CHOCOLATE LARGE BAR 100-200G,102.58,1.92,
202205,212226,CHOCOLATE 12,99.177,0.48,
202205,212228,MALTED CHOCOLATE SWEETS,102.628,0.12,
202205,212309,POTATOES-NEW-PER KG,99.616,0.16,
202205,212310,POTATOES- OLD WHITE PER KG,102.131,0.48,
202205,212311,POTATOES- BAKING PR KG,93.821,0.16,
202205,212402,POTATO CRISPS 25G-50G,100.634,0.8,
202205,212404,POTATO CRISPS-MULTI-PACK,105.471,2.24,
202205,212405,FROZEN CHIPS 900G-1.5KG,105.708,1.12,
202205,212408,PREMIUM POTATO CRISPS/CHIPS,105.35,0.64,
202205,212409,P'PARED MASHED POTATO 400-650G,101.263,0.32,
202205,212504,FRESH VEG-CAULIFLOWER-EACH,102.167,0.48,
202205,212510,FRESH VEG-CUCUMBER-WHOLE,101.974,0.32,
202205,212511,FRESH VEG-LETTUCE-ICEBERG-EACH,105.363,0.32,
202205,212515,FRESH VEG-TOMATOES-PER KG,105.826,1.12,
202205,212516,FRESH VEG-CABBAGE-WHOLE-PER KG,104.661,0.32,
202205,212518,FRESH VEG-CARROTS-PER KG,100.001,0.32,
202205,212519,FRESH VEG-ONIONS-PER KG,99.531,0.64,
202205,212520,FRESH VEG-MUSHROOMS-PER KG,100.251,0.64,
202205,212527,PRE-PACKED SALAD 100-250G,100.724,0.48,
202205,212530,FRESH VEG-BROCCOLI-PER KG,100.506,0.32,
202205,212531,FRESH VEG-COURGETTE-PER KG,99.107,0.48,
202205,212532,FRESH VEG-PEPPERS -LOOSE OR KG,105.931,0.48,
202205,212533,VEGETABLE STIR FRY FRESH PACK,102.151,0.32,
202205,212535,SWEET POTATO PER KG OR EACH,100.554,0.32,
202205,212601,CANNED TOMATOES 390-400G,95.421,0.32,
202205,212603,"BAKED BEANS, 400-425G TIN",101.208,0.32,
202205,212608,CANNED SWEETCORN 198-340G,103.321,0.16,
202205,212609,FROZEN GARDEN PEAS 800G-1KG,105.427,0.16,
202205,212612,FROZEN PRE-PREPARED VEGTABLES,102.824,0.32,
202205,212613,PULSES CAN 390 - 420G,108.558,0.32,
202205,212709,ORANGES-CLASS 1-EACH,97.913,0.44,
202205,212710,AVOCADO PEAR-EACH,102.298,0.55,
202205,212712,KIWI FRUIT-EACH,105.075,0.22,
202205,212715,GRAPEFRUIT-EACH,102.092,0.22,
202205,212716,APPLES-COOKING-PER KG,101.366,0.22,
202205,212717,APPLES-DESSERT-PER KG,100.057,0.77,
202205,212718,PEARS-DESSERT-PER KG,100.965,0.22,
202205,212719,BANANAS-PER KG,103.902,0.99,
202205,212720,STRAWBERRIES PER KG OR PUNNET,78.381,1.1,
202205,212722,GRAPES-PER KG,99.865,0.77,
202205,212725,SMALL TYPE ORANGES PER PACK/KG,103.307,0.33,
202205,212726,PLUMS PER KG/PACK,97.761,0.66,
202205,212728,PINEAPPLE EACH,103.949,0.22,
202205,212730,FRUIT FRESH SNACKING 150-350G,104.921,0.44,
202205,212731,MELON EACH EG HONEYDEW,117.107,0.22,
202205,212732,LEMON EACH,101.869,0.22,
202205,212733,BLUEBERRIES PUNNET OR PER KG,99.85,0.66,
202205,212734,RASPBERRIES PUNNET OR PER KG,101.648,0.55,
202205,212806,PACKET OF PEANUTS 150-300G,99.785,1.32,
202205,212807,CANNED FRUIT-400-450G,105.717,0.44,
202205,212808,DRIED FRUIT - EG APRICOTS,100.604,0.44,
202205,212905,VEGETABLE PICKLE 280-520G,100.528,0.16,
202205,212910,CANNED SOUP-390-425G,104.503,0.45,
202205,212917,TOMATO KETCHUP BOTTLE 340-570G,99.19,0.6,
202205,212918,FRZN READY-COOKD MEAL SERVES 1,106.613,0.25,
202205,212923,COOK-IN SAUCE-JAR/CAN 350-520G,102.009,0.95,
202205,212928,FROZ VEG BURGER/GRILL 180-454G,116.902,0.32,
202205,212930,MAYONNAISE 390-500G/420-540MLS,117.53,0.45,
202205,212933,ICE CREAM 450ML-1L,101.795,1.08,
202205,212934,DRIED POTTED SNACK 50-120G,103.572,0.42,
202205,212936,CHILLED READY MEAL-MEAT-SERVS1,106.463,0.8,
202205,212937,CHILLED READY MEAL-FISH/VEG,106.4,0.75,
202205,212938,CHOCOLATE COVERED ICE CREAM,103.756,0.96,
202205,212939,CHILLED PIZZA EACH 300-600G,104.23,1.05,
202205,212940,PROTEIN POWDER 900G-2KG,107.312,0.35,
202205,212941,QUICHE 340G-450G,103.167,0.21,
202205,212942,VEGETABLE CRISPS PACK 80-125G,108.829,0.32,
202205,212943,YORKSHIRE PUDDING FROZEN,102.29,0.42,
202205,212944,SAUSAGE MEAT FREE CHILLED PACK,113.971,0.64,
202205,212945,HERBS DRIED JAR 3 - 20G,101.711,0.4,
202205,213003,COFFEE-INSTANT 90 -100G JAR,109.231,0.78,
202205,213005,HOT CHOCOLATE DRINK INSTANT,100.455,0.14,
202205,213006,COFFEE PODS PACK 8-16,100.138,0.22,
202205,213007,COFFEE SACHETS PACK,102.878,0.28,
202206,210102,LARGE LOAF-WHITE-UNSLICED-800G,105.577,0.42,
202206,210106,SIX BREAD ROLLS-WHITE/BROWN,106.997,0.84,
202206,210111,WHITE SLICED LOAF BRANDED 750G,108.676,1.26,
202206,210113,WHOLEMEAL SLICED LOAF BRANDED,109.305,0.84,
202206,210114,CHILLED GARLIC BREAD,101.038,1.47,
202206,210201,FLOUR-SELF-RAISING-1.5KG,118.241,0.42,
202206,210204,DRY SPAGHETTI OR PASTA 500G,121.17,0.21,
202206,210211,CORN SNACK SINGLE PACK MAX 50G,102.408,0.48,
202206,210212,BASMATI RICE 500G-1KG,104.655,0.42,
202206,210213,BREAKFAST CEREAL 1,105.351,1.05,
202206,210214,BREAKFAST CEREAL 2,106.321,1.89,
202206,210215,CEREAL BAR,91.072,0.63,
202206,210216,HOT OAT CEREAL,107.661,0.42,
202206,210217,RICE MICRO POUCH/TRAY 220-280G,99.438,0.21,
202206,210218,"POPCORN, BAG, 10-30G",98.02,0.84,
202206,210219,BREAKFAST CEREAL GLUTEN FREE,107.548,0.21,
202206,210221,COUSCOUS PLAIN/FLAVOURED,103.085,0.21,
202206,210301,CREAM CRACKERS PACK 200G-300G,106.286,0.84,
202206,210302,PLAIN BISCUITS-200-300G,114.154,1.47,
202206,210320,WHOLE SPONGE CAKE NOT FROZEN,104.661,1.26,
202206,210321,PACK OF 5-6 INDIVIDUAL CAKES,119.043,1.89,
202206,210323,BISCUITS HALF CHOC 260-400G,108.704,1.05,
202206,210324,CRUMPETS PACK 6-9 SPEC NUMBER,106.439,1.05,
202206,210403,HOME KILLED BEEF-LEAN MINCE KG,103.567,0.6,
202206,210406,HOME KLD BEEF-RUMP/POPES STEAK,105.886,1.2,
202206,210414,FROZEN BEEFBURGERS PACK OF 4,107.682,0.4,
202206,210416,BEEF ROASTING JOINT PER KG,104.163,0.4,
202206,210506,HK LAMB LOIN CHOP/STEAK PER KG,106.875,0.8,
202206,210507,HOME KILLED LAMB SHOULDER KG,107.386,1,
202206,210703,HOME KILLED PORK-LOIN CHOPS KG,105.949,1,
202206,210802,BACON-GAMMON-PER KG,103.431,0.4,
202206,210808,BACON-BACK-PER KG,109.783,1.8,
202206,210905,FRESH/CHILLED CHICKEN  PER KG,111.279,0.8,
202206,210910,FRESH BONELESS CHICKEN BREAST,110.753,1.6,
202206,210913,ROTISSERIE CHICKEN [WHOLE],114.917,0.2,
202206,210914,FRESH TURKEY DICED/MIN PER KG,104.663,0.2,
202206,211007,CANNED MEAT-STEWED STEAK,100.06,0.2,
202206,211011,INDIVIDUAL MEAT PIE,107.145,0.8,
202206,211014,SAUSAGES-PORK-PER KG,107.711,2,
202206,211019,FROZ CHICKEN NUGGETS 220-600G,109.167,0.6,
202206,211023,COOKED HAM PREPACKED SLICED,102.949,2.4,
202206,211024,CONTINENTAL SLICED DELI MEAT,104.49,0.8,
202206,211025,JOINT OV/READ GAM/POR 450-900G,101.286,0.2,
202206,211026,CHICKEN KIEV 2 PACK 240-325G,117.945,0.6,
202206,211027,H K LIVER PER KG STATE TYPE,106.714,0.2,
202206,211029,COOKED MEAT TURKEY/CHICK SLICE,105.856,0.4,
202206,211030,MEAT BASED SNACK PACK MAX 400G,103.893,0.6,
202206,211031,COOKED HAM LOOSE PER 100G,103.204,0.8,
202206,211101,FRESH WHITE FISH FILLETS KG,107.37,0.45,
202206,211105,FRESH FISH-SALMON FILLETS-KG,111.871,0.7,
202206,211106,FROZEN PRAWNS PER KG,100.826,1.25,
202206,211207,"CANNED FISH, TUNA, 130G-200G",108.916,1.2,
202206,211210,FROZEN FISH FINGERS 8-12 PK,103.505,1.1,
202206,211211,FROZEN BREAD/BAT FISH 400-550G,110.055,0.3,
202206,211305,SPREADABLE BUTTER,117.936,0.48,
202206,211306,BUTTER 250G SPEC COO,115.412,0.42,
202206,211407,MARGARINE/LOW FAT SPREAD-500G,97.701,1.2,
202206,211408,OLIVE OIL - 500ML - 1 LITRE,115.459,0.69,
202206,211409,"PEANUT BUTTER, JAR, 225-350G",101.202,0.21,
202206,211501,CHEDDAR-HOME PRODUCED PER KG,114.615,1.68,
202206,211506,"CHEESE SPREAD, 125g-200g TUB",116.346,0.6,
202206,211509,HARD REGIONAL CHEESE PER KG,110.734,0.24,
202206,211510,PARMESAN CHEESE-PER KG,102.741,0.36,
202206,211511,SOFT CONTINENTAL CHEESE - KG,107.089,0.48,
202206,211604,EGGS PER DOZEN OR 2 X 6 BOX,106.375,1.2,
202206,211707,DELVD MILK SEMI-SKIMMED PER PT,105.523,0.12,
202206,211709,SHOP MILK-WHOLE MILK-4PT/2LTR,111.833,0.72,
202206,211710,MILK SEMI-PER 2 PINTS/1.136 L,116.518,2.4,
202206,211713,"MILK FLAVOURED, 180-500MLS/GMS",106.875,0.24,
202206,211714,NON-DAIRY MILK DRINK 900ML-1LT,110.424,0.24,
202206,211807,"YOGHURT/FROMAGE 4-6PK, 45-125G",106.221,1.44,
202206,211808,CHILLED POT DESSERT 125-200G,109.37,0.96,
202206,211814,YOGHURT-SMALL INDIVIDUAL,109.263,0.6,
202206,211815,FRESH DOUBLE CREAM 250ML-300ML,104.265,0.48,
202206,211816,POWDERED BABY FORMULA 400-900G,107.325,0.24,
202206,211901,TEA BAGS PKT OF 80 (230G-250G),106.097,0.36,
202206,211904,TEA BAGS-2-PACKET OF 240,97.364,0.1,
202206,211905,"FLAVRD TEA 15-20 BAGS, 30-40G",107.871,0.12,
202206,212001,"FRUIT SQUASH, 750ML - 1.5LT",102.884,0.9,
202206,212006,FRUIT JUICE NOT ORANGE 1L,98.949,0.54,
202206,212008,LEMONADE-2 LITRE BOTTLE,113.658,0.18,
202206,212010,MINERAL WATER STILL 1.5-2L,116.985,0.27,
202206,212015,FIZZY ENERGY DRINK 250-500ML,106.443,1.26,
202206,212016,FRESH/CHILL ORANGE JUICE 900ML,99.026,0.9,
202206,212017,FIZZY BOTTLED DRINK 500ML,103.086,1.53,
202206,212020,FRUIT DRINK BOTTLE 4-8 PACK,100.882,0.09,
202206,212021,BOTTLE STILL WATER 500ML,106.328,0.27,
202206,212022,MIXER DRINK BOTTLE 1L EG TONIC,103.87,0.63,
202206,212023,COLA/FIZZY DRINK 330ML PK 4-8,101.167,0.36,
202206,212024,FLAVOURED WATER BOTT 900ML-1.5,110.9,0.36,
202206,212025,"COLA DRINK, REG,BOTTLE,1.25-2L",103.791,0.72,
202206,212026,"COLA DRINK, DIET 1.25-2LTR",101.926,0.72,
202206,212027,FRUIT/VEG SMOOTHIE,97.526,0.27,
202206,212101,SUGAR -GRANULATED-WHITE-PER KG,101.726,0.48,
202206,212106,JAR OF JAM-340-454G,104.035,0.72,
202206,212107,HONEY JAR/BOTTLE 340G-454G,102.896,0.24,
202206,212202,MINTS,101.489,0.12,
202206,212211,CHOCOLATE 4,101.654,0.72,
202206,212214,FRUIT PASTILLES 2,101.502,0.36,
202206,212217,CHEWING/BUBBLE GUM-SINGLE PK,105.015,0.12,
202206,212218,CARTON/BOX OF CHOCS 150-400GM,94.927,1.44,
202206,212222,CHOCOLATE 10,96.712,1.92,
202206,212223,BRAND CHOC SWEETS 90-185G BAG,102.506,0.84,
202206,212224,"SWEETS, NOT CHOC, 150-250G BAG",97.25,0.48,
202206,212225,CHOCOLATE LARGE BAR 100-200G,99.644,1.92,
202206,212226,CHOCOLATE 12,101.001,0.48,
202206,212228,MALTED CHOCOLATE SWEETS,102.809,0.12,
202206,212309,POTATOES-NEW-PER KG,102.611,0.16,
202206,212310,POTATOES- OLD WHITE PER KG,107.294,0.48,
202206,212311,POTATOES- BAKING PR KG,95.246,0.16,
202206,212402,POTATO CRISPS 25G-50G,100.982,0.8,
202206,212404,POTATO CRISPS-MULTI-PACK,104.041,2.24,
202206,212405,FROZEN CHIPS 900G-1.5KG,108.701,1.12,
202206,212408,PREMIUM POTATO CRISPS/CHIPS,101.16,0.64,
202206,212409,P'PARED MASHED POTATO 400-650G,101.049,0.32,
202206,212504,FRESH VEG-CAULIFLOWER-EACH,105.012,0.48,
202206,212510,FRESH VEG-CUCUMBER-WHOLE,106.182,0.32,
202206,212511,FRESH VEG-LETTUCE-ICEBERG-EACH,110.097,0.32,
202206,212515,FRESH VEG-TOMATOES-PER KG,105.451,1.12,
202206,212516,FRESH VEG-CABBAGE-WHOLE-PER KG,106.456,0.32,
202206,212518,FRESH VEG-CARROTS-PER KG,100.769,0.32,
202206,212519,FRESH VEG-ONIONS-PER KG,102.199,0.64,
202206,212520,FRESH VEG-MUSHROOMS-PER KG,100.474,0.64,
202206,212527,PRE-PACKED SALAD 100-250G,102.614,0.48,
202206,212530,FRESH VEG-BROCCOLI-PER KG,103.668,0.32,
202206,212531,FRESH VEG-COURGETTE-PER KG,98.874,0.48,
202206,212532,FRESH VEG-PEPPERS -LOOSE OR KG,106.048,0.48,
202206,212533,VEGETABLE STIR FRY FRESH PACK,103.525,0.32,
202206,212535,SWEET POTATO PER KG OR EACH,100.558,0.32,
202206,212601,CANNED TOMATOES 390-400G,98.334,0.32,
202206,212603,"BAKED BEANS, 400-425G TIN",111.905,0.32,
202206,212608,CANNED SWEETCORN 198-340G,104.048,0.16,
202206,212609,FROZEN GARDEN PEAS 800G-1KG,108.395,0.16,
202206,212612,FROZEN PRE-PREPARED VEGTABLES,106.379,0.32,
202206,212613,PULSES CAN 390 - 420G,109.757,0.32,
202206,212709,ORANGES-CLASS 1-EACH,97.976,0.44,
202206,212710,AVOCADO PEAR-EACH,100.427,0.55,
202206,212712,KIWI FRUIT-EACH,107.258,0.22,
202206,212715,GRAPEFRUIT-EACH,103.091,0.22,
202206,212716,APPLES-COOKING-PER KG,103.591,0.22,
202206,212717,APPLES-DESSERT-PER KG,99.734,0.77,
202206,212718,PEARS-DESSERT-PER KG,102.174,0.22,
202206,212719,BANANAS-PER KG,103.697,0.99,
202206,212720,STRAWBERRIES PER KG OR PUNNET,73.549,1.1,
202206,212722,GRAPES-PER KG,101.854,0.77,
202206,212725,SMALL TYPE ORANGES PER PACK/KG,102.781,0.33,
202206,212726,PLUMS PER KG/PACK,106.173,0.66,
202206,212728,PINEAPPLE EACH,105.778,0.22,
202206,212730,FRUIT FRESH SNACKING 150-350G,106.416,0.44,
202206,212731,MELON EACH EG HONEYDEW,116.702,0.22,
202206,212732,LEMON EACH,101.718,0.22,
202206,212733,BLUEBERRIES PUNNET OR PER KG,104.681,0.66,
202206,212734,RASPBERRIES PUNNET OR PER KG,99.843,0.55,
202206,212806,PACKET OF PEANUTS 150-300G,99.899,1.32,
202206,212807,CANNED FRUIT-400-450G,105.985,0.44,
202206,212808,DRIED FRUIT - EG APRICOTS,102.365,0.44,
202206,212905,VEGETABLE PICKLE 280-520G,101.12,0.16,
202206,212910,CANNED SOUP-390-425G,114.607,0.45,
202206,212917,TOMATO KETCHUP BOTTLE 340-570G,100.434,0.6,
202206,212918,FRZN READY-COOKD MEAL SERVES 1,106.776,0.25,
202206,212923,COOK-IN SAUCE-JAR/CAN 350-520G,104.093,0.95,
202206,212928,FROZ VEG BURGER/GRILL 180-454G,113.143,0.32,
202206,212930,MAYONNAISE 390-500G/420-540MLS,123.208,0.45,
202206,212933,ICE CREAM 450ML-1L,102.374,1.08,
202206,212934,DRIED POTTED SNACK 50-120G,104.213,0.42,
202206,212936,CHILLED READY MEAL-MEAT-SERVS1,110.76,0.8,
202206,212937,CHILLED READY MEAL-FISH/VEG,110.402,0.75,
202206,212938,CHOCOLATE COVERED ICE CREAM,105.269,0.96,
202206,212939,CHILLED PIZZA EACH 300-600G,99.489,1.05,
202206,212940,PROTEIN POWDER 900G-2KG,114.368,0.35,
202206,212941,QUICHE 340G-450G,108.545,0.21,
202206,212942,VEGETABLE CRISPS PACK 80-125G,112.932,0.32,
202206,212943,YORKSHIRE PUDDING FROZEN,108.093,0.42,
202206,212944,SAUSAGE MEAT FREE CHILLED PACK,112.781,0.64,
202206,212945,HERBS DRIED JAR 3 - 20G,101.163,0.4,
202206,213003,COFFEE-INSTANT 90 -100G JAR,107.777,0.78,
202206,213005,HOT CHOCOLATE DRINK INSTANT,100.639,0.14,
202206,213006,COFFEE PODS PACK 8-16,101.499,0.22,
202206,213007,COFFEE SACHETS PACK,100.861,0.28,
202207,210102,LARGE LOAF-WHITE-UNSLICED-800G,106.142,0.42,
202207,210106,SIX BREAD ROLLS-WHITE/BROWN,107.838,0.84,
202207,210111,WHITE SLICED LOAF BRANDED 750G,112.564,1.26,
202207,210113,WHOLEMEAL SLICED LOAF BRANDED,112.251,0.84,
202207,210114,CHILLED GARLIC BREAD,101.288,1.47,
202207,210201,FLOUR-SELF-RAISING-1.5KG,125.396,0.42,
202207,210204,DRY SPAGHETTI OR PASTA 500G,121.712,0.21,
202207,210211,CORN SNACK SINGLE PACK MAX 50G,100.496,0.48,
202207,210212,BASMATI RICE 500G-1KG,107.404,0.42,
202207,210213,BREAKFAST CEREAL 1,108.823,1.05,
202207,210214,BREAKFAST CEREAL 2,104.935,1.89,
202207,210215,CEREAL BAR,102.001,0.63,
202207,210216,HOT OAT CEREAL,111.506,0.42,
202207,210217,RICE MICRO POUCH/TRAY 220-280G,100.172,0.21,
202207,210218,"POPCORN, BAG, 10-30G",99.024,0.84,
202207,210219,BREAKFAST CEREAL GLUTEN FREE,110.253,0.21,
202207,210221,COUSCOUS PLAIN/FLAVOURED,107.482,0.21,
202207,210301,CREAM CRACKERS PACK 200G-300G,108.271,0.84,
202207,210302,PLAIN BISCUITS-200-300G,116.297,1.47,
202207,210320,WHOLE SPONGE CAKE NOT FROZEN,107.017,1.26,
202207,210321,PACK OF 5-6 INDIVIDUAL CAKES,121.123,1.89,
202207,210323,BISCUITS HALF CHOC 260-400G,109.666,1.05,
202207,210324,CRUMPETS PACK 6-9 SPEC NUMBER,109.746,1.05,
202207,210403,HOME KILLED BEEF-LEAN MINCE KG,104.726,0.6,
202207,210406,HOME KLD BEEF-RUMP/POPES STEAK,107.577,1.2,
202207,210414,FROZEN BEEFBURGERS PACK OF 4,111.848,0.4,
202207,210416,BEEF ROASTING JOINT PER KG,104.633,0.4,
202207,210506,HK LAMB LOIN CHOP/STEAK PER KG,107.73,0.8,
202207,210507,HOME KILLED LAMB SHOULDER KG,107.61,1,
202207,210703,HOME KILLED PORK-LOIN CHOPS KG,110.045,1,
202207,210802,BACON-GAMMON-PER KG,103.96,0.4,
202207,210808,BACON-BACK-PER KG,113.626,1.8,
202207,210905,FRESH/CHILLED CHICKEN  PER KG,112.953,0.8,
202207,210910,FRESH BONELESS CHICKEN BREAST,112.128,1.6,
202207,210913,ROTISSERIE CHICKEN [WHOLE],113.844,0.2,
202207,210914,FRESH TURKEY DICED/MIN PER KG,107.349,0.2,
202207,211007,CANNED MEAT-STEWED STEAK,100.345,0.2,
202207,211011,INDIVIDUAL MEAT PIE,111.558,0.8,
202207,211014,SAUSAGES-PORK-PER KG,106.368,2,
202207,211019,FROZ CHICKEN NUGGETS 220-600G,109.883,0.6,
202207,211023,COOKED HAM PREPACKED SLICED,100.078,2.4,
202207,211024,CONTINENTAL SLICED DELI MEAT,107.795,0.8,
202207,211025,JOINT OV/READ GAM/POR 450-900G,104.597,0.2,
202207,211026,CHICKEN KIEV 2 PACK 240-325G,120.351,0.6,
202207,211027,H K LIVER PER KG STATE TYPE,111.439,0.2,
202207,211029,COOKED MEAT TURKEY/CHICK SLICE,107.343,0.4,
202207,211030,MEAT BASED SNACK PACK MAX 400G,109.295,0.6,
202207,211031,COOKED HAM LOOSE PER 100G,116.512,0.8,
202207,211101,FRESH WHITE FISH FILLETS KG,109.872,0.45,
202207,211105,FRESH FISH-SALMON FILLETS-KG,113.037,0.7,
202207,211106,FROZEN PRAWNS PER KG,102.67,1.25,
202207,211207,"CANNED FISH, TUNA, 130G-200G",105.992,1.2,
202207,211210,FROZEN FISH FINGERS 8-12 PK,109.944,1.1,
202207,211211,FROZEN BREAD/BAT FISH 400-550G,109.124,0.3,
202207,211305,SPREADABLE BUTTER,124.158,0.48,
202207,211306,BUTTER 250G SPEC COO,118.656,0.42,
202207,211407,MARGARINE/LOW FAT SPREAD-500G,108.602,1.2,
202207,211408,OLIVE OIL - 500ML - 1 LITRE,121.049,0.69,
202207,211409,"PEANUT BUTTER, JAR, 225-350G",104.905,0.21,
202207,211501,CHEDDAR-HOME PRODUCED PER KG,120.145,1.68,
202207,211506,"CHEESE SPREAD, 125g-200g TUB",109.335,0.6,
202207,211509,HARD REGIONAL CHEESE PER KG,114.104,0.24,
202207,211510,PARMESAN CHEESE-PER KG,103.688,0.36,
202207,211511,SOFT CONTINENTAL CHEESE - KG,111.928,0.48,
202207,211604,EGGS PER DOZEN OR 2 X 6 BOX,108.899,1.2,
202207,211707,DELVD MILK SEMI-SKIMMED PER PT,119.617,0.12,
202207,211709,SHOP MILK-WHOLE MILK-4PT/2LTR,120.083,0.72,
202207,211710,MILK SEMI-PER 2 PINTS/1.136 L,123.424,2.4,
202207,211713,"MILK FLAVOURED, 180-500MLS/GMS",108.151,0.24,
202207,211714,NON-DAIRY MILK DRINK 900ML-1LT,108.943,0.24,
202207,211807,"YOGHURT/FROMAGE 4-6PK, 45-125G",108.179,1.44,
202207,211808,CHILLED POT DESSERT 125-200G,110.248,0.96,
202207,211814,YOGHURT-SMALL INDIVIDUAL,110.946,0.6,
202207,211815,FRESH DOUBLE CREAM 250ML-300ML,105.307,0.48,
202207,211816,POWDERED BABY FORMULA 400-900G,109.888,0.24,
202207,211901,TEA BAGS PKT OF 80 (230G-250G),103.975,0.36,
202207,211904,TEA BAGS-2-PACKET OF 240,105.232,0.1,
202207,211905,"FLAVRD TEA 15-20 BAGS, 30-40G",114.597,0.12,
202207,212001,"FRUIT SQUASH, 750ML - 1.5LT",102.808,0.9,
202207,212006,FRUIT JUICE NOT ORANGE 1L,108.344,0.54,
202207,212008,LEMONADE-2 LITRE BOTTLE,113.864,0.18,
202207,212010,MINERAL WATER STILL 1.5-2L,118.858,0.27,
202207,212015,FIZZY ENERGY DRINK 250-500ML,104.938,1.26,
202207,212016,FRESH/CHILL ORANGE JUICE 900ML,98.102,0.9,
202207,212017,FIZZY BOTTLED DRINK 500ML,103.681,1.53,
202207,212020,FRUIT DRINK BOTTLE 4-8 PACK,118.095,0.09,
202207,212021,BOTTLE STILL WATER 500ML,113.758,0.27,
202207,212022,MIXER DRINK BOTTLE 1L EG TONIC,110.57,0.63,
202207,212023,COLA/FIZZY DRINK 330ML PK 4-8,105.463,0.36,
202207,212024,FLAVOURED WATER BOTT 900ML-1.5,106.576,0.36,
202207,212025,"COLA DRINK, REG,BOTTLE,1.25-2L",106.139,0.72,
202207,212026,"COLA DRINK, DIET 1.25-2LTR",104.693,0.72,
202207,212027,FRUIT/VEG SMOOTHIE,101.987,0.27,
202207,212101,SUGAR -GRANULATED-WHITE-PER KG,101.831,0.48,
202207,212106,JAR OF JAM-340-454G,108.037,0.72,
202207,212107,HONEY JAR/BOTTLE 340G-454G,104.136,0.24,
202207,212202,MINTS,102.655,0.12,
202207,212211,CHOCOLATE 4,101.566,0.72,
202207,212214,FRUIT PASTILLES 2,102.682,0.36,
202207,212217,CHEWING/BUBBLE GUM-SINGLE PK,107.217,0.12,
202207,212218,CARTON/BOX OF CHOCS 150-400GM,99.653,1.44,
202207,212222,CHOCOLATE 10,100.387,1.92,
202207,212223,BRAND CHOC SWEETS 90-185G BAG,104.551,0.84,
202207,212224,"SWEETS, NOT CHOC, 150-250G BAG",96.625,0.48,
202207,212225,CHOCOLATE LARGE BAR 100-200G,102.177,1.92,
202207,212226,CHOCOLATE 12,101.569,0.48,
202207,212228,MALTED CHOCOLATE SWEETS,102.619,0.12,
202207,212309,POTATOES-NEW-PER KG,102.492,0.16,
202207,212310,POTATOES- OLD WHITE PER KG,115.288,0.48,
202207,212311,POTATOES- BAKING PR KG,97.602,0.16,
202207,212402,POTATO CRISPS 25G-50G,101.407,0.8,
202207,212404,POTATO CRISPS-MULTI-PACK,108.254,2.24,
202207,212405,FROZEN CHIPS 900G-1.5KG,114.695,1.12,
202207,212408,PREMIUM POTATO CRISPS/CHIPS,107.388,0.64,
202207,212409,P'PARED MASHED POTATO 400-650G,102.676,0.32,
202207,212504,FRESH VEG-CAULIFLOWER-EACH,106.575,0.48,
202207,212510,FRESH VEG-CUCUMBER-WHOLE,114.578,0.32,
202207,212511,FRESH VEG-LETTUCE-ICEBERG-EACH,115.402,0.32,
202207,212515,FRESH VEG-TOMATOES-PER KG,105.461,1.12,
202207,212516,FRESH VEG-CABBAGE-WHOLE-PER KG,108.588,0.32,
202207,212518,FRESH VEG-CARROTS-PER KG,107.991,0.32,
202207,212519,FRESH VEG-ONIONS-PER KG,97.386,0.64,
202207,212520,FRESH VEG-MUSHROOMS-PER KG,99.652,0.64,
202207,212527,PRE-PACKED SALAD 100-250G,102.234,0.48,
202207,212530,FRESH VEG-BROCCOLI-PER KG,108.755,0.32,
202207,212531,FRESH VEG-COURGETTE-PER KG,98.709,0.48,
202207,212532,FRESH VEG-PEPPERS -LOOSE OR KG,107.005,0.48,
202207,212533,VEGETABLE STIR FRY FRESH PACK,103.72,0.32,
202207,212535,SWEET POTATO PER KG OR EACH,101.209,0.32,
202207,212601,CANNED TOMATOES 390-400G,98.282,0.32,
202207,212603,"BAKED BEANS, 400-425G TIN",113.179,0.32,
202207,212608,CANNED SWEETCORN 198-340G,111.939,0.16,
202207,212609,FROZEN GARDEN PEAS 800G-1KG,116.133,0.16,
202207,212612,FROZEN PRE-PREPARED VEGTABLES,108.443,0.32,
202207,212613,PULSES CAN 390 - 420G,111.706,0.32,
202207,212709,ORANGES-CLASS 1-EACH,98.322,0.44,
202207,212710,AVOCADO PEAR-EACH,101.104,0.55,
202207,212712,KIWI FRUIT-EACH,109.428,0.22,
202207,212715,GRAPEFRUIT-EACH,97.406,0.22,
202207,212716,APPLES-COOKING-PER KG,105.565,0.22,
202207,212717,APPLES-DESSERT-PER KG,104.179,0.77,
202207,212718,PEARS-DESSERT-PER KG,103.473,0.22,
202207,212719,BANANAS-PER KG,104.703,0.99,
202207,212720,STRAWBERRIES PER KG OR PUNNET,72.258,1.1,
202207,212722,GRAPES-PER KG,103.272,0.77,
202207,212725,SMALL TYPE ORANGES PER PACK/KG,102.995,0.33,
202207,212726,PLUMS PER KG/PACK,104.928,0.66,
202207,212728,PINEAPPLE EACH,110.168,0.22,
202207,212730,FRUIT FRESH SNACKING 150-350G,105.936,0.44,
202207,212731,MELON EACH EG HONEYDEW,119.733,0.22,
202207,212732,LEMON EACH,100.213,0.22,
202207,212733,BLUEBERRIES PUNNET OR PER KG,106.593,0.66,
202207,212734,RASPBERRIES PUNNET OR PER KG,99.629,0.55,
202207,212806,PACKET OF PEANUTS 150-300G,100.313,1.32,
202207,212807,CANNED FRUIT-400-450G,106.74,0.44,
202207,212808,DRIED FRUIT - EG APRICOTS,103.933,0.44,
202207,212905,VEGETABLE PICKLE 280-520G,100.651,0.16,
202207,212910,CANNED SOUP-390-425G,123.91,0.45,
202207,212917,TOMATO KETCHUP BOTTLE 340-570G,105.918,0.6,
202207,212918,FRZN READY-COOKD MEAL SERVES 1,107.703,0.25,
202207,212923,COOK-IN SAUCE-JAR/CAN 350-520G,111.518,0.95,
202207,212928,FROZ VEG BURGER/GRILL 180-454G,119.491,0.32,
202207,212930,MAYONNAISE 390-500G/420-540MLS,124.828,0.45,
202207,212933,ICE CREAM 450ML-1L,101.81,1.08,
202207,212934,DRIED POTTED SNACK 50-120G,105.619,0.42,
202207,212936,CHILLED READY MEAL-MEAT-SERVS1,112.027,0.8,
202207,212937,CHILLED READY MEAL-FISH/VEG,111.586,0.75,
202207,212938,CHOCOLATE COVERED ICE CREAM,114.822,0.96,
202207,212939,CHILLED PIZZA EACH 300-600G,108.595,1.05,
202207,212940,PROTEIN POWDER 900G-2KG,111.065,0.35,
202207,212941,QUICHE 340G-450G,102.982,0.21,
202207,212942,VEGETABLE CRISPS PACK 80-125G,108.524,0.32,
202207,212943,YORKSHIRE PUDDING FROZEN,109.818,0.42,
202207,212944,SAUSAGE MEAT FREE CHILLED PACK,114.095,0.64,
202207,212945,HERBS DRIED JAR 3 - 20G,106.673,0.4,
202207,213003,COFFEE-INSTANT 90 -100G JAR,111.251,0.78,
202207,213005,HOT CHOCOLATE DRINK INSTANT,103.681,0.14,
202207,213006,COFFEE PODS PACK 8-16,102.616,0.22,
202207,213007,COFFEE SACHETS PACK,104.179,0.28,
202208,210102,LGE LOAF-WHTE-UNSLED-400-800G,107.785,0.42,
202208,210106,SIX BREAD ROLLS-WHITE/BROWN,109.092,0.84,
202208,210111,WHITE SLICED LOAF BRANDED 750G,114.968,1.26,
202208,210113,WHOLEMEAL SLICED LOAF BRANDED,114.322,0.84,
202208,210114,CHILLED GARLIC BREAD,103.35,1.47,
202208,210201,FLOUR-SELF-RAISING-1.5KG,125.514,0.42,
202208,210204,DRY SPAGHETTI OR PASTA 500G,122.803,0.21,
202208,210211,CORN SNACK SINGLE PACK MAX 50G,106.747,0.48,
202208,210212,BASMATI RICE 500G-1KG,109.825,0.42,
202208,210213,BREAKFAST CEREAL 1,106.102,1.05,
202208,210214,BREAKFAST CEREAL 2,105.786,1.89,
202208,210215,CEREAL BAR,90.791,0.63,
202208,210216,HOT OAT CEREAL,115.503,0.42,
202208,210217,RICE MICRO POUCH/TRAY 220-280G,101.4,0.21,
202208,210218,"POPCORN, BAG, 10-30G",100.983,0.84,
202208,210219,BREAKFAST CEREAL GLUTEN FREE,112.579,0.21,
202208,210221,COUSCOUS PLAIN/FLAVOURED,106.655,0.21,
202208,210301,CREAM CRACKERS PACK 200G-300G,109.969,0.84,
202208,210302,PLAIN BISCUITS-200-300G,117.52,1.47,
202208,210320,WHOLE SPONGE CAKE NOT FROZEN,111.017,1.26,
202208,210321,PACK OF 5-6 INDIVIDUAL CAKES,110.966,1.89,
202208,210323,BISCUITS HALF CHOC 260-400G,108.457,1.05,
202208,210324,CRUMPETS PACK 6-9 SPEC NUMBER,114.512,1.05,
202208,210403,HOME KILLED BEEF-LEAN MINCE KG,106.474,0.6,
202208,210406,HOME KLD BEEF-RUMP/POPES STEAK,109.663,1.2,
202208,210414,FROZEN BEEFBURGERS PACK OF 4,112.726,0.4,
202208,210416,BEEF ROASTING JOINT PER KG,105.827,0.4,
202208,210506,HK LAMB LOIN CHOP/STEAK PER KG,108.152,0.8,
202208,210507,HOME KILLED LAMB SHOULDER KG,110.996,1,
202208,210703,HOME KILLED PORK-LOIN CHOPS KG,110.566,1,
202208,210802,BACON-GAMMON-PER KG,104.067,0.4,
202208,210808,BACON-BACK-PER KG,112.977,1.8,
202208,210905,FRESH/CHILLED CHICKEN  PER KG,113.722,0.8,
202208,210910,FRESH BONELESS CHICKEN BREAST,113.88,1.6,
202208,210913,ROTISSERIE CHICKEN [WHOLE],114.162,0.2,
202208,210914,FRESH TURKEY DICED/MIN PER KG,106.634,0.2,
202208,211007,CANNED MEAT-STEWED STEAK,104.939,0.2,
202208,211011,INDIVIDUAL MEAT PIE,113.653,0.8,
202208,211014,SAUSAGES-PORK-PER KG,108.992,2,
202208,211019,FROZ CHICKEN NUGGETS 220-600G,107.095,0.6,
202208,211023,COOKED HAM PREPACKED SLICED,102.796,2.4,
202208,211024,CONTINENTAL SLICED DELI MEAT,107.709,0.8,
202208,211025,JOINT OV/READ GAM/POR 450-900G,106.873,0.2,
202208,211026,CHICKEN KIEV 2 PACK 240-325G,125.641,0.6,
202208,211027,H K LIVER PER KG STATE TYPE,111.056,0.2,
202208,211029,COOKED MEAT TURKEY/CHICK SLICE,108.833,0.4,
202208,211030,MEAT BASED SNACK PACK MAX 400G,108.619,0.6,
202208,211031,COOKED HAM LOOSE PER 100G,106.491,0.8,
202208,211101,FRESH WHITE FISH FILLETS KG,110.154,0.45,
202208,211105,FRESH FISH-SALMON FILLETS-KG,117.005,0.7,
202208,211106,FROZEN PRAWNS PER KG,106.198,1.25,
202208,211207,"CANNED FISH, TUNA, 130G-200G",110.02,1.2,
202208,211210,FROZEN FISH FINGERS 8-12 PK,113.546,1.1,
202208,211211,FROZEN BREAD/BAT FISH 400-550G,112.766,0.3,
202208,211305,SPREADABLE BUTTER,124.117,0.48,
202208,211306,BUTTER 250G SPEC COO,121.761,0.42,
202208,211407,MARGARINE/LOW FAT SPREAD-500G,111.904,1.2,
202208,211408,OLIVE OIL - 500ML - 1 LITRE,124.779,0.69,
202208,211409,"PEANUT BUTTER, JAR, 225-350G",104.553,0.21,
202208,211501,CHEDDAR-HOME PRODUCED PER KG,124.96,1.68,
202208,211506,"CHEESE SPREAD, 125g-200g TUB",122.63,0.6,
202208,211509,HARD REGIONAL CHEESE PER KG,124.919,0.24,
202208,211510,PARMESAN CHEESE-PER KG,105.012,0.36,
202208,211511,SOFT CONTINENTAL CHEESE - KG,118.309,0.48,
202208,211604,EGGS PER DOZEN OR 2 X 6 BOX,113.073,1.2,
202208,211707,DELVD MILK SEMI-SKIMMED PER PT,119.832,0.12,
202208,211709,SHOP MILK-WHOLE MILK-4PT/2LTR,123.831,0.72,
202208,211710,MILK SEMI-PER 2 PINTS/1.136 L,130.805,2.4,
202208,211713,"MILK FLAVOURED, 180-500MLS/GMS",107.223,0.24,
202208,211714,NON-DAIRY MILK DRINK 900ML-1LT,112.882,0.24,
202208,211807,"YOGHURT/FROMAGE 4-6PK, 45-125G",111.525,1.44,
202208,211808,CHILLED POT DESSERT 125-200G,108.618,0.96,
202208,211814,YOGHURT-SMALL INDIVIDUAL,114.82,0.6,
202208,211815,FRESH DOUBLE CREAM 250ML-300ML,110.1,0.48,
202208,211816,POWDERED BABY FORMULA 400-900G,108.147,0.24,
202208,211901,TEA BAGS PKT OF 80 (230G-250G),105.606,0.36,
202208,211904,TEA BAGS-2-PACKET OF 240,103.526,0.1,
202208,211905,"FLAVRD TEA 15-20 BAGS, 30-40G",121.516,0.12,
202208,212001,"FRUIT SQUASH, 750ML - 1.5LT",99.04,0.9,
202208,212006,FRUIT JUICE NOT ORANGE 1L,108.99,0.54,
202208,212008,LEMONADE-2 LITRE BOTTLE,116.711,0.18,
202208,212010,MINERAL WATER STILL 1.5-2L,118.202,0.27,
202208,212015,FIZZY ENERGY DRINK 250-500ML,106.629,1.26,
202208,212016,FRESH/CHILL ORANGE JUICE 900ML,108.764,0.9,
202208,212017,FIZZY BOTTLED DRINK 500ML,104.264,1.53,
202208,212020,FRUIT DRINK BOTTLE 4-8 PACK,118.312,0.09,
202208,212021,BOTTLE STILL WATER 500ML,114.263,0.27,
202208,212022,MIXER DRINK BOTTLE 1L EG TONIC,110.944,0.63,
202208,212023,COLA/FIZZY DRINK 330ML PK 4-8,102.829,0.36,
202208,212024,FLAVOURED WATER BOTT 900ML-1.5,115.003,0.36,
202208,212025,"COLA DRINK, REG,BOTTLE,1.25-2L",106.457,0.72,
202208,212026,"COLA DRINK, DIET 1.25-2LTR",106.388,0.72,
202208,212027,FRUIT/VEG SMOOTHIE,101.672,0.27,
202208,212101,SUGAR -GRANULATED-WHITE-PER KG,102.607,0.48,
202208,212106,JAR OF JAM-340-454G,119.862,0.72,
202208,212107,HONEY JAR/BOTTLE 340G-454G,105.372,0.24,
202208,212202,MINTS,102.59,0.12,
202208,212211,CHOCOLATE 4,101.581,0.72,
202208,212214,FRUIT PASTILLES 2,102.163,0.36,
202208,212217,CHEWING/BUBBLE GUM-SINGLE PK,107.947,0.12,
202208,212218,CARTON/BOX OF CHOCS 150-400GM,109.896,1.44,
202208,212222,CHOCOLATE 10,101.023,1.92,
202208,212223,BRAND CHOC SWEETS 90-185G BAG,105.326,0.84,
202208,212224,"SWEETS, NOT CHOC, 150-250G BAG",95.304,0.48,
202208,212225,CHOCOLATE LARGE BAR 100-200G,100.169,1.92,
202208,212226,CHOCOLATE 12,104.82,0.48,
202208,212228,MALTED CHOCOLATE SWEETS,102.837,0.12,
202208,212309,POTATOES-NEW-PER KG,105.534,0.16,
202208,212310,POTATOES- OLD WHITE PER KG,116.947,0.48,
202208,212311,POTATOES- BAKING PR KG,97.711,0.16,
202208,212402,POTATO CRISPS 25G-50G,103.531,0.8,
202208,212404,POTATO CRISPS-MULTI-PACK,115.266,2.24,
202208,212405,FROZEN CHIPS 900G-1.5KG,115.265,1.12,
202208,212408,PREMIUM POTATO CRISPS/CHIPS,98.474,0.64,
202208,212409,P'PARED MASHED POTATO 400-650G,104.48,0.32,
202208,212504,FRESH VEG-CAULIFLOWER-EACH,106.528,0.48,
202208,212510,FRESH VEG-CUCUMBER-WHOLE,122.216,0.32,
202208,212511,FRESH VEG-LETTUCE-ICEBERG-EACH,117.16,0.32,
202208,212515,FRESH VEG-TOMATOES-PER KG,104.748,1.12,
202208,212516,FRESH VEG-CABBAGE-WHOLE-PER KG,107.996,0.32,
202208,212518,FRESH VEG-CARROTS-PER KG,108.88,0.32,
202208,212519,FRESH VEG-ONIONS-PER KG,97.183,0.64,
202208,212520,FRESH VEG-MUSHROOMS-PER KG,100.701,0.64,
202208,212527,PRE-PACKED SALAD 100-250G,103.538,0.48,
202208,212530,FRESH VEG-BROCCOLI-PER KG,111.481,0.32,
202208,212531,FRESH VEG-COURGETTE-PER KG,96.762,0.48,
202208,212532,FRESH VEG-PEPPERS -LOOSE OR KG,109.262,0.48,
202208,212533,VEGETABLE STIR FRY FRESH PACK,108.736,0.32,
202208,212535,SWEET POTATO PER KG OR EACH,101.862,0.32,
202208,212601,CANNED TOMATOES 390-400G,99.143,0.32,
202208,212603,"BAKED BEANS, 400-425G TIN",118.85,0.32,
202208,212608,CANNED SWEETCORN 198-340G,118.545,0.16,
202208,212609,FROZEN GARDEN PEAS 800G-1KG,115.23,0.16,
202208,212612,FROZEN PRE-PREPARED VEGTABLES,110.994,0.32,
202208,212613,PULSES CAN 390 - 420G,113.719,0.32,
202208,212709,ORANGES-CLASS 1-EACH,100.545,0.44,
202208,212710,AVOCADO PEAR-EACH,98.721,0.55,
202208,212712,KIWI FRUIT-EACH,108.797,0.22,
202208,212715,GRAPEFRUIT-EACH,104.761,0.22,
202208,212716,APPLES-COOKING-PER KG,105.741,0.22,
202208,212717,APPLES-DESSERT-PER KG,104.083,0.77,
202208,212718,PEARS-DESSERT-PER KG,104.358,0.22,
202208,212719,BANANAS-PER KG,104.78,0.99,
202208,212720,STRAWBERRIES PER KG OR PUNNET,72.062,1.1,
202208,212722,GRAPES-PER KG,100.956,0.77,
202208,212725,SMALL TYPE ORANGES PER PACK/KG,104.636,0.33,
202208,212726,PLUMS PER KG/PACK,105.399,0.66,
202208,212728,PINEAPPLE EACH,112.763,0.22,
202208,212730,FRUIT FRESH SNACKING 150-350G,108.382,0.44,
202208,212731,MELON EACH EG HONEYDEW,124.851,0.22,
202208,212732,LEMON EACH,97.934,0.22,
202208,212733,BLUEBERRIES PUNNET OR PER KG,101.021,0.66,
202208,212734,RASPBERRIES PUNNET OR PER KG,98.59,0.55,
202208,212806,PACKET OF PEANUTS 150-300G,101.016,1.32,
202208,212807,CANNED FRUIT-400-450G,109.767,0.44,
202208,212808,DRIED FRUIT - EG APRICOTS,104.77,0.44,
202208,212905,VEGETABLE PICKLE 280-520G,105.038,0.16,
202208,212910,CANNED SOUP-390-425G,130.412,0.45,
202208,212917,TOMATO KETCHUP BOTTLE 340-570G,108.332,0.6,
202208,212918,FRZN READY-COOKD MEAL SERVES 1,112.765,0.25,
202208,212923,COOK-IN SAUCE-JAR/CAN 350-520G,112.174,0.95,
202208,212928,FROZ VEG BURGER/GRILL 180-454G,120.053,0.32,
202208,212930,MAYONNAISE 390-500G/420-540MLS,122.013,0.45,
202208,212933,ICE CREAM 450ML-1L,102.95,1.08,
202208,212934,DRIED POTTED SNACK 50-120G,105.276,0.42,
202208,212936,CHILLED READY MEAL-MEAT-SERVS1,114.803,0.8,
202208,212937,CHILLED READY MEAL-FISH/VEG,113.72,0.75,
202208,212938,CHOCOLATE COVERED ICE CREAM,112.802,0.96,
202208,212939,CHILLED PIZZA EACH 300-600G,112.934,1.05,
202208,212940,PROTEIN POWDER 900G-2KG,118.607,0.35,
202208,212941,QUICHE 340G-450G,113.794,0.21,
202208,212942,VEGETABLE CRISPS PACK 80-125G,113.01,0.32,
202208,212943,YORKSHIRE PUDDING FROZEN,111.587,0.42,
202208,212944,SAUSAGE MEAT FREE CHILLED PACK,116.349,0.64,
202208,212945,HERBS DRIED JAR 3 - 20G,110.16,0.4,
202208,213003,COFFEE-INSTANT 90 -100G JAR,106.182,0.78,
202208,213005,HOT CHOCOLATE DRINK INSTANT,105.296,0.14,
202208,213006,COFFEE PODS PACK 8-16,102.922,0.22,
202208,213007,COFFEE SACHETS PACK,103.988,0.28,
202209,210102,LGE LOAF-WHTE-UNSLED-400-800G,107.983,0.42,
202209,210106,SIX BREAD ROLLS-WHITE/BROWN,109.662,0.84,
202209,210111,WHITE SLICED LOAF BRANDED 750G,117.04,1.26,
202209,210113,WHOLEMEAL SLICED LOAF BRANDED,117.194,0.84,
202209,210114,CHILLED GARLIC BREAD,106.364,1.47,
202209,210201,FLOUR-SELF-RAISING-1.5KG,127.197,0.42,
202209,210204,DRY SPAGHETTI OR PASTA 500G,123.828,0.21,
202209,210211,CORN SNACK SINGLE PACK MAX 50G,107.268,0.48,
202209,210212,BASMATI RICE 500G-1KG,108.48,0.42,
202209,210213,BREAKFAST CEREAL 1,106.992,1.05,
202209,210214,BREAKFAST CEREAL 2,103.937,1.89,
202209,210215,CEREAL BAR,97.4,0.63,
202209,210216,HOT OAT CEREAL,113.722,0.42,
202209,210217,RICE MICRO POUCH/TRAY 220-280G,99.805,0.21,
202209,210218,"POPCORN, BAG, 10-30G",103.259,0.84,
202209,210219,BREAKFAST CEREAL GLUTEN FREE,109.564,0.21,
202209,210221,COUSCOUS PLAIN/FLAVOURED,108.576,0.21,
202209,210301,CREAM CRACKERS PACK 200G-300G,114.329,0.84,
202209,210302,PLAIN BISCUITS-200-300G,117.583,1.47,
202209,210320,WHOLE SPONGE CAKE NOT FROZEN,107.163,1.26,
202209,210321,PACK OF 5-6 INDIVIDUAL CAKES,122.647,1.89,
202209,210323,BISCUITS HALF CHOC 260-400G,114.253,1.05,
202209,210324,CRUMPETS PACK 6-9 SPEC NUMBER,114.001,1.05,
202209,210403,HOME KILLED BEEF-LEAN MINCE KG,107.929,0.6,
202209,210406,HOME KLD BEEF-RUMP/POPES STEAK,109.502,1.2,
202209,210414,FROZEN BEEFBURGERS PACK OF 4,115.612,0.4,
202209,210416,BEEF ROASTING JOINT PER KG,109.271,0.4,
202209,210506,HK LAMB LOIN CHOP/STEAK PER KG,108.661,0.8,
202209,210507,HOME KILLED LAMB SHOULDER KG,108.773,1,
202209,210703,HOME KILLED PORK-LOIN CHOPS KG,115.331,1,
202209,210802,BACON-GAMMON-PER KG,104.128,0.4,
202209,210808,BACON-BACK-PER KG,116.642,1.8,
202209,210905,FRESH/CHILLED CHICKEN  PER KG,115.38,0.8,
202209,210910,FRESH BONELESS CHICKEN BREAST,113.879,1.6,
202209,210913,ROTISSERIE CHICKEN [WHOLE],115.231,0.2,
202209,210914,FRESH TURKEY DICED/MIN PER KG,104.956,0.2,
202209,211007,CANNED MEAT-STEWED STEAK,106.75,0.2,
202209,211011,INDIVIDUAL MEAT PIE,116.888,0.8,
202209,211014,SAUSAGES-PORK-PER KG,110.082,2,
202209,211019,FROZ CHICKEN NUGGETS 220-600G,113.767,0.6,
202209,211023,COOKED HAM PREPACKED SLICED,105.506,2.4,
202209,211024,CONTINENTAL SLICED DELI MEAT,111.174,0.8,
202209,211025,JOINT OV/READ GAM/POR 450-900G,103.042,0.2,
202209,211026,CHICKEN KIEV 2 PACK 240-325G,123.123,0.6,
202209,211027,H K LIVER PER KG STATE TYPE,124.143,0.2,
202209,211029,COOKED MEAT TURKEY/CHICK SLICE,109.74,0.4,
202209,211030,MEAT BASED SNACK PACK MAX 400G,111.851,0.6,
202209,211031,COOKED HAM LOOSE PER 100G,101.688,0.8,
202209,211101,FRESH WHITE FISH FILLETS KG,110.523,0.45,
202209,211105,FRESH FISH-SALMON FILLETS-KG,116.338,0.7,
202209,211106,FROZEN PRAWNS PER KG,104.278,1.25,
202209,211207,"CANNED FISH, TUNA, 130G-200G",105.933,1.2,
202209,211210,FROZEN FISH FINGERS 8-12 PK,114.137,1.1,
202209,211211,FROZEN BREAD/BAT FISH 400-550G,115.456,0.3,
202209,211305,SPREADABLE BUTTER,123.218,0.48,
202209,211306,BUTTER 250G SPEC COO,124.229,0.42,
202209,211407,MARGARINE/LOW FAT SPREAD-500G,118.022,1.2,
202209,211408,OLIVE OIL - 500ML - 1 LITRE,124.377,0.69,
202209,211409,"PEANUT BUTTER, JAR, 225-350G",103.957,0.21,
202209,211501,CHEDDAR-HOME PRODUCED PER KG,125.587,1.68,
202209,211506,"CHEESE SPREAD, 125g-200g TUB",121.52,0.6,
202209,211509,HARD REGIONAL CHEESE PER KG,127.516,0.24,
202209,211510,PARMESAN CHEESE-PER KG,105.613,0.36,
202209,211511,SOFT CONTINENTAL CHEESE - KG,118.198,0.48,
202209,211604,EGGS PER DOZEN OR 2 X 6 BOX,118.199,1.2,
202209,211707,DELVD MILK SEMI-SKIMMED PER PT,120.988,0.12,
202209,211709,SHOP MILK-WHOLE MILK-4PT/2LTR,123.974,0.72,
202209,211710,MILK SEMI-PER 2 PINTS/1.136 L,132.018,2.4,
202209,211713,"MILK FLAVOURED, 180-500MLS/GMS",119.306,0.24,
202209,211714,NON-DAIRY MILK DRINK 900ML-1LT,115.771,0.24,
202209,211807,"YOGHURT/FROMAGE 4-6PK, 45-125G",106.675,1.44,
202209,211808,CHILLED POT DESSERT 125-200G,114.66,0.96,
202209,211814,YOGHURT-SMALL INDIVIDUAL,115.826,0.6,
202209,211815,FRESH DOUBLE CREAM 250ML-300ML,111.304,0.48,
202209,211816,POWDERED BABY FORMULA 400-900G,110.401,0.24,
202209,211901,TEA BAGS PKT OF 80 (230G-250G),108.491,0.36,
202209,211904,TEA BAGS-2-PACKET OF 240,106.196,0.1,
202209,211905,"FLAVRD TEA 15-20 BAGS, 30-40G",116.264,0.12,
202209,212001,"FRUIT SQUASH, 750ML - 1.5LT",108.539,0.9,
202209,212006,FRUIT JUICE NOT ORANGE 1L,110.563,0.54,
202209,212008,LEMONADE-2 LITRE BOTTLE,119.843,0.18,
202209,212010,MINERAL WATER STILL 1.5-2L,124.718,0.27,
202209,212015,FIZZY ENERGY DRINK 250-500ML,104.532,1.26,
202209,212016,FRESH/CHILL ORANGE JUICE 900ML,108.757,0.9,
202209,212017,FIZZY BOTTLED DRINK 500ML,105.579,1.53,
202209,212020,FRUIT DRINK BOTTLE 4-8 PACK,105.525,0.09,
202209,212021,BOTTLE STILL WATER 500ML,116.78,0.27,
202209,212022,MIXER DRINK BOTTLE 1L EG TONIC,113.637,0.63,
202209,212023,COLA/FIZZY DRINK 330ML PK 4-8,106.903,0.36,
202209,212024,FLAVOURED WATER BOTT 900ML-1.5,113.27,0.36,
202209,212025,"COLA DRINK, REG,BOTTLE,1.25-2L",109.112,0.72,
202209,212026,"COLA DRINK, DIET 1.25-2LTR",110.931,0.72,
202209,212027,FRUIT/VEG SMOOTHIE,99.939,0.27,
202209,212101,SUGAR -GRANULATED-WHITE-PER KG,101.651,0.48,
202209,212106,JAR OF JAM-340-454G,118.64,0.72,
202209,212107,HONEY JAR/BOTTLE 340G-454G,104.644,0.24,
202209,212202,MINTS,102.875,0.12,
202209,212211,CHOCOLATE 4,101.54,0.72,
202209,212214,FRUIT PASTILLES 2,101.561,0.36,
202209,212217,CHEWING/BUBBLE GUM-SINGLE PK,108.545,0.12,
202209,212218,CARTON/BOX OF CHOCS 150-400GM,108.27,1.44,
202209,212222,CHOCOLATE 10,101.223,1.92,
202209,212223,BRAND CHOC SWEETS 90-185G BAG,101.868,0.84,
202209,212224,"SWEETS, NOT CHOC, 150-250G BAG",100.94,0.48,
202209,212225,CHOCOLATE LARGE BAR 100-200G,104.213,1.92,
202209,212226,CHOCOLATE 12,108.562,0.48,
202209,212228,MALTED CHOCOLATE SWEETS,103.239,0.12,
202209,212309,POTATOES-NEW-PER KG,105.89,0.16,
202209,212310,POTATOES- OLD WHITE PER KG,119.352,0.48,
202209,212311,POTATOES- BAKING PR KG,100.415,0.16,
202209,212402,POTATO CRISPS 25G-50G,103.782,0.8,
202209,212404,POTATO CRISPS-MULTI-PACK,108.976,2.24,
202209,212405,FROZEN CHIPS 900G-1.5KG,119.713,1.12,
202209,212408,PREMIUM POTATO CRISPS/CHIPS,99.121,0.64,
202209,212409,P'PARED MASHED POTATO 400-650G,107.097,0.32,
202209,212504,FRESH VEG-CAULIFLOWER-EACH,107.222,0.48,
202209,212510,FRESH VEG-CUCUMBER-WHOLE,122.645,0.32,
202209,212511,FRESH VEG-LETTUCE-ICEBERG-EACH,117.217,0.32,
202209,212515,FRESH VEG-TOMATOES-PER KG,106.87,1.12,
202209,212516,FRESH VEG-CABBAGE-WHOLE-PER KG,108.712,0.32,
202209,212518,FRESH VEG-CARROTS-PER KG,110.211,0.32,
202209,212519,FRESH VEG-ONIONS-PER KG,98.351,0.64,
202209,212520,FRESH VEG-MUSHROOMS-PER KG,101.512,0.64,
202209,212527,PRE-PACKED SALAD 100-250G,107.554,0.48,
202209,212530,FRESH VEG-BROCCOLI-PER KG,115.464,0.32,
202209,212531,FRESH VEG-COURGETTE-PER KG,101.094,0.48,
202209,212532,FRESH VEG-PEPPERS -LOOSE OR KG,111.543,0.48,
202209,212533,VEGETABLE STIR FRY FRESH PACK,110.621,0.32,
202209,212535,SWEET POTATO PER KG OR EACH,102.722,0.32,
202209,212601,CANNED TOMATOES 390-400G,99.493,0.32,
202209,212603,"BAKED BEANS, 400-425G TIN",119.251,0.32,
202209,212608,CANNED SWEETCORN 198-340G,119.338,0.16,
202209,212609,FROZEN GARDEN PEAS 800G-1KG,117.778,0.16,
202209,212612,FROZEN PRE-PREPARED VEGTABLES,113.554,0.32,
202209,212613,PULSES CAN 390 - 420G,115.584,0.32,
202209,212709,ORANGES-CLASS 1-EACH,100.588,0.44,
202209,212710,AVOCADO PEAR-EACH,98.091,0.55,
202209,212712,KIWI FRUIT-EACH,108.897,0.22,
202209,212715,GRAPEFRUIT-EACH,104.513,0.22,
202209,212716,APPLES-COOKING-PER KG,104.547,0.22,
202209,212717,APPLES-DESSERT-PER KG,103.84,0.77,
202209,212718,PEARS-DESSERT-PER KG,102.266,0.22,
202209,212719,BANANAS-PER KG,105.185,0.99,
202209,212720,STRAWBERRIES PER KG OR PUNNET,83.344,1.1,
202209,212722,GRAPES-PER KG,101.201,0.77,
202209,212725,SMALL TYPE ORANGES PER PACK/KG,103.826,0.33,
202209,212726,PLUMS PER KG/PACK,107.731,0.66,
202209,212728,PINEAPPLE EACH,114.599,0.22,
202209,212730,FRUIT FRESH SNACKING 150-350G,107.481,0.44,
202209,212731,MELON EACH EG HONEYDEW,130.532,0.22,
202209,212732,LEMON EACH,99.246,0.22,
202209,212733,BLUEBERRIES PUNNET OR PER KG,104.054,0.66,
202209,212734,RASPBERRIES PUNNET OR PER KG,100.486,0.55,
202209,212806,PACKET OF PEANUTS 150-300G,99.814,1.32,
202209,212807,CANNED FRUIT-400-450G,114.368,0.44,
202209,212808,DRIED FRUIT - EG APRICOTS,103.654,0.44,
202209,212905,VEGETABLE PICKLE 280-520G,106.176,0.16,
202209,212910,CANNED SOUP-390-425G,130.935,0.45,
202209,212917,TOMATO KETCHUP BOTTLE 340-570G,104.52,0.6,
202209,212918,FRZN READY-COOKD MEAL SERVES 1,114.188,0.25,
202209,212923,COOK-IN SAUCE-JAR/CAN 350-520G,112.602,0.95,
202209,212928,FROZ VEG BURGER/GRILL 180-454G,123.103,0.32,
202209,212930,MAYONNAISE 390-500G/420-540MLS,124.359,0.45,
202209,212933,ICE CREAM 450ML-1L,108.4,1.08,
202209,212934,DRIED POTTED SNACK 50-120G,103.223,0.42,
202209,212936,CHILLED READY MEAL-MEAT-SERVS1,116.614,0.8,
202209,212937,CHILLED READY MEAL-FISH/VEG,115.245,0.75,
202209,212938,CHOCOLATE COVERED ICE CREAM,114.329,0.96,
202209,212939,CHILLED PIZZA EACH 300-600G,109.046,1.05,
202209,212940,PROTEIN POWDER 900G-2KG,121.852,0.35,
202209,212941,QUICHE 340G-450G,109.228,0.21,
202209,212942,VEGETABLE CRISPS PACK 80-125G,112.808,0.32,
202209,212943,YORKSHIRE PUDDING FROZEN,111.204,0.42,
202209,212944,SAUSAGE MEAT FREE CHILLED PACK,114.749,0.64,
202209,212945,HERBS DRIED JAR 3 - 20G,106.344,0.4,
202209,213003,COFFEE-INSTANT 90 -100G JAR,111.177,0.78,
202209,213005,HOT CHOCOLATE DRINK INSTANT,103.177,0.14,
202209,213006,COFFEE PODS PACK 8-16,103.722,0.22,
202209,213007,COFFEE SACHETS PACK,100.567,0.28,
202210,210102,LGE LOAF-WHTE-UNSLED-750-800G,110.036,0.42,
202210,210106,SIX BREAD ROLLS-WHITE/BROWN,108.011,0.84,
202210,210111,WHITE SLICED LOAF BRANDED 750G,118.69,1.26,
202210,210113,WHOLEMEAL SLICED LOAF BRANDED,118.534,0.84,
202210,210114,CHILLED GARLIC BREAD,104.772,1.47,
202210,210201,FLOUR-SELF-RAISING-1.5KG,126.188,0.42,
202210,210204,DRY SPAGHETTI OR PASTA 500G,129.218,0.21,
202210,210211,CORN SNACK SINGLE PACK MAX 50G,105.31,0.48,
202210,210212,BASMATI RICE 500G-1KG,112.757,0.42,
202210,210213,BREAKFAST CEREAL 1,109.444,1.05,
202210,210214,BREAKFAST CEREAL 2,109.8,1.89,
202210,210215,CEREAL BAR,101.507,0.63,
202210,210216,HOT OAT CEREAL,110.73,0.42,
202210,210217,RICE MICRO POUCH/TRAY 220-280G,97.676,0.21,
202210,210218,"POPCORN, BAG, 10-30G",98.88,0.84,
202210,210219,BREAKFAST CEREAL GLUTEN FREE,106.86,0.21,
202210,210221,COUSCOUS PLAIN/FLAVOURED,117.906,0.21,
202210,210301,CREAM CRACKERS PACK 200G-300G,114.713,0.84,
202210,210302,PLAIN BISCUITS-200-300G,117.042,1.47,
202210,210320,WHOLE SPONGE CAKE NOT FROZEN,112.78,1.26,
202210,210321,PACK OF 5-6 INDIVIDUAL CAKES,122.693,1.89,
202210,210323,BISCUITS HALF CHOC 260-400G,109.592,1.05,
202210,210324,CRUMPETS PACK 6-9 SPEC NUMBER,109.999,1.05,
202210,210403,HOME KILLED BEEF-LEAN MINCE KG,108.863,0.6,
202210,210406,HOME KLD BEEF-RUMP/POPES STEAK,111.808,1.2,
202210,210414,FROZEN BEEFBURGERS PACK OF 4,114.222,0.4,
202210,210416,BEEF ROASTING JOINT PER KG,111.184,0.4,
202210,210506,HK LAMB LOIN CHOP/STEAK PER KG,109.383,0.8,
202210,210507,HOME KILLED LAMB SHOULDER KG,110.537,1,
202210,210703,HOME KILLED PORK-LOIN CHOPS KG,118.041,1,
202210,210802,BACON-GAMMON-PER KG,105.661,0.4,
202210,210808,BACON-BACK-PER KG,115.879,1.8,
202210,210905,FRESH/CHILLED CHICKEN  PER KG,119.146,0.8,
202210,210910,FRESH BONELESS CHICKEN BREAST,115.936,1.6,
202210,210913,ROTISSERIE CHICKEN [WHOLE],114.285,0.2,
202210,210914,FRESH TURKEY DICED/MIN PER KG,106.461,0.2,
202210,211007,CANNED MEAT-STEWED STEAK,107.435,0.2,
202210,211011,INDIVIDUAL MEAT PIE,116.569,0.8,
202210,211014,SAUSAGES-PORK-PER KG,110.4,2,
202210,211019,FROZ CHICKEN NUGGETS 220-600G,118.794,0.6,
202210,211023,COOKED HAM PREPACKED SLICED,106.405,2.4,
202210,211024,CONTINENTAL SLICED DELI MEAT,112.896,0.8,
202210,211025,JOINT OV/READ GAM/POR 450-900G,107.93,0.2,
202210,211026,CHICKEN KIEV 2 PACK 240-325G,128.42,0.6,
202210,211027,H K LIVER PER KG STATE TYPE,127.954,0.2,
202210,211029,COOKED MEAT TURKEY/CHICK SLICE,110.027,0.4,
202210,211030,MEAT BASED SNACK PACK MAX 400G,109.946,0.6,
202210,211031,COOKED HAM LOOSE PER 100G,104.239,0.8,
202210,211101,FRESH WHITE FISH FILLETS KG,108.335,0.45,
202210,211105,FRESH FISH-SALMON FILLETS-KG,118.159,0.7,
202210,211106,FROZEN PRAWNS PER KG,109.011,1.25,
202210,211207,"CANNED FISH, TUNA, 130G-200G",112.501,1.2,
202210,211210,FROZEN FISH FINGERS 8-12 PK,117.269,1.1,
202210,211211,FROZEN BREAD/BAT FISH 400-550G,119.456,0.3,
202210,211305,SPREADABLE BUTTER,126.174,0.48,
202210,211306,BUTTER 250G SPEC COO,127.449,0.42,
202210,211407,MARG/LOW FAT SPREAD 450-500G,121.502,1.2,
202210,211408,OLIVE OIL - 500ML - 1 LITRE,127.914,0.69,
202210,211409,"PEANUT BUTTER, JAR, 225-350G",106.909,0.21,
202210,211501,CHEDDAR-HOME PRODUCED PER KG,131.556,1.68,
202210,211506,"CHEESE SPREAD, 125g-200g TUB",123.966,0.6,
202210,211509,HARD REGIONAL CHEESE PER KG,129.502,0.24,
202210,211510,PARMESAN CHEESE-PER KG,108.291,0.36,
202210,211511,SOFT CONTINENTAL CHEESE - KG,123.073,0.48,
202210,211604,EGGS PER DOZEN OR 2 X 6 BOX,118.686,1.2,
202210,211707,DELVD MILK SEMI-SKIMMED PER PT,120.988,0.12,
202210,211709,SHOP MILK-WHOLE MILK-4PT/2LTR,130.179,0.72,
202210,211710,MILK SEMI-PER 2 PINTS/1.136 L,139.48,2.4,
202210,211713,"MILK FLAVOURED, 180-500MLS/GMS",117.201,0.24,
202210,211714,NON-DAIRY MILK DRINK 900ML-1LT,117.452,0.24,
202210,211807,"YOGHURT/FROMAGE 4-6PK, 45-125G",113.058,1.44,
202210,211808,CHILLED POT DESSERT 125-200G,116.02,0.96,
202210,211814,YOGHURT-SMALL INDIVIDUAL,121.9,0.6,
202210,211815,FRESH DOUBLE CREAM 250ML-300ML,111.399,0.48,
202210,211816,POWDERED BABY FORMULA 400-900G,113.013,0.24,
202210,211901,TEA BAGS PKT OF 80 (230G-250G),105.305,0.36,
202210,211904,TEA BAGS-2-PACKET OF 240,102.531,0.1,
202210,211905,"FLAVRD TEA 15-20 BAGS, 30-40G",116.151,0.12,
202210,212001,"FRUIT SQUASH, 750ML - 1.5LT",104.754,0.9,
202210,212006,FRUIT JUICE NOT ORANGE 1L,111.365,0.54,
202210,212008,LEMONADE-2 LITRE BOTTLE,124.728,0.18,
202210,212010,MINERAL WATER STILL 1.5-2L,126.316,0.27,
202210,212015,FIZZY ENERGY DRINK 250-500ML,109.504,1.26,
202210,212016,FRESH/CHILL ORANGE JUICE 900ML,111.063,0.9,
202210,212017,FIZZY BOTTLED DRINK 500ML,109.745,1.53,
202210,212020,FRUIT DRINK BOTTLE 4-8 PACK,109.759,0.09,
202210,212021,BOTTLE STILL WATER 500ML,120.036,0.27,
202210,212022,MIXER DRINK BOTTLE 1L EG TONIC,117.044,0.63,
202210,212023,COLA/FIZZY DRINK 330ML PK 4-8,108.461,0.36,
202210,212024,FLAVOURED WATER BOTT 900ML-1.5,116.622,0.36,
202210,212025,"COLA DRINK, REG,BOTTLE,1.25-2L",112.44,0.72,
202210,212026,"COLA DRINK, DIET 1.25-2LTR",107.696,0.72,
202210,212027,FRUIT/VEG SMOOTHIE,103.634,0.27,
202210,212101,SUGAR -GRANULATED-WHITE-PER KG,108.376,0.48,
202210,212106,JAR OF JAM-340-454G,117.997,0.72,
202210,212107,HONEY JAR/BOTTLE 340G-454G,104.218,0.24,
202210,212202,MINTS,102.709,0.12,
202210,212211,CHOCOLATE 4,102.058,0.72,
202210,212214,FRUIT PASTILLES 2,101.206,0.36,
202210,212217,CHEWING/BUBBLE GUM-SINGLE PK,111.156,0.12,
202210,212218,CARTON/BOX OF CHOCS 150-400GM,106.158,1.44,
202210,212222,CHOCOLATE 10,101.55,1.92,
202210,212223,BRAND CHOC SWEETS 90-185G BAG,104.689,0.84,
202210,212224,"SWEETS, NOT CHOC, 150-250G BAG",101.886,0.48,
202210,212225,CHOCOLATE LARGE BAR 100-200G,104.811,1.92,
202210,212226,CHOCOLATE 12,107.906,0.48,
202210,212228,MALTED CHOCOLATE SWEETS,102.997,0.12,
202210,212309,POTATOES-NEW-PER KG,101.925,0.16,
202210,212310,POTATOES- OLD WHITE PER KG,120.227,0.48,
202210,212311,POTATOES- BAKING PR KG,101.906,0.16,
202210,212402,POTATO CRISPS 25G-50G,105.073,0.8,
202210,212404,POTATO CRISPS-MULTI-PACK,116.64,2.24,
202210,212405,FROZEN CHIPS 900G-1.5KG,119.749,1.12,
202210,212408,PREMIUM POTATO CRISPS/CHIPS,101.803,0.64,
202210,212409,P'PARED MASHED POTATO 400-650G,107.462,0.32,
202210,212504,FRESH VEG-CAULIFLOWER-EACH,114.278,0.48,
202210,212510,FRESH VEG-CUCUMBER-WHOLE,129.712,0.32,
202210,212511,FRESH VEG-LETTUCE-ICEBERG-EACH,121.236,0.32,
202210,212515,FRESH VEG-TOMATOES-PER KG,109.876,1.12,
202210,212516,FRESH VEG-CABBAGE-WHOLE-PER KG,112.05,0.32,
202210,212518,FRESH VEG-CARROTS-PER KG,110,0.32,
202210,212519,FRESH VEG-ONIONS-PER KG,95.569,0.64,
202210,212520,FRESH VEG-MUSHROOMS-PER KG,100.83,0.64,
202210,212527,PRE-PACKED SALAD 100-250G,106.391,0.48,
202210,212530,FRESH VEG-BROCCOLI-PER KG,117.877,0.32,
202210,212531,FRESH VEG-COURGETTE-PER KG,108.117,0.48,
202210,212532,FRESH VEG-PEPPERS -LOOSE OR KG,108.828,0.48,
202210,212533,VEGETABLE STIR FRY FRESH PACK,115.08,0.32,
202210,212535,SWEET POTATO PER KG OR EACH,102.678,0.32,
202210,212601,CANNED TOMATOES 390-400G,104.521,0.32,
202210,212603,"BAKED BEANS, 400-425G TIN",121.893,0.32,
202210,212608,CANNED SWEETCORN 198-340G,120.651,0.16,
202210,212609,FROZEN GARDEN PEAS 800G-1KG,118.846,0.16,
202210,212612,FROZEN PRE-PREPARED VEGTABLES,118.616,0.32,
202210,212613,PULSES CAN 390 - 420G,116.681,0.32,
202210,212709,ORANGES-CLASS 1-EACH,101.556,0.44,
202210,212710,AVOCADO PEAR-EACH,101.957,0.55,
202210,212712,KIWI FRUIT-EACH,109.697,0.22,
202210,212715,GRAPEFRUIT-EACH,104.23,0.22,
202210,212716,APPLES-COOKING-PER KG,103.922,0.22,
202210,212717,APPLES-DESSERT-PER KG,102.616,0.77,
202210,212718,PEARS-DESSERT-PER KG,98.389,0.22,
202210,212719,BANANAS-PER KG,104.409,0.99,
202210,212720,STRAWBERRIES PER KG OR PUNNET,102.852,1.1,
202210,212722,GRAPES-PER KG,101.192,0.77,
202210,212725,SMALL TYPE ORANGES PER PACK/KG,104.022,0.33,
202210,212726,PLUMS PER KG/PACK,107.938,0.66,
202210,212728,PINEAPPLE EACH,111.669,0.22,
202210,212730,FRUIT FRESH SNACKING 150-350G,111.141,0.44,
202210,212731,MELON EACH EG HONEYDEW,139.355,0.22,
202210,212732,LEMON EACH,98.938,0.22,
202210,212733,BLUEBERRIES PUNNET OR PER KG,107.483,0.66,
202210,212734,RASPBERRIES PUNNET OR PER KG,106.93,0.55,
202210,212806,PACKET OF PEANUTS 150-300G,100.654,1.32,
202210,212807,CANNED FRUIT-400-450G,114.098,0.44,
202210,212808,DRIED FRUIT - EG APRICOTS,105.768,0.44,
202210,212905,VEGETABLE PICKLE 280-520G,107.672,0.16,
202210,212910,CANNED SOUP-390-425G,129.067,0.45,
202210,212917,TOMATO KETCHUP BOTTLE 340-570G,115.407,0.6,
202210,212918,FRZN READY-COOKD MEAL SERVES 1,117.743,0.25,
202210,212923,COOK-IN SAUCE-JAR/CAN 350-520G,123.398,0.95,
202210,212928,FROZ VEG BURGER/GRILL 180-454G,124.894,0.32,
202210,212930,MAYONNAISE 390-500G/420-540MLS,131.633,0.45,
202210,212933,ICE CREAM 450ML-1L,104.854,1.08,
202210,212934,DRIED POTTED SNACK 50-120G,122.631,0.42,
202210,212936,CHILLED READY MEAL-MEAT-SERVS1,118.682,0.8,
202210,212937,CHILLED READY MEAL-FISH/VEG,117.622,0.75,
202210,212938,CHOCOLATE COVERED ICE CREAM,115.851,0.96,
202210,212939,CHILLED PIZZA EACH 300-600G,107.115,1.05,
202210,212940,PROTEIN POWDER 900G-2KG,125.971,0.35,
202210,212941,QUICHE 340G-450G,115.184,0.21,
202210,212942,VEGETABLE CRISPS PACK 80-125G,115.161,0.32,
202210,212943,YORKSHIRE PUDDING FROZEN,115.019,0.42,
202210,212944,SAUSAGE MEAT FREE CHILLED PACK,122.738,0.64,
202210,212945,HERBS DRIED JAR 3 - 20G,110.098,0.4,
202210,213003,COFFEE-INSTANT 90 -100G JAR,111.303,0.78,
202210,213005,HOT CHOCOLATE DRINK INSTANT,105.49,0.14,
202210,213006,COFFEE PODS PACK 8-16,105.121,0.22,
202210,213007,COFFEE SACHETS PACK,103.045,0.28,
202211,210102,LGE LOAF-WHTE-UNSLED-750-800G,111.105,0.42,
202211,210106,SIX BREAD ROLLS-WHITE/BROWN,110.346,0.84,
202211,210111,WHITE SLICED LOAF BRANDED 750G,124.395,1.26,
202211,210113,WHOLEMEAL SLICED LOAF BRANDED,127.029,0.84,
202211,210114,CHILLED GARLIC BREAD,108.959,1.47,
202211,210201,FLOUR-SELF-RAISING-1.5KG,128.6,0.42,
202211,210204,DRY SPAGHETTI OR PASTA 500G,134.824,0.21,
202211,210211,CORN SNACK SINGLE PACK MAX 50G,108.369,0.48,
202211,210212,BASMATI RICE 500G-1KG,115.37,0.42,
202211,210213,BREAKFAST CEREAL 1,109.006,1.05,
202211,210214,BREAKFAST CEREAL 2,106.985,1.89,
202211,210215,CEREAL BAR,103.144,0.63,
202211,210216,HOT OAT CEREAL,115.316,0.42,
202211,210217,RICE MICRO POUCH/TRAY 220-280G,100.169,0.21,
202211,210218,"POPCORN, BAG, 10-30G",101.63,0.84,
202211,210219,BREAKFAST CEREAL GLUTEN FREE,114.753,0.21,
202211,210221,COUSCOUS PLAIN/FLAVOURED,120.541,0.21,
202211,210301,CREAM CRACKERS PACK 200G-300G,117.711,0.84,
202211,210302,PLAIN BISCUITS-200-300G,115.913,1.47,
202211,210320,WHOLE SPONGE CAKE NOT FROZEN,110.318,1.26,
202211,210321,PACK OF 5-6 INDIVIDUAL CAKES,125.6,1.89,
202211,210323,BISCUITS HALF CHOC 260-400G,115.427,1.05,
202211,210324,CRUMPETS PACK 6-9 SPEC NUMBER,107.861,1.05,
202211,210403,HOME KILLED BEEF-LEAN MINCE KG,109.217,0.6,
202211,210406,HOME KLD BEEF-RUMP/POPES STEAK,111.782,1.2,
202211,210414,FROZEN BEEFBURGERS PACK OF 4,124.243,0.4,
202211,210416,BEEF ROASTING JOINT PER KG,109.259,0.4,
202211,210506,HK LAMB LOIN CHOP/STEAK PER KG,108.872,0.8,
202211,210507,HOME KILLED LAMB SHOULDER KG,106.451,1,
202211,210703,HOME KILLED PORK-LOIN CHOPS KG,118.019,1,
202211,210802,BACON-GAMMON-PER KG,107.261,0.4,
202211,210808,BACON-BACK-PER KG,116.393,1.8,
202211,210905,FRESH/CHILLED CHICKEN  PER KG,122.769,0.8,
202211,210910,FRESH BONELESS CHICKEN BREAST,116.418,1.6,
202211,210913,ROTISSERIE CHICKEN [WHOLE],119.512,0.2,
202211,210914,FRESH TURKEY DICED/MIN PER KG,106.082,0.2,
202211,211007,CANNED MEAT-STEWED STEAK,111.886,0.2,
202211,211011,INDIVIDUAL MEAT PIE,120.956,0.8,
202211,211014,SAUSAGES-PORK-PER KG,111.166,2,
202211,211019,FROZ CHICKEN NUGGETS 220-600G,123.241,0.6,
202211,211023,COOKED HAM PREPACKED SLICED,107.254,2.4,
202211,211024,CONTINENTAL SLICED DELI MEAT,112.849,0.8,
202211,211025,JOINT OV/READ GAM/POR 450-900G,101.98,0.2,
202211,211026,CHICKEN KIEV 2 PACK 240-325G,126.654,0.6,
202211,211027,H K LIVER PER KG STATE TYPE,133.521,0.2,
202211,211029,COOKED MEAT TURKEY/CHICK SLICE,110.238,0.4,
202211,211030,MEAT BASED SNACK PACK MAX 400G,113.357,0.6,
202211,211031,COOKED HAM LOOSE PER 100G,112.239,0.8,
202211,211101,FRESH WHITE FISH FILLETS KG,114.874,0.45,
202211,211105,FRESH FISH-SALMON FILLETS-KG,118.605,0.7,
202211,211106,FROZEN PRAWNS PER KG,104.941,1.25,
202211,211207,"CANNED FISH, TUNA, 130G-200G",109.256,1.2,
202211,211210,FROZEN FISH FINGERS 8-12 PK,121.568,1.1,
202211,211211,FROZEN BREAD/BAT FISH 400-550G,123.723,0.3,
202211,211305,SPREADABLE BUTTER,125.739,0.48,
202211,211306,BUTTER 250G SPEC COO,127.547,0.42,
202211,211407,MARG/LOW FAT SPREAD 450-500G,121.922,1.2,
202211,211408,OLIVE OIL - 500ML - 1 LITRE,125.798,0.69,
202211,211409,"PEANUT BUTTER, JAR, 225-350G",109.283,0.21,
202211,211501,CHEDDAR-HOME PRODUCED PER KG,132.777,1.68,
202211,211506,"CHEESE SPREAD, 125g-200g TUB",126.804,0.6,
202211,211509,HARD REGIONAL CHEESE PER KG,134.034,0.24,
202211,211510,PARMESAN CHEESE-PER KG,109.885,0.36,
202211,211511,SOFT CONTINENTAL CHEESE - KG,125.795,0.48,
202211,211604,EGGS PER DOZEN OR 2 X 6 BOX,121.431,1.2,
202211,211707,DELVD MILK SEMI-SKIMMED PER PT,127.337,0.12,
202211,211709,SHOP MILK-WHOLE MILK-4PT/2LTR,132.676,0.72,
202211,211710,MILK SEMI-PER 2 PINTS/1.136 L,141.237,2.4,
202211,211713,"MILK FLAVOURED, 180-500MLS/GMS",108.908,0.24,
202211,211714,NON-DAIRY MILK DRINK 900ML-1LT,118.514,0.24,
202211,211807,"YOGHURT/FROMAGE 4-6PK, 45-125G",110.3,1.44,
202211,211808,CHILLED POT DESSERT 125-200G,114.506,0.96,
202211,211814,YOGHURT-SMALL INDIVIDUAL,123.653,0.6,
202211,211815,FRESH DOUBLE CREAM 250ML-300ML,114.547,0.48,
202211,211816,POWDERED BABY FORMULA 400-900G,114.886,0.24,
202211,211901,TEA BAGS PKT OF 80 (230G-250G),106.411,0.36,
202211,211904,TEA BAGS-2-PACKET OF 240,106.112,0.1,
202211,211905,"FLAVRD TEA 15-20 BAGS, 30-40G",123.527,0.12,
202211,212001,"FRUIT SQUASH, 750ML - 1.5LT",101.214,0.9,
202211,212006,FRUIT JUICE NOT ORANGE 1L,112.547,0.54,
202211,212008,LEMONADE-2 LITRE BOTTLE,136.494,0.18,
202211,212010,MINERAL WATER STILL 1.5-2L,129.941,0.27,
202211,212015,FIZZY ENERGY DRINK 250-500ML,114.492,1.26,
202211,212016,FRESH/CHILL ORANGE JUICE 900ML,108.191,0.9,
202211,212017,FIZZY BOTTLED DRINK 500ML,111.707,1.53,
202211,212020,FRUIT DRINK BOTTLE 4-8 PACK,132.214,0.09,
202211,212021,BOTTLE STILL WATER 500ML,122.146,0.27,
202211,212022,MIXER DRINK BOTTLE 1L EG TONIC,114.297,0.63,
202211,212023,COLA/FIZZY DRINK 330ML PK 4-8,112.989,0.36,
202211,212024,FLAVOURED WATER BOTT 900ML-1.5,118.193,0.36,
202211,212025,"COLA DRINK, REG,BOTTLE,1.25-2L",113.218,0.72,
202211,212026,"COLA DRINK, DIET 1.25-2LTR",115.198,0.72,
202211,212027,FRUIT/VEG SMOOTHIE,99.123,0.27,
202211,212101,SUGAR -GRANULATED-WHITE-PER KG,118.065,0.48,
202211,212106,JAR OF JAM-340-454G,120.388,0.72,
202211,212107,HONEY JAR/BOTTLE 340G-454G,104.721,0.24,
202211,212202,MINTS,103.803,0.12,
202211,212211,CHOCOLATE 4,103.913,0.72,
202211,212214,FRUIT PASTILLES 2,103.241,0.36,
202211,212217,CHEWING/BUBBLE GUM-SINGLE PK,113.729,0.12,
202211,212218,CARTON/BOX OF CHOCS 150-400GM,109.189,1.44,
202211,212222,CHOCOLATE 10,102.697,1.92,
202211,212223,BRAND CHOC SWEETS 90-185G BAG,103.909,0.84,
202211,212224,"SWEETS, NOT CHOC, 150-250G BAG",102.658,0.48,
202211,212225,CHOCOLATE LARGE BAR 100-200G,103.715,1.92,
202211,212226,CHOCOLATE 12,107.95,0.48,
202211,212228,MALTED CHOCOLATE SWEETS,104.788,0.12,
202211,212309,POTATOES-NEW-PER KG,103.239,0.16,
202211,212310,POTATOES- OLD WHITE PER KG,122.034,0.48,
202211,212311,POTATOES- BAKING PR KG,101.659,0.16,
202211,212402,POTATO CRISPS 25G-50G,105.922,0.8,
202211,212404,POTATO CRISPS-MULTI-PACK,114.668,2.24,
202211,212405,FROZEN CHIPS 900G-1.5KG,116.747,1.12,
202211,212408,PREMIUM POTATO CRISPS/CHIPS,114.879,0.64,
202211,212409,P'PARED MASHED POTATO 400-650G,108.079,0.32,
202211,212504,FRESH VEG-CAULIFLOWER-EACH,114.193,0.48,
202211,212510,FRESH VEG-CUCUMBER-WHOLE,135.005,0.32,
202211,212511,FRESH VEG-LETTUCE-ICEBERG-EACH,124.353,0.32,
202211,212515,FRESH VEG-TOMATOES-PER KG,110.058,1.12,
202211,212516,FRESH VEG-CABBAGE-WHOLE-PER KG,112.072,0.32,
202211,212518,FRESH VEG-CARROTS-PER KG,110.325,0.32,
202211,212519,FRESH VEG-ONIONS-PER KG,97.351,0.64,
202211,212520,FRESH VEG-MUSHROOMS-PER KG,101.955,0.64,
202211,212527,PRE-PACKED SALAD 100-250G,105.759,0.48,
202211,212530,FRESH VEG-BROCCOLI-PER KG,127.409,0.32,
202211,212531,FRESH VEG-COURGETTE-PER KG,105.606,0.48,
202211,212532,FRESH VEG-PEPPERS -LOOSE OR KG,109.851,0.48,
202211,212533,VEGETABLE STIR FRY FRESH PACK,115.575,0.32,
202211,212535,SWEET POTATO PER KG OR EACH,102.462,0.32,
202211,212601,CANNED TOMATOES 390-400G,105.291,0.32,
202211,212603,"BAKED BEANS, 400-425G TIN",123.972,0.32,
202211,212608,CANNED SWEETCORN 198-340G,120.981,0.16,
202211,212609,FROZEN GARDEN PEAS 800G-1KG,124.186,0.16,
202211,212612,FROZEN PRE-PREPARED VEGTABLES,124.132,0.32,
202211,212613,PULSES CAN 390 - 420G,121.291,0.32,
202211,212709,ORANGES-CLASS 1-EACH,101.94,0.44,
202211,212710,AVOCADO PEAR-EACH,105.508,0.55,
202211,212712,KIWI FRUIT-EACH,110.195,0.22,
202211,212715,GRAPEFRUIT-EACH,108.196,0.22,
202211,212716,APPLES-COOKING-PER KG,104.086,0.22,
202211,212717,APPLES-DESSERT-PER KG,102.598,0.77,
202211,212718,PEARS-DESSERT-PER KG,100.791,0.22,
202211,212719,BANANAS-PER KG,104.402,0.99,
202211,212720,STRAWBERRIES PER KG OR PUNNET,104.992,1.1,
202211,212722,GRAPES-PER KG,108.096,0.77,
202211,212725,SMALL TYPE ORANGES PER PACK/KG,101.847,0.33,
202211,212726,PLUMS PER KG/PACK,108.533,0.66,
202211,212728,PINEAPPLE EACH,117.204,0.22,
202211,212730,FRUIT FRESH SNACKING 150-350G,112.912,0.44,
202211,212731,MELON EACH EG HONEYDEW,141.752,0.22,
202211,212732,LEMON EACH,97.418,0.22,
202211,212733,BLUEBERRIES PUNNET OR PER KG,105.277,0.66,
202211,212734,RASPBERRIES PUNNET OR PER KG,104.848,0.55,
202211,212806,PACKET OF PEANUTS 150-300G,102.173,1.32,
202211,212807,CANNED FRUIT-400-450G,113.359,0.44,
202211,212808,DRIED FRUIT - EG APRICOTS,104.841,0.44,
202211,212905,VEGETABLE PICKLE 280-520G,112.996,0.16,
202211,212910,CANNED SOUP-390-425G,133.445,0.45,
202211,212917,TOMATO KETCHUP BOTTLE 340-570G,116.62,0.6,
202211,212918,FRZN READY-COOKD MEAL SERVES 1,118.239,0.25,
202211,212923,COOK-IN SAUCE-JAR/CAN 350-520G,122.926,0.95,
202211,212928,FROZ VEG BURGER/GRILL 180-454G,123.953,0.32,
202211,212930,MAYONNAISE 390-500G/420-540MLS,136.343,0.45,
202211,212933,ICE CREAM 450ML-1L,107.871,1.08,
202211,212934,DRIED POTTED SNACK 50-120G,123.842,0.42,
202211,212936,CHILLED READY MEAL-MEAT-SERVS1,120.039,0.8,
202211,212937,CHILLED READY MEAL-FISH/VEG,118.091,0.75,
202211,212938,CHOCOLATE COVERED ICE CREAM,118.54,0.96,
202211,212939,CHILLED PIZZA EACH 300-600G,114.123,1.05,
202211,212940,PROTEIN POWDER 900G-2KG,128.109,0.35,
202211,212941,QUICHE 340G-450G,119.959,0.21,
202211,212942,VEGETABLE CRISPS PACK 80-125G,112.01,0.32,
202211,212943,YORKSHIRE PUDDING FROZEN,116.686,0.42,
202211,212944,SAUSAGE MEAT FREE CHILLED PACK,120.291,0.64,
202211,212945,HERBS DRIED JAR 3 - 20G,108.484,0.4,
202211,213003,COFFEE-INSTANT 90 -100G JAR,112.255,0.78,
202211,213005,HOT CHOCOLATE DRINK INSTANT,102.628,0.14,
202211,213006,COFFEE PODS PACK 8-16,106.325,0.22,
202211,213007,COFFEE SACHETS PACK,99.955,0.28,
202212,210102,LGE LOAF-WHTE-UNSLED-750-800G,115.63600000000001,0.42,
202212,210106,SIX BREAD ROLLS-WHITE/BROWN,111.163,0.84,
202212,210111,WHITE SLICED LOAF BRANDED 750G,127.178,1.26,
202212,210113,WHOLEMEAL SLICED LOAF BRANDED,129.268,0.84,
202212,210114,CHILLED GARLIC BREAD,111.538,1.47,
202212,210201,FLOUR-SELF-RAISING-1.5KG,127.137,0.42,
202212,210204,DRY SPAGHETTI OR PASTA 500G,135.495,0.21,
202212,210211,CORN SNACK SINGLE PACK MAX 50G,110.079,0.48,
202212,210212,BASMATI RICE 500G-1KG,114.709,0.42,
202212,210213,BREAKFAST CEREAL 1,109.01,1.05,
202212,210214,BREAKFAST CEREAL 2,109.375,1.89,
202212,210215,CEREAL BAR,104.801,0.63,
202212,210216,HOT OAT CEREAL,121.01799999999999,0.42,
202212,210217,RICE MICRO POUCH/TRAY 220-280G,99.43,0.21,
202212,210218,"POPCORN, BAG, 10-30G",106.135,0.84,
202212,210219,BREAKFAST CEREAL GLUTEN FREE,116.48299999999999,0.21,
202212,210221,COUSCOUS PLAIN/FLAVOURED,121.874,0.21,
202212,210301,CREAM CRACKERS PACK 200G-300G,111.527,0.84,
202212,210302,PLAIN BISCUITS-200-300G,118.071,1.47,
202212,210320,WHOLE SPONGE CAKE NOT FROZEN,110.829,1.26,
202212,210321,PACK OF 5-6 INDIVIDUAL CAKES,127.24600000000001,1.89,
202212,210323,BISCUITS HALF CHOC 260-400G,108.195,1.05,
202212,210324,CRUMPETS PACK 6-9 SPEC NUMBER,117.836,1.05,
202212,210403,HOME KILLED BEEF-LEAN MINCE KG,110.62299999999999,0.6,
202212,210406,HOME KLD BEEF-RUMP/POPES STEAK,110.529,1.2,
202212,210414,FROZEN BEEFBURGERS PACK OF 4,133.14600000000002,0.4,
202212,210416,BEEF ROASTING JOINT PER KG,114.036,0.4,
202212,210506,HK LAMB LOIN CHOP/STEAK PER KG,108.06200000000001,0.8,
202212,210507,HOME KILLED LAMB SHOULDER KG,110.926,1.0,
202212,210703,HOME KILLED PORK-LOIN CHOPS KG,120.052,1.0,
202212,210802,BACON-GAMMON-PER KG,110.073,0.4,
202212,210808,BACON-BACK-PER KG,117.10799999999999,1.8,
202212,210905,FRESH/CHILLED CHICKEN  PER KG,122.23100000000001,0.8,
202212,210910,FRESH BONELESS CHICKEN BREAST,117.11399999999999,1.6,
202212,210913,ROTISSERIE CHICKEN [WHOLE],122.149,0.2,
202212,210914,FRESH TURKEY DICED/MIN PER KG,111.325,0.2,
202212,211007,CANNED MEAT-STEWED STEAK,114.984,0.2,
202212,211011,INDIVIDUAL MEAT PIE,123.87799999999999,0.8,
202212,211014,SAUSAGES-PORK-PER KG,114.675,2.0,
202212,211019,FROZ CHICKEN NUGGETS 220-600G,126.8,0.6,
202212,211023,COOKED HAM PREPACKED SLICED,107.01899999999999,2.4,
202212,211024,CONTINENTAL SLICED DELI MEAT,112.869,0.8,
202212,211025,JOINT OV/READ GAM/POR 450-900G,108.432,0.2,
202212,211026,CHICKEN KIEV 2 PACK 240-325G,126.352,0.6,
202212,211027,H K LIVER PER KG STATE TYPE,137.80200000000002,0.2,
202212,211029,COOKED MEAT TURKEY/CHICK SLICE,109.85,0.4,
202212,211030,MEAT BASED SNACK PACK MAX 400G,114.93299999999999,0.6,
202212,211031,COOKED HAM LOOSE PER 100G,109.76899999999999,0.8,
202212,211101,FRESH WHITE FISH FILLETS KG,114.81299999999999,0.45,
202212,211105,FRESH FISH-SALMON FILLETS-KG,120.84200000000001,0.7,
202212,211106,FROZEN PRAWNS PER KG,110.884,1.25,
202212,211207,"CANNED FISH, TUNA, 130G-200G",111.946,1.2,
202212,211210,FROZEN FISH FINGERS 8-12 PK,124.22399999999999,1.1,
202212,211211,FROZEN BREAD/BAT FISH 400-550G,130.31799999999998,0.3,
202212,211305,SPREADABLE BUTTER,131.037,0.48,
202212,211306,BUTTER 250G SPEC COO,127.425,0.42,
202212,211407,MARG/LOW FAT SPREAD 450-500G,121.435,1.2,
202212,211408,OLIVE OIL - 500ML - 1 LITRE,136.151,0.69,
202212,211409,"PEANUT BUTTER, JAR, 225-350G",110.583,0.21,
202212,211501,CHEDDAR-HOME PRODUCED PER KG,137.42,1.68,
202212,211506,"CHEESE SPREAD, 125g-200g TUB",134.548,0.6,
202212,211509,HARD REGIONAL CHEESE PER KG,139.304,0.24,
202212,211510,PARMESAN CHEESE-PER KG,110.274,0.36,
202212,211511,SOFT CONTINENTAL CHEESE - KG,127.079,0.48,
202212,211604,EGGS PER DOZEN OR 2 X 6 BOX,127.751,1.2,
202212,211707,DELVD MILK SEMI-SKIMMED PER PT,128.32,0.12,
202212,211709,SHOP MILK-WHOLE MILK-4PT/2LTR,138.27200000000002,0.72,
202212,211710,MILK SEMI-PER 2 PINTS/1.136 L,145.993,2.4,
202212,211713,"MILK FLAVOURED, 180-500MLS/GMS",120.58200000000001,0.24,
202212,211714,NON-DAIRY MILK DRINK 900ML-1LT,125.60700000000001,0.24,
202212,211807,"YOGHURT/FROMAGE 4-6PK, 45-125G",118.625,1.44,
202212,211808,CHILLED POT DESSERT 125-200G,120.26899999999999,0.96,
202212,211814,YOGHURT-SMALL INDIVIDUAL,127.147,0.6,
202212,211815,FRESH DOUBLE CREAM 250ML-300ML,115.021,0.48,
202212,211816,POWDERED BABY FORMULA 400-900G,115.64399999999999,0.24,
202212,211901,TEA BAGS PKT OF 80 (230G-250G),108.649,0.36,
202212,211904,TEA BAGS-2-PACKET OF 240,108.78200000000001,0.1,
202212,211905,"FLAVRD TEA 15-20 BAGS, 30-40G",125.295,0.12,
202212,212001,"FRUIT SQUASH, 750ML - 1.5LT",110.479,0.9,
202212,212006,FRUIT JUICE NOT ORANGE 1L,109.84700000000001,0.54,
202212,212008,LEMONADE-2 LITRE BOTTLE,141.139,0.18,
202212,212010,MINERAL WATER STILL 1.5-2L,130.815,0.27,
202212,212015,FIZZY ENERGY DRINK 250-500ML,114.939,1.26,
202212,212016,FRESH/CHILL ORANGE JUICE 900ML,116.99,0.9,
202212,212017,FIZZY BOTTLED DRINK 500ML,111.666,1.53,
202212,212020,FRUIT DRINK BOTTLE 4-8 PACK,126.831,0.09,
202212,212021,BOTTLE STILL WATER 500ML,119.552,0.27,
202212,212022,MIXER DRINK BOTTLE 1L EG TONIC,118.47399999999999,0.63,
202212,212023,COLA/FIZZY DRINK 330ML PK 4-8,116.51899999999999,0.36,
202212,212024,FLAVOURED WATER BOTT 900ML-1.5,115.184,0.36,
202212,212025,"COLA DRINK, REG,BOTTLE,1.25-2L",118.02,0.72,
202212,212026,"COLA DRINK, DIET 1.25-2LTR",115.596,0.72,
202212,212027,FRUIT/VEG SMOOTHIE,107.795,0.27,
202212,212101,SUGAR -GRANULATED-WHITE-PER KG,136.847,0.48,
202212,212106,JAR OF JAM-340-454G,126.13600000000001,0.72,
202212,212107,HONEY JAR/BOTTLE 340G-454G,101.814,0.24,
202212,212202,MINTS,104.571,0.12,
202212,212211,CHOCOLATE 4,103.85700000000001,0.72,
202212,212214,FRUIT PASTILLES 2,103.01100000000001,0.36,
202212,212217,CHEWING/BUBBLE GUM-SINGLE PK,115.23200000000001,0.12,
202212,212218,CARTON/BOX OF CHOCS 150-400GM,104.309,1.44,
202212,212222,CHOCOLATE 10,102.66799999999999,1.92,
202212,212223,BRAND CHOC SWEETS 90-185G BAG,108.31200000000001,0.84,
202212,212224,"SWEETS, NOT CHOC, 150-250G BAG",103.756,0.48,
202212,212225,CHOCOLATE LARGE BAR 100-200G,109.488,1.92,
202212,212226,CHOCOLATE 12,108.97,0.48,
202212,212228,MALTED CHOCOLATE SWEETS,108.891,0.12,
202212,212309,POTATOES-NEW-PER KG,107.118,0.16,
202212,212310,POTATOES- OLD WHITE PER KG,118.98299999999999,0.48,
202212,212311,POTATOES- BAKING PR KG,101.756,0.16,
202212,212402,POTATO CRISPS 25G-50G,108.441,0.8,
202212,212404,POTATO CRISPS-MULTI-PACK,115.02600000000001,2.24,
202212,212405,FROZEN CHIPS 900G-1.5KG,122.975,1.12,
202212,212408,PREMIUM POTATO CRISPS/CHIPS,110.31200000000001,0.64,
202212,212409,P'PARED MASHED POTATO 400-650G,110.544,0.32,
202212,212504,FRESH VEG-CAULIFLOWER-EACH,115.427,0.48,
202212,212510,FRESH VEG-CUCUMBER-WHOLE,136.298,0.32,
202212,212511,FRESH VEG-LETTUCE-ICEBERG-EACH,126.635,0.32,
202212,212515,FRESH VEG-TOMATOES-PER KG,110.291,1.12,
202212,212516,FRESH VEG-CABBAGE-WHOLE-PER KG,112.134,0.32,
202212,212518,FRESH VEG-CARROTS-PER KG,100.227,0.32,
202212,212519,FRESH VEG-ONIONS-PER KG,98.221,0.64,
202212,212520,FRESH VEG-MUSHROOMS-PER KG,103.25399999999999,0.64,
202212,212527,PRE-PACKED SALAD 100-250G,105.36200000000001,0.48,
202212,212530,FRESH VEG-BROCCOLI-PER KG,127.61,0.32,
202212,212531,FRESH VEG-COURGETTE-PER KG,107.014,0.48,
202212,212532,FRESH VEG-PEPPERS -LOOSE OR KG,110.56,0.48,
202212,212533,VEGETABLE STIR FRY FRESH PACK,119.00399999999999,0.32,
202212,212535,SWEET POTATO PER KG OR EACH,103.052,0.32,
202212,212601,CANNED TOMATOES 390-400G,107.801,0.32,
202212,212603,"BAKED BEANS, 400-425G TIN",126.741,0.32,
202212,212608,CANNED SWEETCORN 198-340G,121.777,0.16,
202212,212609,FROZEN GARDEN PEAS 800G-1KG,122.609,0.16,
202212,212612,FROZEN PRE-PREPARED VEGTABLES,127.179,0.32,
202212,212613,PULSES CAN 390 - 420G,126.37100000000001,0.32,
202212,212709,ORANGES-CLASS 1-EACH,102.029,0.44,
202212,212710,AVOCADO PEAR-EACH,107.62700000000001,0.55,
202212,212712,KIWI FRUIT-EACH,109.999,0.22,
202212,212715,GRAPEFRUIT-EACH,100.514,0.22,
202212,212716,APPLES-COOKING-PER KG,100.71799999999999,0.22,
202212,212717,APPLES-DESSERT-PER KG,95.637,0.77,
202212,212718,PEARS-DESSERT-PER KG,94.74,0.22,
202212,212719,BANANAS-PER KG,104.45299999999999,0.99,
202212,212720,STRAWBERRIES PER KG OR PUNNET,110.838,1.1,
202212,212722,GRAPES-PER KG,109.09100000000001,0.77,
202212,212725,SMALL TYPE ORANGES PER PACK/KG,96.602,0.33,
202212,212726,PLUMS PER KG/PACK,110.296,0.66,
202212,212728,PINEAPPLE EACH,116.30799999999999,0.22,
202212,212730,FRUIT FRESH SNACKING 150-350G,114.618,0.44,
202212,212731,MELON EACH EG HONEYDEW,142.386,0.22,
202212,212732,LEMON EACH,96.941,0.22,
202212,212733,BLUEBERRIES PUNNET OR PER KG,102.90899999999999,0.66,
202212,212734,RASPBERRIES PUNNET OR PER KG,102.44200000000001,0.55,
202212,212806,PACKET OF PEANUTS 150-300G,100.038,1.32,
202212,212807,CANNED FRUIT-400-450G,113.948,0.44,
202212,212808,DRIED FRUIT - EG APRICOTS,107.40799999999999,0.44,
202212,212905,VEGETABLE PICKLE 280-520G,110.48200000000001,0.16,
202212,212910,CANNED SOUP-390-425G,136.02,0.45,
202212,212917,TOMATO KETCHUP BOTTLE 340-570G,122.662,0.6,
202212,212918,FRZN READY-COOKD MEAL SERVES 1,119.325,0.25,
202212,212923,COOK-IN SAUCE-JAR/CAN 350-520G,121.712,0.95,
202212,212928,FROZ VEG BURGER/GRILL 180-454G,130.312,0.32,
202212,212930,MAYONNAISE 390-500G/420-540MLS,138.976,0.45,
202212,212933,ICE CREAM 450ML-1L,111.602,1.08,
202212,212934,DRIED POTTED SNACK 50-120G,126.45,0.42,
202212,212936,CHILLED READY MEAL-MEAT-SERVS1,121.85799999999999,0.8,
202212,212937,CHILLED READY MEAL-FISH/VEG,121.35700000000001,0.75,
202212,212938,CHOCOLATE COVERED ICE CREAM,118.37200000000001,0.96,
202212,212939,CHILLED PIZZA EACH 300-600G,110.27600000000001,1.05,
202212,212940,PROTEIN POWDER 900G-2KG,131.49200000000002,0.35,
202212,212941,QUICHE 340G-450G,119.35799999999999,0.21,
202212,212942,VEGETABLE CRISPS PACK 80-125G,114.78399999999999,0.32,
202212,212943,YORKSHIRE PUDDING FROZEN,118.41,0.42,
202212,212944,SAUSAGE MEAT FREE CHILLED PACK,124.561,0.64,
202212,212945,HERBS DRIED JAR 3 - 20G,109.04799999999999,0.4,
202212,213003,COFFEE-INSTANT 90 -100G JAR,109.579,0.78,
202212,213005,HOT CHOCOLATE DRINK INSTANT,106.18799999999999,0.14,
202212,213006,COFFEE PODS PACK 8-16,106.88799999999999,0.22,
202212,213007,COFFEE SACHETS PACK,98.507,0.28,
202301,210102,LGE LOAF-WHTE-UNSLED-750-800G,100.681,0.42,
202301,210106,SIX BREAD ROLLS-WHITE/BROWN,100.382,0.84,
202301,210111,WHITE SLICED LOAF BRANDED 750G,99.81299999999999,1.26,
202301,210113,WHOLEMEAL SLICED LOAF BRANDED,100.345,0.84,
202301,210114,CHILLED GARLIC BREAD,99.464,1.47,
202301,210201,FLOUR-SELF-RAISING-1.5KG,100.60799999999999,0.42,
202301,210204,DRY SPAGHETTI OR PASTA 500G,98.234,0.21,
202301,210211,CORN SNACK SINGLE PACK MAX 50G,100.689,0.48,
202301,210212,BASMATI RICE 500G-1KG,100.125,0.42,
202301,210213,BREAKFAST CEREAL 1,100.8,1.05,
202301,210214,BREAKFAST CEREAL 2,96.662,1.89,
202301,210215,CEREAL BAR,92.009,0.63,
202301,210216,HOT OAT CEREAL,101.147,0.42,
202301,210217,RICE MICRO POUCH/TRAY 220-280G,104.21,0.21,
202301,210218,"POPCORN, BAG, 10-30G",100.82700000000001,0.84,
202301,210219,BREAKFAST CEREAL GLUTEN FREE,101.056,0.21,
202301,210221,COUSCOUS PLAIN/FLAVOURED,100.712,0.21,
202301,210301,CREAM CRACKERS PACK 200G-300G,107.186,0.84,
202301,210302,PLAIN BISCUITS-200-300G,101.522,1.47,
202301,210320,WHOLE SPONGE CAKE NOT FROZEN,106.119,1.26,
202301,210321,PACK OF 5-6 INDIVIDUAL CAKES,93.542,1.89,
202301,210323,BISCUITS HALF CHOC 260-400G,111.725,1.05,
202301,210324,CRUMPETS PACK 6-9 SPEC NUMBER,96.705,1.05,
202301,210403,HOME KILLED BEEF-LEAN MINCE KG,99.586,0.6,
202301,210406,HOME KLD BEEF-RUMP/POPES STEAK,100.079,1.2,
202301,210414,FROZEN BEEFBURGERS PACK OF 4,101.087,0.4,
202301,210416,BEEF ROASTING JOINT PER KG,100.00399999999999,0.4,
202301,210506,HK LAMB LOIN CHOP/STEAK PER KG,99.67,0.8,
202301,210507,HOME KILLED LAMB SHOULDER KG,101.24700000000001,1.0,
202301,210703,HOME KILLED PORK-LOIN CHOPS KG,98.413,1.0,
202301,210802,BACON-GAMMON-PER KG,100.368,0.4,
202301,210808,BACON-BACK-PER KG,101.751,1.8,
202301,210905,FRESH/CHILLED CHICKEN  PER KG,102.289,0.8,
202301,210910,FRESH BONELESS CHICKEN BREAST,101.15299999999999,1.6,
202301,210913,ROTISSERIE CHICKEN [WHOLE],98.75399999999999,0.2,
202301,210914,FRESH TURKEY DICED/MIN PER KG,100.561,0.2,
202301,211007,CANNED MEAT-STEWED STEAK,101.65899999999999,0.2,
202301,211011,INDIVIDUAL MEAT PIE,99.052,0.8,
202301,211014,SAUSAGES-PORK-PER KG,98.90700000000001,2.0,
202301,211019,FROZ CHICKEN NUGGETS 220-600G,102.412,0.6,
202301,211023,COOKED HAM PREPACKED SLICED,97.936,2.4,
202301,211024,CONTINENTAL SLICED DELI MEAT,102.156,0.8,
202301,211025,JOINT OV/READ GAM/POR 450-900G,101.193,0.2,
202301,211026,CHICKEN KIEV 2 PACK 240-325G,99.00200000000001,0.6,
202301,211027,H K LIVER PER KG STATE TYPE,95.47200000000001,0.2,
202301,211029,COOKED MEAT TURKEY/CHICK SLICE,99.43700000000001,0.4,
202301,211030,MEAT BASED SNACK PACK MAX 400G,97.462,0.6,
202301,211031,COOKED HAM LOOSE PER 100G,97.93,0.8,
202301,211101,FRESH WHITE FISH FILLETS KG,102.65299999999999,0.45,
202301,211105,FRESH FISH-SALMON FILLETS-KG,99.885,0.7,
202301,211106,FROZEN PRAWNS PER KG,97.009,1.25,
202301,211207,"CANNED FISH, TUNA, 130G-200G",98.01299999999999,1.2,
202301,211210,FROZEN FISH FINGERS 8-12 PK,100.33,1.1,
202301,211211,FROZEN BREAD/BAT FISH 400-550G,96.40899999999999,0.3,
202301,211305,SPREADABLE BUTTER,95.22200000000001,0.48,
202301,211306,BUTTER 250G SPEC COO,101.757,0.42,
202301,211407,MARG/LOW FAT SPREAD 450-500G,98.325,1.2,
202301,211408,OLIVE OIL - 500ML - 1 LITRE,106.17299999999999,0.69,
202301,211409,"PEANUT BUTTER, JAR, 225-350G",97.699,0.21,
202301,211501,CHEDDAR-HOME PRODUCED PER KG,101.064,1.68,
202301,211506,"CHEESE SPREAD, 125g-200g TUB",101.434,0.6,
202301,211509,HARD REGIONAL CHEESE PER KG,100.005,0.24,
202301,211510,PARMESAN CHEESE-PER KG,100.63,0.36,
202301,211511,SOFT CONTINENTAL CHEESE - KG,107.274,0.48,
202301,211604,EGGS PER DOZEN OR 2 X 6 BOX,100.829,1.2,
202301,211707,DELVD MILK SEMI-SKIMMED PER PT,104.838,0.12,
202301,211709,SHOP MILK-WHOLE MILK-4PT/2LTR,99.2,0.72,
202301,211710,MILK SEMI-PER 2 PINTS/1.136 L,99.82799999999999,2.4,
202301,211713,"MILK FLAVOURED, 180-500MLS/GMS",102.77799999999999,0.24,
202301,211714,NON-DAIRY MILK DRINK 900ML-1LT,92.809,0.24,
202301,211807,"YOGHURT/FROMAGE 4-6PK, 45-125G",96.505,1.44,
202301,211808,CHILLED POT DESSERT 125-200G,100.91799999999999,0.96,
202301,211814,YOGHURT-SMALL INDIVIDUAL,99.85600000000001,0.6,
202301,211815,FRESH DOUBLE CREAM 250ML-300ML,99.95,0.48,
202301,211816,POWDERED BABY FORMULA 400-900G,99.554,0.24,
202301,211901,TEA BAGS PKT OF 80 (230G-250G),103.14299999999999,0.36,
202301,211904,TEA BAGS-2-PACKET OF 240,98.647,0.1,
202301,211905,"FLAVRD TEA 15-20 BAGS, 30-40G",97.74799999999999,0.12,
202301,212001,"FRUIT SQUASH, 750ML - 1.5LT",93.587,0.9,
202301,212006,FRUIT JUICE NOT ORANGE 1L,106.904,0.54,
202301,212008,LEMONADE-2 LITRE BOTTLE,99.35799999999999,0.18,
202301,212010,MINERAL WATER STILL 1.5-2L,99.82700000000001,0.27,
202301,212015,FIZZY ENERGY DRINK 250-500ML,99.851,1.26,
202301,212016,FRESH/CHILL ORANGE JUICE 900ML,96.339,0.9,
202301,212017,FIZZY BOTTLED DRINK 500ML,100.304,1.53,
202301,212020,FRUIT DRINK BOTTLE 4-8 PACK,94.64200000000001,0.09,
202301,212021,BOTTLE STILL WATER 500ML,102.148,0.27,
202301,212022,MIXER DRINK BOTTLE 1L EG TONIC,103.045,0.63,
202301,212023,COLA/FIZZY DRINK 330ML PK 4-8,98.46799999999999,0.36,
202301,212024,FLAVOURED WATER BOTT 900ML-1.5,100.262,0.36,
202301,212025,"COLA DRINK, REG,BOTTLE,1.25-2L",99.179,0.72,
202301,212026,"COLA DRINK, DIET 1.25-2LTR",100.777,0.72,
202301,212027,FRUIT/VEG SMOOTHIE,99.431,0.27,
202301,212101,SUGAR -GRANULATED-WHITE-PER KG,102.992,0.48,
202301,212106,JAR OF JAM-340-454G,99.89,0.72,
202301,212107,HONEY JAR/BOTTLE 340G-454G,104.73,0.24,
202301,212202,MINTS,100.094,0.12,
202301,212211,CHOCOLATE 4,100.345,0.72,
202301,212214,FRUIT PASTILLES 2,100.325,0.36,
202301,212217,CHEWING/BUBBLE GUM-SINGLE PK,100.4,0.12,
202301,212218,CARTON/BOX OF CHOCS 150-400GM,108.95,1.44,
202301,212222,CHOCOLATE 10,100.215,1.92,
202301,212223,BRAND CHOC SWEETS 90-185G BAG,99.979,0.84,
202301,212224,"SWEETS, NOT CHOC, 150-250G BAG",100.37200000000001,0.48,
202301,212225,CHOCOLATE LARGE BAR 100-200G,100.579,1.92,
202301,212226,CHOCOLATE 12,101.639,0.48,
202301,212228,MALTED CHOCOLATE SWEETS,100.75200000000001,0.12,
202301,212309,POTATOES-NEW-PER KG,98.941,0.16,
202301,212310,POTATOES- OLD WHITE PER KG,101.383,0.48,
202301,212311,POTATOES- BAKING PR KG,101.27,0.16,
202301,212402,POTATO CRISPS 25G-50G,99.939,0.8,
202301,212404,POTATO CRISPS-MULTI-PACK,101.204,2.24,
202301,212405,FROZEN CHIPS 900G-1.5KG,102.72399999999999,1.12,
202301,212408,PREMIUM POTATO CRISPS/CHIPS,108.33,0.64,
202301,212409,P'PARED MASHED POTATO 400-650G,103.59,0.32,
202301,212504,FRESH VEG-CAULIFLOWER-EACH,99.98,0.48,
202301,212510,FRESH VEG-CUCUMBER-WHOLE,96.596,0.32,
202301,212511,FRESH VEG-LETTUCE-ICEBERG-EACH,99.382,0.32,
202301,212515,FRESH VEG-TOMATOES-PER KG,101.461,1.12,
202301,212516,FRESH VEG-CABBAGE-WHOLE-PER KG,100.64399999999999,0.32,
202301,212518,FRESH VEG-CARROTS-PER KG,111.995,0.32,
202301,212519,FRESH VEG-ONIONS-PER KG,106.037,0.64,
202301,212520,FRESH VEG-MUSHROOMS-PER KG,102.179,0.64,
202301,212527,PRE-PACKED SALAD 100-250G,104.397,0.48,
202301,212530,FRESH VEG-BROCCOLI-PER KG,98.70299999999999,0.32,
202301,212531,FRESH VEG-COURGETTE-PER KG,102.014,0.48,
202301,212532,FRESH VEG-PEPPERS -LOOSE OR KG,99.061,0.48,
202301,212533,VEGETABLE STIR FRY FRESH PACK,99.48700000000001,0.32,
202301,212535,SWEET POTATO PER KG OR EACH,100.927,0.32,
202301,212601,CANNED TOMATOES 390-400G,102.67200000000001,0.32,
202301,212603,"BAKED BEANS, 400-425G TIN",102.16,0.32,
202301,212608,CANNED SWEETCORN 198-340G,100.10700000000001,0.16,
202301,212609,FROZEN GARDEN PEAS 800G-1KG,102.675,0.16,
202301,212612,FROZEN PRE-PREPARED VEGTABLES,102.64,0.32,
202301,212613,PULSES CAN 390 - 420G,97.93700000000001,0.32,
202301,212709,ORANGES-CLASS 1-EACH,100.855,0.44,
202301,212710,AVOCADO PEAR-EACH,96.855,0.55,
202301,212712,KIWI FRUIT-EACH,98.676,0.22,
202301,212715,GRAPEFRUIT-EACH,103.60600000000001,0.22,
202301,212716,APPLES-COOKING-PER KG,103.68,0.22,
202301,212717,APPLES-DESSERT-PER KG,99.449,0.77,
202301,212718,PEARS-DESSERT-PER KG,99.765,0.22,
202301,212719,BANANAS-PER KG,101.149,0.99,
202301,212720,STRAWBERRIES PER KG OR PUNNET,97.86,1.1,
202301,212722,GRAPES-PER KG,101.051,0.77,
202301,212725,SMALL TYPE ORANGES PER PACK/KG,105.822,0.33,
202301,212726,PLUMS PER KG/PACK,100.242,0.66,
202301,212728,PINEAPPLE EACH,97.53200000000001,0.22,
202301,212730,FRUIT FRESH SNACKING 150-350G,99.95700000000001,0.44,
202301,212731,MELON EACH EG HONEYDEW,98.275,0.22,
202301,212732,LEMON EACH,102.655,0.22,
202301,212733,BLUEBERRIES PUNNET OR PER KG,98.012,0.66,
202301,212734,RASPBERRIES PUNNET OR PER KG,104.056,0.55,
202301,212806,PACKET OF PEANUTS 150-300G,101.322,1.32,
202301,212807,CANNED FRUIT-400-450G,99.508,0.44,
202301,212808,DRIED FRUIT - EG APRICOTS,99.32,0.44,
202301,212905,VEGETABLE PICKLE 280-520G,102.931,0.16,
202301,212910,CANNED SOUP-390-425G,106.72399999999999,0.45,
202301,212917,TOMATO KETCHUP BOTTLE 340-570G,105.396,0.6,
202301,212918,FRZN READY-COOKD MEAL SERVES 1,100.13600000000001,0.25,
202301,212923,COOK-IN SAUCE-JAR/CAN 350-520G,103.382,0.95,
202301,212928,FROZ VEG BURGER/GRILL 180-454G,86.51100000000001,0.32,
202301,212930,MAYONNAISE 390-500G/420-540MLS,103.846,0.45,
202301,212933,ICE CREAM 450ML-1L,107.584,1.08,
202301,212934,DRIED POTTED SNACK 50-120G,89.885,0.42,
202301,212936,CHILLED READY MEAL-MEAT-SERVS1,100.84100000000001,0.8,
202301,212937,CHILLED READY MEAL-FISH/VEG,100.198,0.75,
202301,212938,CHOCOLATE COVERED ICE CREAM,102.566,0.96,
202301,212939,CHILLED PIZZA EACH 300-600G,100.52600000000001,1.05,
202301,212940,PROTEIN POWDER 900G-2KG,97.354,0.35,
202301,212941,QUICHE 340G-450G,99.598,0.21,
202301,212942,VEGETABLE CRISPS PACK 80-125G,100.15299999999999,0.32,
202301,212943,YORKSHIRE PUDDING FROZEN,109.04899999999999,0.42,
202301,212944,SAUSAGE MEAT FREE CHILLED PACK,89.40100000000001,0.64,
202301,212945,HERBS DRIED JAR 3 - 20G,100.00399999999999,0.4,
202301,213003,COFFEE-INSTANT 90 -100G JAR,106.985,0.78,
202301,213005,HOT CHOCOLATE DRINK INSTANT,101.03299999999999,0.14,
202301,213006,COFFEE PODS PACK 8-16,102.42299999999999,0.22,
202301,213007,COFFEE SACHETS PACK,112.04799999999999,0.28,
202302,210102,LGE LOAF-WHTE-UNSLED-750-800G,100.365,0.42,
202302,210106,SIX BREAD ROLLS-WHITE/BROWN,102.262,0.84,
202302,210111,WHITE SLICED LOAF BRANDED 750G,104.546,1.05,
202302,210113,WHOLEMEAL SLICED LOAF BRANDED,101.809,0.84,
202302,210114,CHILLED GARLIC BREAD,97.823,1.47,
202302,210115,WRAP / TORTILLA PACK 6-8,103.081,0.42,
202302,210201,FLOUR-SELF-RAISING-1.5KG,103.069,0.42,
202302,210204,DRY SPAGHETTI OR PASTA 500G,100.463,0.21,
202302,210211,CORN SNACK SINGLE PACK MAX 50G,102.159,0.45,
202302,210212,BASMATI RICE 500G-1KG,101.427,0.42,
202302,210213,BREAKFAST CEREAL 1,102.794,1.05,
202302,210214,BREAKFAST CEREAL 2,103.185,1.68,
202302,210215,CEREAL BAR,109.504,0.42,
202302,210216,HOT OAT CEREAL,97.579,0.42,
202302,210217,RICE MICRO POUCH/TRAY 220-280G,104.013,0.21,
202302,210218,"POPCORN, BAG, 10-30G",101.451,0.63,
202302,210219,BREAKFAST CEREAL GLUTEN FREE,102.956,0.21,
202302,210221,COUSCOUS PLAIN/FLAVOURED,99.91,0.21,
202302,210301,CREAM CRACKERS PACK 200G-300G,98.553,0.84,
202302,210302,PLAIN BISCUITS-200-300G,102.329,1.47,
202302,210320,WHOLE SPONGE CAKE NOT FROZEN,97.472,1.26,
202302,210321,PACK OF 5-6 INDIVIDUAL CAKES,106.776,2.31,
202302,210323,BISCUITS HALF CHOC 260-400G,100.692,0.84,
202302,210324,CRUMPETS PACK 6-9 SPEC NUMBER,104.038,1.26,
202302,210403,HOME KILLED BEEF-LEAN MINCE KG,102.787,0.8,
202302,210406,HOME KLD BEEF-RUMP/POPES STEAK,100.193,1,
202302,210414,FROZEN BEEFBURGERS PACK OF 4,101.659,0.4,
202302,210416,BEEF ROASTING JOINT PER KG,102.464,0.4,
202302,210506,HK LAMB LOIN CHOP/STEAK PER KG,100.981,1.8,
202302,210703,HOME KILLED PORK-LOIN CHOPS KG,102.997,1,
202302,210802,BACON-GAMMON-PER KG,101.182,0.4,
202302,210808,BACON-BACK-PER KG,101.789,1.8,
202302,210905,FRESH/CHILLED CHICKEN  PER KG,100.09,0.8,
202302,210910,FRESH BONELESS CHICKEN BREAST,100.962,1.8,
202302,210913,ROTISSERIE CHICKEN [WHOLE],106.023,0.2,
202302,210914,FRESH TURKEY DICED/MIN PER KG,100.781,0.2,
202302,211007,CANNED MEAT-STEWED STEAK,100.828,0.2,
202302,211011,INDIVIDUAL MEAT PIE,100.289,1,
202302,211014,SAUSAGES-PORK-PER KG,103.423,1.8,
202302,211019,FROZ CHICKEN NUGGETS 220-600G,102.269,0.6,
202302,211023,COOKED HAM PREPACKED SLICED,103.357,2.2,
202302,211024,CONTINENTAL SLICED DELI MEAT,101.062,1,
202302,211025,JOINT OV/READ GAM/POR 450-900G,99.052,0.2,
202302,211026,CHICKEN KIEV 2 PACK 240-325G,103.409,0.6,
202302,211027,H K LIVER PER KG STATE TYPE,100.738,0.2,
202302,211029,COOKED MEAT TURKEY/CHICK SLICE,101.989,0.4,
202302,211030,MEAT BASED SNACK PACK MAX 400G,101.342,0.6,
202302,211031,COOKED HAM LOOSE PER 100G,101.134,0.6,
202302,211101,FRESH WHITE FISH FILLETS KG,101.152,0.45,
202302,211105,FRESH FISH-SALMON FILLETS-KG,103.702,0.75,
202302,211106,FROZEN PRAWNS PER KG,102.697,1.15,
202302,211207,"CANNED FISH, TUNA, 130G-200G",102.286,1.25,
202302,211210,FROZEN FISH FINGERS 8-12 PK,97.142,1.05,
202302,211211,FROZEN BREAD/BAT FISH 400-550G,100.153,0.35,
202302,211305,SPREADABLE BUTTER,99.905,0.68,
202302,211306,BUTTER 250G SPEC COO,102.534,0.56,
202302,211408,OLIVE OIL - 500ML - 1 LITRE,102.202,1.08,
202302,211409,"PEANUT BUTTER, JAR, 225-350G",96.72,0.24,
202302,211410,DAIRY SPREAD/MARGARINE,101.476,1.32,
202302,211411,DAIRY FREE SPREAD/MARGARINE,106.323,0.12,
202302,211501,CHEDDAR-HOME PRODUCED PER KG,103.427,2.1,
202302,211506,"CHEESE SPREAD, 125g-200g TUB",103.229,0.84,
202302,211509,HARD REGIONAL CHEESE PER KG,104.144,0.28,
202302,211510,PARMESAN CHEESE-PER KG,101.199,0.56,
202302,211511,SOFT CONTINENTAL CHEESE - KG,96.225,0.56,
202302,211604,EGGS PER DOZEN OR 2 X 6 BOX,103.389,1.4,
202302,211707,DELVD MILK SEMI-SKIMMED PER PT,100.077,0.14,
202302,211709,SHOP MILK-WHOLE MILK-4PT/2LTR,100.065,0.84,
202302,211710,MILK SEMI-PER 2 PINTS/1.136 L,100.401,2.94,
202302,211713,"MILK FLAVOURED, 180-500MLS/GMS",98.234,0.28,
202302,211714,NON-DAIRY MILK DRINK 900ML-1LT,107.18,0.28,
202302,211807,"YOGHURT/FROMAGE 4-6PK, 45-125G",107.236,1.4,
202302,211808,CHILLED POT DESSERT 125-200G,104.927,0.98,
202302,211814,YOGHURT-SMALL INDIVIDUAL,100.49,0.56,
202302,211815,FRESH DOUBLE CREAM 250ML-300ML,100.782,0.56,
202302,211816,POWDERED BABY FORMULA 400-900G,101.759,0.28,
202302,211901,TEA BAGS PKT OF 80 (230G-250G),104.955,0.54,
202302,211904,TEA BAGS-2-PACKET OF 240,112.425,0.18,
202302,211905,"FLAVRD TEA 15-20 BAGS, 30-40G",104.172,0.12,
202302,212001,"FRUIT SQUASH, 750ML - 1.5LT",105.407,0.81,
202302,212006,FRUIT JUICE NOT ORANGE 1L,102.565,0.54,
202302,212008,LEMONADE-2 LITRE BOTTLE,101.512,0.18,
202302,212010,MINERAL WATER STILL 1.5-2L,101.455,0.27,
202302,212015,FIZZY ENERGY DRINK 250-500ML,100.808,1.26,
202302,212016,FRESH/CHILL ORANGE JUICE 900ML,104.686,0.9,
202302,212017,FIZZY BOTTLED DRINK 500ML,100.961,1.53,
202302,212020,FRUIT DRINK BOTTLE 4-8 PACK,106.763,0.09,
202302,212021,BOTTLE STILL WATER 500ML,102.488,0.27,
202302,212022,MIXER DRINK BOTTLE 1L EG TONIC,100.856,0.72,
202302,212023,COLA/FIZZY DRINK 330ML PK 4-8,101.455,0.36,
202302,212024,FLAVOURED WATER BOTT 900ML-1.5,106.964,0.27,
202302,212025,"COLA DRINK, REG,BOTTLE,1.25-2L",102.305,0.72,
202302,212026,"COLA DRINK, DIET 1.25-2LTR",98.517,0.81,
202302,212027,FRUIT/VEG SMOOTHIE,92.235,0.27,
202302,212101,SUGAR -GRANULATED-WHITE-PER KG,100.352,0.78,
202302,212106,JAR OF JAM-340-454G,101.296,0.91,
202302,212107,HONEY JAR/BOTTLE 340G-454G,96.892,0.39,
202302,212202,MINTS,103.393,0.13,
202302,212211,CHOCOLATE 4,102.252,0.78,
202302,212214,FRUIT PASTILLES 2,100.34,0.39,
202302,212217,CHEWING/BUBBLE GUM-SINGLE PK,101.955,0.13,
202302,212218,CARTON/BOX OF CHOCS 150-400GM,94.923,1.3,
202302,212222,CHOCOLATE 10,103.926,1.95,
202302,212223,BRAND CHOC SWEETS 90-185G BAG,104.572,0.78,
202302,212224,"SWEETS, NOT CHOC, 150-250G BAG",102.839,0.52,
202302,212225,CHOCOLATE LARGE BAR 100-200G,99.281,1.95,
202302,212226,CHOCOLATE 12,104.993,0.39,
202302,212228,MALTED CHOCOLATE SWEETS,110.701,0.13,
202302,212309,POTATOES-NEW-PER KG,100.976,0.3,
202302,212310,POTATOES- OLD WHITE PER KG,104.015,0.6,
202302,212311,POTATOES- BAKING PR KG,98.844,0.15,
202302,212402,POTATO CRISPS 25G-50G,102.931,0.75,
202302,212404,POTATO CRISPS-MULTI-PACK,102.84,2.1,
202302,212405,FROZEN CHIPS 900G-1.5KG,97.26,0.9,
202302,212408,PREMIUM POTATO CRISPS/CHIPS,99.408,0.6,
202302,212409,P'PARED MASHED POTATO 400-650G,102.049,0.3,
202302,212504,FRESH VEG-CAULIFLOWER-EACH,103.42,0.45,
202302,212510,FRESH VEG-CUCUMBER-WHOLE,111.435,0.3,
202302,212511,FRESH VEG-LETTUCE-ICEBERG-EACH,109.42,0.3,
202302,212515,FRESH VEG-TOMATOES-PER KG,101.528,0.9,
202302,212516,FRESH VEG-CABBAGE-WHOLE-PER KG,100.322,0.15,
202302,212518,FRESH VEG-CARROTS-PER KG,103.603,0.3,
202302,212519,FRESH VEG-ONIONS-PER KG,108.937,0.6,
202302,212520,FRESH VEG-MUSHROOMS-PER KG,101.505,0.45,
202302,212527,PRE-PACKED SALAD 100-250G,99.316,0.45,
202302,212530,FRESH VEG-BROCCOLI-PER KG,103.976,0.3,
202302,212531,FRESH VEG-COURGETTE-PER KG,104.234,0.45,
202302,212532,FRESH VEG-PEPPERS -LOOSE OR KG,107.722,0.45,
202302,212533,VEGETABLE STIR FRY FRESH PACK,102.339,0.3,
202302,212535,SWEET POTATO PER KG OR EACH,99.808,0.3,
202302,212536,GREEN BEANS PER KG OR PACK,100.147,0.3,
202302,212601,CANNED TOMATOES 390-400G,102.812,0.3,
202302,212603,"BAKED BEANS, 400-425G TIN",108.034,0.3,
202302,212608,CANNED SWEETCORN 198-340G,100.606,0.15,
202302,212609,FROZEN GARDEN PEAS 800G-1KG,101.733,0.15,
202302,212612,FROZEN PRE-PREPARED VEGTABLES,99.818,0.3,
202302,212613,PULSES CAN 390 - 420G,99.493,0.3,
202302,212709,ORANGES-CLASS 1-EACH,102.163,0.3,
202302,212710,AVOCADO PEAR-EACH,102.416,0.5,
202302,212712,KIWI FRUIT-EACH,95.997,0.2,
202302,212715,GRAPEFRUIT-EACH,105.282,0.2,
202302,212717,APPLES-DESSERT-PER KG,101.868,0.5,
202302,212718,PEARS-DESSERT-PER KG,102.859,0.2,
202302,212719,BANANAS-PER KG,101.263,0.9,
202302,212720,STRAWBERRIES PER KG OR PUNNET,104.351,0.9,
202302,212722,GRAPES-PER KG,97.186,0.8,
202302,212725,SMALL TYPE ORANGES PER PACK/KG,105.212,0.3,
202302,212726,PLUMS PER KG/PACK,105.012,0.5,
202302,212730,FRUIT FRESH SNACKING 150-350G,100.062,0.4,
202302,212732,LEMON EACH,100.067,0.2,
202302,212733,BLUEBERRIES PUNNET OR PER KG,100.546,0.6,
202302,212734,RASPBERRIES PUNNET OR PER KG,102.115,0.5,
202302,212735,APPLES DESSERT EACH,102.013,0.5,
202302,212736,MELON EACH EG HONEYDEW,104.123,0.2,
202302,212737,PINEAPPLE EACH,105.173,0.2,
202302,212806,PACKET OF PEANUTS 150-300G,103.972,1.2,
202302,212807,CANNED FRUIT-400-450G,100.467,0.3,
202302,212808,DRIED FRUIT - EG APRICOTS,102.018,0.4,
202302,212809,BERRIES FROZEN PACK,99.272,0.2,
202302,212905,VEGETABLE PICKLE 280-520G,100.074,0.15,
202302,212910,CANNED SOUP-390-425G,104.704,0.55,
202302,212917,TOMATO KETCHUP BOTTLE 340-570G,109.125,0.6,
202302,212918,FRZN READY-COOKD MEAL SERVES 1,101.352,0.2,
202302,212923,COOK-IN SAUCE-JAR/CAN 350-520G,106.808,0.9,
202302,212928,FROZ VEG BURGER/GRILL 180-454G,112.675,0.3,
202302,212930,MAYONNAISE 390-500G/420-540MLS,98.091,0.5,
202302,212933,ICE CREAM 450ML-1L,98.109,1.3,
202302,212934,DRIED POTTED SNACK 50-120G,108.535,0.42,
202302,212936,CHILLED READY MEAL-MEAT-SERVS1,100.908,0.8,
202302,212937,CHILLED READY MEAL-FISH/VEG,101.466,0.7,
202302,212938,CHOCOLATE COVERED ICE CREAM,100.963,1.17,
202302,212939,CHILLED PIZZA EACH 300-600G,102.307,1.05,
202302,212940,PROTEIN POWDER 900G-2KG,102.192,0.3,
202302,212941,QUICHE 340G-450G,100.602,0.21,
202302,212942,VEGETABLE CRISPS PACK 80-125G,112.048,0.3,
202302,212943,YORKSHIRE PUDDING FROZEN,99.003,0.42,
202302,212944,SAUSAGE MEAT FREE CHILLED PACK,110.975,0.6,
202302,212945,HERBS DRIED JAR 3 - 20G,101.923,0.45,
202302,213003,COFFEE-INSTANT 90 -100G JAR,98.768,1.08,
202302,213005,HOT CHOCOLATE DRINK INSTANT,105.624,0.21,
202302,213006,COFFEE PODS PACK 8-16,106.484,0.39,
202302,213007,COFFEE SACHETS PACK,107.234,0.48,
202303,210102,LGE LOAF-WHTE-UNSLED-750-800G,100.26799999999999,0.42,
202303,210106,SIX BREAD ROLLS-WHITE/BROWN,100.97200000000001,0.84,
202303,210111,WHITE SLICED LOAF BRANDED 750G,104.745,1.05,
202303,210113,WHOLEMEAL SLICED LOAF BRANDED,101.285,0.84,
202303,210114,CHILLED GARLIC BREAD,99.65299999999999,1.47,
202303,210115,WRAP / TORTILLA PACK 6-8,101.67,0.42,
202303,210201,FLOUR-SELF-RAISING-1.5KG,101.655,0.42,
202303,210204,DRY SPAGHETTI OR PASTA 500G,100.311,0.21,
202303,210211,CORN SNACK SINGLE PACK MAX 50G,104.759,0.45,
202303,210212,BASMATI RICE 500G-1KG,100.42200000000001,0.42,
202303,210213,BREAKFAST CEREAL 1,101.624,1.05,
202303,210214,BREAKFAST CEREAL 2,104.448,1.68,
202303,210215,CEREAL BAR,108.959,0.42,
202303,210216,HOT OAT CEREAL,102.054,0.42,
202303,210217,RICE MICRO POUCH/TRAY 220-280G,108.39299999999999,0.21,
202303,210218,"POPCORN, BAG, 10-30G",101.71,0.63,
202303,210219,BREAKFAST CEREAL GLUTEN FREE,106.28,0.21,
202303,210221,COUSCOUS PLAIN/FLAVOURED,101.60700000000001,0.21,
202303,210301,CREAM CRACKERS PACK 200G-300G,104.26100000000001,0.84,
202303,210302,PLAIN BISCUITS-200-300G,109.37299999999999,1.47,
202303,210320,WHOLE SPONGE CAKE NOT FROZEN,102.11,1.26,
202303,210321,PACK OF 5-6 INDIVIDUAL CAKES,109.601,2.31,
202303,210323,BISCUITS HALF CHOC 260-400G,108.37799999999999,0.84,
202303,210324,CRUMPETS PACK 6-9 SPEC NUMBER,109.126,1.26,
202303,210403,HOME KILLED BEEF-LEAN MINCE KG,105.92399999999999,0.8,
202303,210406,HOME KLD BEEF-RUMP/POPES STEAK,101.822,1.0,
202303,210414,FROZEN BEEFBURGERS PACK OF 4,102.68799999999999,0.4,
202303,210416,BEEF ROASTING JOINT PER KG,97.834,0.4,
202303,210506,HK LAMB LOIN CHOP/STEAK PER KG,99.79299999999999,1.8,
202303,210703,HOME KILLED PORK-LOIN CHOPS KG,108.016,1.0,
202303,210802,BACON-GAMMON-PER KG,102.57799999999999,0.4,
202303,210808,BACON-BACK-PER KG,103.971,1.8,
202303,210905,FRESH/CHILLED CHICKEN  PER KG,100.96799999999999,0.8,
202303,210910,FRESH BONELESS CHICKEN BREAST,101.03,1.8,
202303,210913,ROTISSERIE CHICKEN [WHOLE],106.38,0.2,
202303,210914,FRESH TURKEY DICED/MIN PER KG,102.679,0.2,
202303,211007,CANNED MEAT-STEWED STEAK,102.75,0.2,
202303,211011,INDIVIDUAL MEAT PIE,103.807,1.0,
202303,211014,SAUSAGES-PORK-PER KG,107.021,1.8,
202303,211019,FROZ CHICKEN NUGGETS 220-600G,97.986,0.6,
202303,211023,COOKED HAM PREPACKED SLICED,103.99,2.2,
202303,211024,CONTINENTAL SLICED DELI MEAT,103.57,1.0,
202303,211025,JOINT OV/READ GAM/POR 450-900G,101.50399999999999,0.2,
202303,211026,CHICKEN KIEV 2 PACK 240-325G,104.902,0.6,
202303,211027,H K LIVER PER KG STATE TYPE,101.166,0.2,
202303,211029,COOKED MEAT TURKEY/CHICK SLICE,103.602,0.4,
202303,211030,MEAT BASED SNACK PACK MAX 400G,102.73100000000001,0.6,
202303,211031,COOKED HAM LOOSE PER 100G,104.475,0.6,
202303,211101,FRESH WHITE FISH FILLETS KG,101.839,0.45,
202303,211105,FRESH FISH-SALMON FILLETS-KG,105.838,0.75,
202303,211106,FROZEN PRAWNS PER KG,104.48200000000001,1.15,
202303,211207,"CANNED FISH, TUNA, 130G-200G",100.324,1.25,
202303,211210,FROZEN FISH FINGERS 8-12 PK,99.98200000000001,1.05,
202303,211211,FROZEN BREAD/BAT FISH 400-550G,105.45700000000001,0.35,
202303,211305,SPREADABLE BUTTER,103.031,0.68,
202303,211306,BUTTER 250G SPEC COO,102.444,0.56,
202303,211408,OLIVE OIL - 500ML - 1 LITRE,107.27600000000001,1.08,
202303,211409,"PEANUT BUTTER, JAR, 225-350G",101.73700000000001,0.24,
202303,211410,DAIRY SPREAD/MARGARINE,100.887,1.32,
202303,211411,DAIRY FREE SPREAD/MARGARINE,105.76,0.12,
202303,211501,CHEDDAR-HOME PRODUCED PER KG,104.336,2.1,
202303,211506,"CHEESE SPREAD, 125g-200g TUB",99.32600000000001,0.84,
202303,211509,HARD REGIONAL CHEESE PER KG,105.351,0.28,
202303,211510,PARMESAN CHEESE-PER KG,100.881,0.56,
202303,211511,SOFT CONTINENTAL CHEESE - KG,97.738,0.56,
202303,211604,EGGS PER DOZEN OR 2 X 6 BOX,103.34700000000001,1.4,
202303,211707,DELVD MILK SEMI-SKIMMED PER PT,102.037,0.14,
202303,211709,SHOP MILK-WHOLE MILK-4PT/2LTR,101.163,0.84,
202303,211710,MILK SEMI-PER 2 PINTS/1.136 L,100.242,2.94,
202303,211713,"MILK FLAVOURED, 180-500MLS/GMS",96.91,0.28,
202303,211714,NON-DAIRY MILK DRINK 900ML-1LT,109.167,0.28,
202303,211807,"YOGHURT/FROMAGE 4-6PK, 45-125G",106.33200000000001,1.4,
202303,211808,CHILLED POT DESSERT 125-200G,103.87899999999999,0.98,
202303,211814,YOGHURT-SMALL INDIVIDUAL,101.569,0.56,
202303,211815,FRESH DOUBLE CREAM 250ML-300ML,101.241,0.56,
202303,211816,POWDERED BABY FORMULA 400-900G,103.794,0.28,
202303,211901,TEA BAGS PKT OF 80 (230G-250G),104.085,0.54,
202303,211904,TEA BAGS-2-PACKET OF 240,115.171,0.18,
202303,211905,"FLAVRD TEA 15-20 BAGS, 30-40G",104.14299999999999,0.12,
202303,212001,"FRUIT SQUASH, 750ML - 1.5LT",104.63799999999999,0.81,
202303,212006,FRUIT JUICE NOT ORANGE 1L,100.87299999999999,0.54,
202303,212008,LEMONADE-2 LITRE BOTTLE,100.823,0.18,
202303,212010,MINERAL WATER STILL 1.5-2L,104.765,0.27,
202303,212015,FIZZY ENERGY DRINK 250-500ML,100.825,1.26,
202303,212016,FRESH/CHILL ORANGE JUICE 900ML,104.45,0.9,
202303,212017,FIZZY BOTTLED DRINK 500ML,101.094,1.53,
202303,212020,FRUIT DRINK BOTTLE 4-8 PACK,113.115,0.09,
202303,212021,BOTTLE STILL WATER 500ML,102.712,0.27,
202303,212022,MIXER DRINK BOTTLE 1L EG TONIC,97.74600000000001,0.72,
202303,212023,COLA/FIZZY DRINK 330ML PK 4-8,103.296,0.36,
202303,212024,FLAVOURED WATER BOTT 900ML-1.5,107.303,0.27,
202303,212025,"COLA DRINK, REG,BOTTLE,1.25-2L",99.56299999999999,0.72,
202303,212026,"COLA DRINK, DIET 1.25-2LTR",98.88600000000001,0.81,
202303,212027,FRUIT/VEG SMOOTHIE,105.068,0.27,
202303,212101,SUGAR -GRANULATED-WHITE-PER KG,103.3,0.78,
202303,212106,JAR OF JAM-340-454G,100.675,0.91,
202303,212107,HONEY JAR/BOTTLE 340G-454G,99.634,0.39,
202303,212202,MINTS,106.088,0.13,
202303,212211,CHOCOLATE 4,104.647,0.78,
202303,212214,FRUIT PASTILLES 2,103.531,0.39,
202303,212217,CHEWING/BUBBLE GUM-SINGLE PK,103.21799999999999,0.13,
202303,212218,CARTON/BOX OF CHOCS 150-400GM,90.72200000000001,1.3,
202303,212222,CHOCOLATE 10,105.837,1.95,
202303,212223,BRAND CHOC SWEETS 90-185G BAG,106.179,0.78,
202303,212224,"SWEETS, NOT CHOC, 150-250G BAG",102.416,0.52,
202303,212225,CHOCOLATE LARGE BAR 100-200G,104.382,1.95,
202303,212226,CHOCOLATE 12,108.604,0.39,
202303,212228,MALTED CHOCOLATE SWEETS,107.714,0.13,
202303,212309,POTATOES-NEW-PER KG,101.618,0.3,
202303,212310,POTATOES- OLD WHITE PER KG,103.789,0.6,
202303,212311,POTATOES- BAKING PR KG,98.787,0.15,
202303,212402,POTATO CRISPS 25G-50G,104.90100000000001,0.75,
202303,212404,POTATO CRISPS-MULTI-PACK,101.46,2.1,
202303,212405,FROZEN CHIPS 900G-1.5KG,97.315,0.9,
202303,212408,PREMIUM POTATO CRISPS/CHIPS,91.55799999999999,0.6,
202303,212409,P'PARED MASHED POTATO 400-650G,104.26,0.3,
202303,212504,FRESH VEG-CAULIFLOWER-EACH,102.92399999999999,0.45,
202303,212510,FRESH VEG-CUCUMBER-WHOLE,113.96700000000001,0.3,
202303,212511,FRESH VEG-LETTUCE-ICEBERG-EACH,109.93,0.3,
202303,212515,FRESH VEG-TOMATOES-PER KG,105.009,0.9,
202303,212516,FRESH VEG-CABBAGE-WHOLE-PER KG,99.221,0.15,
202303,212518,FRESH VEG-CARROTS-PER KG,103.455,0.3,
202303,212519,FRESH VEG-ONIONS-PER KG,109.693,0.6,
202303,212520,FRESH VEG-MUSHROOMS-PER KG,101.146,0.45,
202303,212527,PRE-PACKED SALAD 75-250G,100.18299999999999,0.45,
202303,212530,FRESH VEG-BROCCOLI-PER KG,103.99799999999999,0.3,
202303,212531,FRESH VEG-COURGETTE-PER KG,106.01,0.45,
202303,212532,FRESH VEG-PEPPERS -LOOSE OR KG,115.697,0.45,
202303,212533,VEGETABLE STIR FRY FRESH PACK,101.649,0.3,
202303,212535,SWEET POTATO PER KG OR EACH,98.479,0.3,
202303,212536,GREEN BEANS PER KG OR PACK,99.291,0.3,
202303,212601,CANNED TOMATOES 390-400G,103.212,0.3,
202303,212603,"BAKED BEANS, 400-425G TIN",108.28399999999999,0.3,
202303,212608,CANNED SWEETCORN 198-340G,101.139,0.15,
202303,212609,FROZEN GARDEN PEAS 800G-1KG,101.49600000000001,0.15,
202303,212612,FROZEN PRE-PREPARED VEGTABLES,101.58,0.3,
202303,212613,PULSES CAN 390 - 420G,97.639,0.3,
202303,212709,ORANGES-CLASS 1-EACH,103.94,0.3,
202303,212710,AVOCADO PEAR-EACH,104.464,0.5,
202303,212712,KIWI FRUIT-EACH,94.199,0.2,
202303,212715,GRAPEFRUIT-EACH,105.425,0.2,
202303,212717,APPLES-DESSERT-PER KG,105.68299999999999,0.5,
202303,212718,PEARS-DESSERT-PER KG,102.796,0.2,
202303,212719,BANANAS-PER KG,110.01899999999999,0.9,
202303,212720,STRAWBERRIES PER KG OR PUNNET,100.415,0.9,
202303,212722,GRAPES-PER KG,97.219,0.8,
202303,212725,SMALL TYPE ORANGES PER PACK/KG,105.81,0.3,
202303,212726,PLUMS PER KG/PACK,105.26100000000001,0.5,
202303,212730,FRUIT FRESH SNACKING 150-350G,100.85700000000001,0.4,
202303,212732,LEMON EACH,102.46799999999999,0.2,
202303,212733,BLUEBERRIES PUNNET OR PER KG,104.73,0.6,
202303,212734,RASPBERRIES PUNNET OR PER KG,104.155,0.5,
202303,212735,APPLES DESSERT EACH,102.176,0.5,
202303,212736,MELON EACH EG HONEYDEW,105.86399999999999,0.2,
202303,212737,PINEAPPLE EACH,103.664,0.2,
202303,212806,PACKET OF PEANUTS 150-300G,104.15799999999999,1.2,
202303,212807,CANNED FRUIT-400-450G,104.495,0.3,
202303,212808,DRIED FRUIT - EG APRICOTS,103.348,0.4,
202303,212809,BERRIES FROZEN PACK,100.46600000000001,0.2,
202303,212905,VEGETABLE PICKLE 280-520G,100.613,0.15,
202303,212910,CANNED SOUP-390-425G,104.66,0.55,
202303,212917,TOMATO KETCHUP BOTTLE 340-570G,109.509,0.6,
202303,212918,FRZN READY-COOKD MEAL SERVES 1,103.929,0.2,
202303,212923,COOK-IN SAUCE-JAR/CAN 350-520G,103.836,0.9,
202303,212928,FROZ VEG BURGER/GRILL 180-454G,108.338,0.3,
202303,212930,MAYONNAISE 390-500G/420-540MLS,98.243,0.5,
202303,212933,ICE CREAM 450ML-1L,101.256,1.3,
202303,212934,DRIED POTTED SNACK 50-120G,108.292,0.42,
202303,212936,CHILLED READY MEAL-MEAT-SERVS1,100.796,0.8,
202303,212937,CHILLED READY MEAL-FISH/VEG,100.206,0.7,
202303,212938,CHOCOLATE COVERED ICE CREAM,104.525,1.17,
202303,212939,CHILLED PIZZA EACH 300-600G,104.227,1.05,
202303,212940,PROTEIN POWDER 900G-2KG,105.37799999999999,0.3,
202303,212941,QUICHE 340G-450G,99.13799999999999,0.21,
202303,212942,VEGETABLE CRISPS PACK 80-125G,112.779,0.3,
202303,212943,YORKSHIRE PUDDING FROZEN,99.32,0.42,
202303,212944,SAUSAGE MEAT FREE CHILLED PACK,113.205,0.6,
202303,212945,HERBS DRIED JAR 3 - 20G,108.01700000000001,0.45,
202303,213003,COFFEE-INSTANT 90 -100G JAR,99.645,1.08,
202303,213005,HOT CHOCOLATE DRINK INSTANT,109.402,0.21,
202303,213006,COFFEE PODS PACK 8-16,107.62899999999999,0.39,
202303,213007,COFFEE SACHETS PACK,102.024,0.48,
202304,210102,LGE LOAF-WHTE-UNSLED-750-800G,100.536,0.42,
202304,210106,SIX BREAD ROLLS-WHITE/BROWN,100.46700000000001,0.84,
202304,210111,WHITE SLICED LOAF BRANDED 750G,105.10600000000001,1.05,
202304,210113,WHOLEMEAL SLICED LOAF BRANDED,102.117,0.84,
202304,210114,CHILLED GARLIC BREAD,98.471,1.47,
202304,210115,WRAP / TORTILLA PACK 6-8,104.19,0.42,
202304,210201,FLOUR-SELF-RAISING-1.5KG,109.005,0.42,
202304,210204,DRY SPAGHETTI OR PASTA 500G,99.637,0.21,
202304,210211,CORN SNACK SINGLE PACK MAX 50G,104.691,0.45,
202304,210212,BASMATI RICE 500G-1KG,101.039,0.42,
202304,210213,BREAKFAST CEREAL 1,101.86399999999999,1.05,
202304,210214,BREAKFAST CEREAL 2,104.521,1.68,
202304,210215,CEREAL BAR,110.22399999999999,0.42,
202304,210216,HOT OAT CEREAL,99.70299999999999,0.42,
202304,210217,RICE MICRO POUCH/TRAY 220-280G,112.74799999999999,0.21,
202304,210218,"POPCORN, BAG, 10-30G",102.73,0.63,
202304,210219,BREAKFAST CEREAL GLUTEN FREE,104.074,0.21,
202304,210221,COUSCOUS PLAIN/FLAVOURED,104.161,0.21,
202304,210301,CREAM CRACKERS PACK 200G-300G,111.197,0.84,
202304,210302,PLAIN BISCUITS-200-300G,112.931,1.47,
202304,210320,WHOLE SPONGE CAKE NOT FROZEN,100.67200000000001,1.26,
202304,210321,PACK OF 5-6 INDIVIDUAL CAKES,116.178,2.31,
202304,210323,BISCUITS HALF CHOC 260-400G,110.635,0.84,
202304,210324,CRUMPETS PACK 6-9 SPEC NUMBER,110.348,1.26,
202304,210403,HOME KILLED BEEF-LEAN MINCE KG,105.456,0.8,
202304,210406,HOME KLD BEEF-RUMP/POPES STEAK,102.44200000000001,1.0,
202304,210414,FROZEN BEEFBURGERS PACK OF 4,103.477,0.4,
202304,210416,BEEF ROASTING JOINT PER KG,100.759,0.4,
202304,210506,HK LAMB LOIN CHOP/STEAK PER KG,100.90700000000001,1.8,
202304,210703,HOME KILLED PORK-LOIN CHOPS KG,111.111,1.0,
202304,210802,BACON-GAMMON-PER KG,103.648,0.4,
202304,210808,BACON-BACK-PER KG,106.648,1.8,
202304,210905,FRESH/CHILLED CHICKEN  PER KG,102.76899999999999,0.8,
202304,210910,FRESH BONELESS CHICKEN BREAST,102.053,1.8,
202304,210913,ROTISSERIE CHICKEN [WHOLE],106.096,0.2,
202304,210914,FRESH TURKEY DICED/MIN PER KG,103.882,0.2,
202304,211007,CANNED MEAT-STEWED STEAK,104.18299999999999,0.2,
202304,211011,INDIVIDUAL MEAT PIE,104.77600000000001,1.0,
202304,211014,SAUSAGES-PORK-PER KG,106.965,1.8,
202304,211019,FROZ CHICKEN NUGGETS 220-600G,104.67200000000001,0.6,
202304,211023,COOKED HAM PREPACKED SLICED,109.01299999999999,2.2,
202304,211024,CONTINENTAL SLICED DELI MEAT,105.14,1.0,
202304,211025,JOINT OV/READ GAM/POR 450-900G,102.42299999999999,0.2,
202304,211026,CHICKEN KIEV 2 PACK 240-325G,103.706,0.6,
202304,211027,H K LIVER PER KG STATE TYPE,101.06,0.2,
202304,211029,COOKED MEAT TURKEY/CHICK SLICE,103.99700000000001,0.4,
202304,211030,MEAT BASED SNACK PACK MAX 400G,104.04700000000001,0.6,
202304,211031,COOKED HAM LOOSE PER 100G,107.15799999999999,0.6,
202304,211101,FRESH WHITE FISH FILLETS KG,102.884,0.45,
202304,211105,FRESH FISH-SALMON FILLETS-KG,105.774,0.75,
202304,211106,FROZEN PRAWNS PER KG,101.361,1.15,
202304,211207,"CANNED FISH, TUNA, 130G-200G",101.404,1.25,
202304,211210,FROZEN FISH FINGERS 8-12 PK,100.54899999999999,1.05,
202304,211211,FROZEN BREAD/BAT FISH 400-550G,107.071,0.35,
202304,211305,SPREADABLE BUTTER,97.397,0.68,
202304,211306,BUTTER 250G SPEC COO,101.555,0.56,
202304,211408,OLIVE OIL - 500ML - 1 LITRE,110.473,1.08,
202304,211409,"PEANUT BUTTER, JAR, 225-350G",102.73899999999999,0.24,
202304,211410,DAIRY SPREAD/MARGARINE,99.36200000000001,1.32,
202304,211411,DAIRY FREE SPREAD/MARGARINE,105.449,0.12,
202304,211501,CHEDDAR-HOME PRODUCED PER KG,105.77,2.1,
202304,211506,"CHEESE SPREAD, 125g-200g TUB",96.23700000000001,0.84,
202304,211509,HARD REGIONAL CHEESE PER KG,106.35799999999999,0.28,
202304,211510,PARMESAN CHEESE-PER KG,101.12100000000001,0.56,
202304,211511,SOFT CONTINENTAL CHEESE - KG,98.445,0.56,
202304,211604,EGGS PER DOZEN OR 2 X 6 BOX,106.36,1.4,
202304,211707,DELVD MILK SEMI-SKIMMED PER PT,102.037,0.14,
202304,211709,SHOP MILK-WHOLE MILK-4PT/2LTR,96.96700000000001,0.84,
202304,211710,MILK SEMI-PER 2 PINTS/1.136 L,97.913,2.94,
202304,211713,"MILK FLAVOURED, 180-500MLS/GMS",102.76799999999999,0.28,
202304,211714,NON-DAIRY MILK DRINK 900ML-1LT,114.375,0.28,
202304,211807,"YOGHURT/FROMAGE 4-6PK, 45-125G",112.72399999999999,1.4,
202304,211808,CHILLED POT DESSERT 125-200G,115.25299999999999,0.98,
202304,211814,YOGHURT-SMALL INDIVIDUAL,104.87700000000001,0.56,
202304,211815,FRESH DOUBLE CREAM 250ML-300ML,101.125,0.56,
202304,211816,POWDERED BABY FORMULA 400-900G,105.34200000000001,0.28,
202304,211901,TEA BAGS PKT OF 80 (230G-250G),105.103,0.54,
202304,211904,TEA BAGS-2-PACKET OF 240,112.219,0.18,
202304,211905,"FLAVRD TEA 15-20 BAGS, 30-40G",106.738,0.12,
202304,212001,"FRUIT SQUASH, 750ML - 1.5LT",112.115,0.81,
202304,212006,FRUIT JUICE NOT ORANGE 1L,104.581,0.54,
202304,212008,LEMONADE-2 LITRE BOTTLE,102.24799999999999,0.18,
202304,212010,MINERAL WATER STILL 1.5-2L,106.125,0.27,
202304,212015,FIZZY ENERGY DRINK 250-500ML,101.639,1.26,
202304,212016,FRESH/CHILL ORANGE JUICE 900ML,110.764,0.9,
202304,212017,FIZZY BOTTLED DRINK 500ML,101.181,1.53,
202304,212020,FRUIT DRINK BOTTLE 4-8 PACK,104.134,0.09,
202304,212021,BOTTLE STILL WATER 500ML,104.05799999999999,0.27,
202304,212022,MIXER DRINK BOTTLE 1L EG TONIC,100.48,0.72,
202304,212023,COLA/FIZZY DRINK 330ML PK 4-8,100.09700000000001,0.36,
202304,212024,FLAVOURED WATER BOTT 900ML-1.5,112.06700000000001,0.27,
202304,212025,"COLA DRINK, REG,BOTTLE,1.25-2L",97.54299999999999,0.72,
202304,212026,"COLA DRINK, DIET 1.25-2LTR",100.91,0.81,
202304,212027,FRUIT/VEG SMOOTHIE,105.76100000000001,0.27,
202304,212101,SUGAR -GRANULATED-WHITE-PER KG,107.24600000000001,0.78,
202304,212106,JAR OF JAM-340-454G,102.271,0.91,
202304,212107,HONEY JAR/BOTTLE 340G-454G,97.509,0.39,
202304,212202,MINTS,107.195,0.13,
202304,212211,CHOCOLATE 4,106.579,0.78,
202304,212214,FRUIT PASTILLES 2,104.524,0.39,
202304,212217,CHEWING/BUBBLE GUM-SINGLE PK,105.354,0.13,
202304,212218,CARTON/BOX OF CHOCS 150-400GM,106.6,1.3,
202304,212222,CHOCOLATE 10,105.68,1.95,
202304,212223,BRAND CHOC SWEETS 90-185G BAG,104.432,0.78,
202304,212224,"SWEETS, NOT CHOC, 150-250G BAG",109.31200000000001,0.52,
202304,212225,CHOCOLATE LARGE BAR 100-200G,101.36,1.95,
202304,212226,CHOCOLATE 12,109.38,0.39,
202304,212228,MALTED CHOCOLATE SWEETS,108.928,0.13,
202304,212309,POTATOES-NEW-PER KG,104.295,0.3,
202304,212310,POTATOES- OLD WHITE PER KG,105.61,0.6,
202304,212311,POTATOES- BAKING PR KG,100.304,0.15,
202304,212402,POTATO CRISPS 25G-50G,105.069,0.75,
202304,212404,POTATO CRISPS-MULTI-PACK,103.715,2.1,
202304,212405,FROZEN CHIPS 900G-1.5KG,103.167,0.9,
202304,212408,PREMIUM POTATO CRISPS/CHIPS,94.421,0.6,
202304,212409,P'PARED MASHED POTATO 400-650G,104.605,0.3,
202304,212504,FRESH VEG-CAULIFLOWER-EACH,102.34299999999999,0.45,
202304,212510,FRESH VEG-CUCUMBER-WHOLE,113.859,0.3,
202304,212511,FRESH VEG-LETTUCE-ICEBERG-EACH,112.803,0.3,
202304,212515,FRESH VEG-TOMATOES-PER KG,107.572,0.9,
202304,212516,FRESH VEG-CABBAGE-WHOLE-PER KG,106.553,0.15,
202304,212518,FRESH VEG-CARROTS-PER KG,107.446,0.3,
202304,212519,FRESH VEG-ONIONS-PER KG,116.505,0.6,
202304,212520,FRESH VEG-MUSHROOMS-PER KG,100.181,0.45,
202304,212527,PRE-PACKED SALAD 75-250G,99.60600000000001,0.45,
202304,212530,FRESH VEG-BROCCOLI-PER KG,108.92200000000001,0.3,
202304,212531,FRESH VEG-COURGETTE-PER KG,114.677,0.45,
202304,212532,FRESH VEG-PEPPERS -LOOSE OR KG,120.742,0.45,
202304,212533,VEGETABLE STIR FRY FRESH PACK,102.238,0.3,
202304,212535,SWEET POTATO PER KG OR EACH,98.229,0.3,
202304,212536,GREEN BEANS PER KG OR PACK,97.874,0.3,
202304,212601,CANNED TOMATOES 390-400G,104.184,0.3,
202304,212603,"BAKED BEANS, 400-425G TIN",109.846,0.3,
202304,212608,CANNED SWEETCORN 198-340G,103.008,0.15,
202304,212609,FROZEN GARDEN PEAS 800G-1KG,105.329,0.15,
202304,212612,FROZEN PRE-PREPARED VEGTABLES,103.632,0.3,
202304,212613,PULSES CAN 390 - 420G,98.14,0.3,
202304,212709,ORANGES-CLASS 1-EACH,102.69,0.3,
202304,212710,AVOCADO PEAR-EACH,103.615,0.5,
202304,212712,KIWI FRUIT-EACH,93.28399999999999,0.2,
202304,212715,GRAPEFRUIT-EACH,105.505,0.2,
202304,212717,APPLES-DESSERT-PER KG,107.738,0.5,
202304,212718,PEARS-DESSERT-PER KG,104.883,0.2,
202304,212719,BANANAS-PER KG,118.287,0.9,
202304,212720,STRAWBERRIES PER KG OR PUNNET,86.98,0.9,
202304,212722,GRAPES-PER KG,98.479,0.8,
202304,212725,SMALL TYPE ORANGES PER PACK/KG,106.22,0.3,
202304,212726,PLUMS PER KG/PACK,109.595,0.5,
202304,212730,FRUIT FRESH SNACKING 150-350G,101.962,0.4,
202304,212732,LEMON EACH,101.277,0.2,
202304,212733,BLUEBERRIES PUNNET OR PER KG,107.663,0.6,
202304,212734,RASPBERRIES PUNNET OR PER KG,101.105,0.5,
202304,212735,APPLES DESSERT EACH,103.15299999999999,0.5,
202304,212736,MELON EACH EG HONEYDEW,105.885,0.2,
202304,212737,PINEAPPLE EACH,103.337,0.2,
202304,212806,PACKET OF PEANUTS 150-300G,106.023,1.2,
202304,212807,CANNED FRUIT-400-450G,106.009,0.3,
202304,212808,DRIED FRUIT - EG APRICOTS,104.743,0.4,
202304,212809,BERRIES FROZEN PACK,99.986,0.2,
202304,212905,VEGETABLE PICKLE 280-520G,104.45299999999999,0.15,
202304,212910,CANNED SOUP-390-425G,107.221,0.55,
202304,212917,TOMATO KETCHUP BOTTLE 340-570G,115.27,0.6,
202304,212918,FRZN READY-COOKD MEAL SERVES 1,105.064,0.2,
202304,212923,COOK-IN SAUCE-JAR/CAN 350-520G,113.161,0.9,
202304,212928,FROZ VEG BURGER/GRILL 180-454G,113.333,0.3,
202304,212930,MAYONNAISE 390-500G/420-540MLS,106.594,0.5,
202304,212933,ICE CREAM 450ML-1L,100.906,1.3,
202304,212934,DRIED POTTED SNACK 50-120G,113.822,0.42,
202304,212936,CHILLED READY MEAL-MEAT-SERVS1,101.488,0.8,
202304,212937,CHILLED READY MEAL-FISH/VEG,101.046,0.7,
202304,212938,CHOCOLATE COVERED ICE CREAM,100.34899999999999,1.17,
202304,212939,CHILLED PIZZA EACH 300-600G,101.74799999999999,1.05,
202304,212940,PROTEIN POWDER 900G-2KG,104.434,0.3,
202304,212941,QUICHE 340G-450G,99.461,0.21,
202304,212942,VEGETABLE CRISPS PACK 80-125G,100.67299999999999,0.3,
202304,212943,YORKSHIRE PUDDING FROZEN,102.40799999999999,0.42,
202304,212944,SAUSAGE MEAT FREE CHILLED PACK,108.39,0.6,
202304,212945,HERBS DRIED JAR 3 - 20G,105.551,0.45,
202304,213003,COFFEE-INSTANT 90 -100G JAR,101.588,1.08,
202304,213005,HOT CHOCOLATE DRINK INSTANT,111.969,0.21,
202304,213006,COFFEE PODS PACK 8-16,107.024,0.39,
202304,213007,COFFEE SACHETS PACK,102.51100000000001,0.48,
202305,210102,LGE LOAF-WHTE-UNSLED-750-800G,100.897,0.42,
202305,210106,SIX BREAD ROLLS-WHITE/BROWN,101.244,0.84,
202305,210111,WHITE SLICED LOAF BRANDED 750G,102.71799999999999,1.05,
202305,210113,WHOLEMEAL SLICED LOAF BRANDED,100.118,0.84,
202305,210114,CHILLED GARLIC BREAD,98.29899999999999,1.47,
202305,210115,WRAP / TORTILLA PACK 6-8,104.245,0.42,
202305,210201,FLOUR-SELF-RAISING-1.5KG,108.236,0.42,
202305,210204,DRY SPAGHETTI OR PASTA 500G,97.535,0.21,
202305,210211,CORN SNACK SINGLE PACK MAX 50G,106.03399999999999,0.45,
202305,210212,BASMATI RICE 500G-1KG,102.01700000000001,0.42,
202305,210213,BREAKFAST CEREAL 1,108.042,1.05,
202305,210214,BREAKFAST CEREAL 2,109.336,1.68,
202305,210215,CEREAL BAR,108.84,0.42,
202305,210216,HOT OAT CEREAL,104.448,0.42,
202305,210217,RICE MICRO POUCH/TRAY 220-280G,114.917,0.21,
202305,210218,"POPCORN, BAG, 10-30G",106.434,0.63,
202305,210219,BREAKFAST CEREAL GLUTEN FREE,105.738,0.21,
202305,210221,COUSCOUS PLAIN/FLAVOURED,108.113,0.21,
202305,210301,CREAM CRACKERS PACK 200G-300G,111.184,0.84,
202305,210302,PLAIN BISCUITS-200-300G,112.40299999999999,1.47,
202305,210320,WHOLE SPONGE CAKE NOT FROZEN,101.719,1.26,
202305,210321,PACK OF 5-6 INDIVIDUAL CAKES,116.71799999999999,2.31,
202305,210323,BISCUITS HALF CHOC 260-400G,112.32,0.84,
202305,210324,CRUMPETS PACK 6-9 SPEC NUMBER,105.82700000000001,1.26,
202305,210403,HOME KILLED BEEF-LEAN MINCE KG,109.824,0.8,
202305,210406,HOME KLD BEEF-RUMP/POPES STEAK,102.815,1.0,
202305,210414,FROZEN BEEFBURGERS PACK OF 4,104.016,0.4,
202305,210416,BEEF ROASTING JOINT PER KG,103.428,0.4,
202305,210506,HK LAMB LOIN CHOP/STEAK PER KG,101.818,1.8,
202305,210703,HOME KILLED PORK-LOIN CHOPS KG,112.804,1.0,
202305,210802,BACON-GAMMON-PER KG,104.20100000000001,0.4,
202305,210808,BACON-BACK-PER KG,106.977,1.8,
202305,210905,FRESH/CHILLED CHICKEN  PER KG,103.32799999999999,0.8,
202305,210910,FRESH BONELESS CHICKEN BREAST,102.743,1.8,
202305,210913,ROTISSERIE CHICKEN [WHOLE],96.803,0.2,
202305,210914,FRESH TURKEY DICED/MIN PER KG,106.086,0.2,
202305,211007,CANNED MEAT-STEWED STEAK,105.945,0.2,
202305,211011,INDIVIDUAL MEAT PIE,104.361,1.0,
202305,211014,SAUSAGES-PORK-PER KG,107.875,1.8,
202305,211019,FROZ CHICKEN NUGGETS 220-600G,101.29899999999999,0.6,
202305,211023,COOKED HAM PREPACKED SLICED,106.209,2.2,
202305,211024,CONTINENTAL SLICED DELI MEAT,106.46799999999999,1.0,
202305,211025,JOINT OV/READ GAM/POR 450-900G,103.721,0.2,
202305,211026,CHICKEN KIEV 2 PACK 240-325G,107.165,0.6,
202305,211027,H K LIVER PER KG STATE TYPE,103.579,0.2,
202305,211029,COOKED MEAT TURKEY/CHICK SLICE,103.913,0.4,
202305,211030,MEAT BASED SNACK PACK MAX 400G,106.227,0.6,
202305,211031,COOKED HAM LOOSE PER 100G,107.42299999999999,0.6,
202305,211101,FRESH WHITE FISH FILLETS KG,103.346,0.45,
202305,211105,FRESH FISH-SALMON FILLETS-KG,111.485,0.75,
202305,211106,FROZEN PRAWNS PER KG,101.941,1.15,
202305,211207,"CANNED FISH, TUNA, 130G-200G",106.344,1.25,
202305,211210,FROZEN FISH FINGERS 8-12 PK,99.012,1.05,
202305,211211,FROZEN BREAD/BAT FISH 400-550G,105.057,0.35,
202305,211305,SPREADABLE BUTTER,96.494,0.68,
202305,211306,BUTTER 200-250G SPEC COO,100.42,0.56,
202305,211408,OLIVE OIL - 500ML - 1 LITRE,114.262,1.08,
202305,211409,"PEANUT BUTTER, JAR, 225-350G",101.06700000000001,0.24,
202305,211410,DAIRY SPREAD/MARGARINE,100.917,1.32,
202305,211411,DAIRY FREE SPREAD/MARGARINE,98.919,0.12,
202305,211501,CHEDDAR-HOME PRODUCED PER KG,108.365,2.1,
202305,211506,"CHEESE SPREAD, 125g-200g TUB",101.54799999999999,0.84,
202305,211509,HARD REGIONAL CHEESE PER KG,106.01899999999999,0.28,
202305,211510,PARMESAN CHEESE-PER KG,100.898,0.56,
202305,211511,SOFT CONTINENTAL CHEESE - KG,101.221,0.56,
202305,211604,EGGS PER DOZEN OR 2 X 6 BOX,105.584,1.4,
202305,211707,DELVD MILK SEMI-SKIMMED PER PT,102.037,0.14,
202305,211709,SHOP MILK-WHOLE MILK-4PT/2LTR,95.40899999999999,0.84,
202305,211710,MILK SEMI-PER 2 PINTS/1.136 L,97.01,2.94,
202305,211713,"MILK FLAVOURED, 180-500MLS/GMS",97.861,0.28,
202305,211714,NON-DAIRY MILK DRINK 900ML-1LT,111.04700000000001,0.28,
202305,211807,"YOGHURT/FROMAGE 4-6PK, 45-125G",113.211,1.4,
202305,211808,CHILLED POT DESSERT 125-200G,117.102,0.98,
202305,211814,YOGHURT-SMALL INDIVIDUAL,105.87200000000001,0.56,
202305,211815,FRESH DOUBLE CREAM 250ML-300ML,101.40299999999999,0.56,
202305,211816,POWDERED BABY FORMULA 400-900G,104.12299999999999,0.28,
202305,211901,TEA BAGS PKT OF 80 (230G-250G),100.603,0.54,
202305,211904,TEA BAGS-2-PACKET OF 240,113.245,0.18,
202305,211905,"FLAVRD TEA 15-20 BAGS, 30-40G",105.876,0.12,
202305,212001,"FRUIT SQUASH, 750ML - 1.5LT",113.34,0.81,
202305,212006,FRUIT JUICE NOT ORANGE 1L,102.054,0.54,
202305,212008,LEMONADE-2 LITRE BOTTLE,102.052,0.18,
202305,212010,MINERAL WATER STILL 1.5-2L,106.13,0.27,
202305,212015,FIZZY ENERGY DRINK 250-500ML,102.78200000000001,1.26,
202305,212016,FRESH/CHILL ORANGE JUICE 900ML,117.74,0.9,
202305,212017,FIZZY BOTTLED DRINK 500ML,102.38799999999999,1.53,
202305,212020,FRUIT DRINK BOTTLE 4-8 PACK,106.58200000000001,0.09,
202305,212021,BOTTLE STILL WATER 500ML,105.101,0.27,
202305,212022,MIXER DRINK BOTTLE 1L EG TONIC,101.60799999999999,0.72,
202305,212023,COLA/FIZZY DRINK 330ML PK 4-8,103.92,0.36,
202305,212024,FLAVOURED WATER BOTT 900ML-1.5,111.214,0.27,
202305,212025,"COLA DRINK, REG,BOTTLE,1.25-2L",97.146,0.72,
202305,212026,"COLA DRINK, DIET 1.25-2LTR",102.12200000000001,0.81,
202305,212027,FRUIT/VEG SMOOTHIE,97.735,0.27,
202305,212101,SUGAR -GRANULATED-WHITE-PER KG,109.444,0.78,
202305,212106,JAR OF JAM-340-454G,105.273,0.91,
202305,212107,HONEY JAR/BOTTLE 340G-454G,97.96799999999999,0.39,
202305,212202,MINTS,107.61399999999999,0.13,
202305,212211,CHOCOLATE 4,108.02799999999999,0.78,
202305,212214,FRUIT PASTILLES 2,104.04799999999999,0.39,
202305,212217,CHEWING/BUBBLE GUM-SINGLE PK,105.75399999999999,0.13,
202305,212218,CARTON/BOX OF CHOCS 150-400GM,104.21600000000001,1.3,
202305,212222,CHOCOLATE 10,106.056,1.95,
202305,212223,BRAND CHOC SWEETS 90-185G BAG,105.87,0.78,
202305,212224,"SWEETS, NOT CHOC, 150-250G BAG",109.88,0.52,
202305,212225,CHOCOLATE LARGE BAR 100-200G,107.759,1.95,
202305,212226,CHOCOLATE 12,109.524,0.39,
202305,212228,MALTED CHOCOLATE SWEETS,109.633,0.13,
202305,212309,POTATOES-NEW-PER KG,104.277,0.3,
202305,212310,POTATOES- OLD WHITE PER KG,104.859,0.6,
202305,212311,POTATOES- BAKING PR KG,101.005,0.15,
202305,212402,POTATO CRISPS 25G-50G,105.241,0.75,
202305,212404,POTATO CRISPS-MULTI-PACK,107.50399999999999,2.1,
202305,212405,FROZEN CHIPS 900G-1.5KG,105.73100000000001,0.9,
202305,212408,PREMIUM POTATO CRISPS/CHIPS,108.484,0.6,
202305,212409,P'PARED MASHED POTATO 400-650G,104.639,0.3,
202305,212504,FRESH VEG-CAULIFLOWER-EACH,103.574,0.45,
202305,212510,FRESH VEG-CUCUMBER-WHOLE,114.086,0.3,
202305,212511,FRESH VEG-LETTUCE-ICEBERG-EACH,112.51700000000001,0.3,
202305,212515,FRESH VEG-TOMATOES-PER KG,105.51299999999999,0.9,
202305,212516,FRESH VEG-CABBAGE-WHOLE-PER KG,111.20200000000001,0.15,
202305,212518,FRESH VEG-CARROTS-PER KG,120.087,0.3,
202305,212519,FRESH VEG-ONIONS-PER KG,118.46700000000001,0.6,
202305,212520,FRESH VEG-MUSHROOMS-PER KG,100.58,0.45,
202305,212527,PRE-PACKED SALAD 75-250G,100.381,0.45,
202305,212530,FRESH VEG-BROCCOLI-PER KG,109.322,0.3,
202305,212531,FRESH VEG-COURGETTE-PER KG,113.68299999999999,0.45,
202305,212532,FRESH VEG-PEPPERS -LOOSE OR KG,120.75299999999999,0.45,
202305,212533,VEGETABLE STIR FRY FRESH PACK,102.62100000000001,0.3,
202305,212535,SWEET POTATO PER KG OR EACH,99.999,0.3,
202305,212536,GREEN BEANS PER KG OR PACK,96.137,0.3,
202305,212601,CANNED TOMATOES 390-400G,112.915,0.3,
202305,212603,"BAKED BEANS, 400-425G TIN",109.639,0.3,
202305,212608,CANNED SWEETCORN 198-340G,106.863,0.15,
202305,212609,FROZEN GARDEN PEAS 800G-1KG,108.303,0.15,
202305,212612,FROZEN PRE-PREPARED VEGTABLES,104.275,0.3,
202305,212613,PULSES CAN 390 - 420G,100.863,0.3,
202305,212709,ORANGES-CLASS 1-EACH,103.868,0.3,
202305,212710,AVOCADO PEAR-EACH,103.662,0.5,
202305,212712,KIWI FRUIT-EACH,96.06299999999999,0.2,
202305,212715,GRAPEFRUIT-EACH,106.514,0.2,
202305,212717,APPLES-DESSERT-PER KG,106.258,0.5,
202305,212718,PEARS-DESSERT-PER KG,106.81,0.2,
202305,212719,BANANAS-PER KG,121.022,0.9,
202305,212720,STRAWBERRIES PER KG OR PUNNET,87.62,0.9,
202305,212722,GRAPES-PER KG,98.055,0.8,
202305,212725,SMALL TYPE ORANGES PER PACK/KG,105.809,0.3,
202305,212726,PLUMS PER KG/PACK,106.70299999999999,0.5,
202305,212730,FRUIT FRESH SNACKING 150-350G,101.94200000000001,0.4,
202305,212732,LEMON EACH,103.45100000000001,0.2,
202305,212733,BLUEBERRIES PUNNET OR PER KG,105.18799999999999,0.6,
202305,212734,RASPBERRIES PUNNET OR PER KG,99.296,0.5,
202305,212735,APPLES DESSERT EACH,103.647,0.5,
202305,212736,MELON EACH EG HONEYDEW,107.17,0.2,
202305,212737,PINEAPPLE EACH,103.161,0.2,
202305,212806,PACKET OF PEANUTS 150-300G,107.74799999999999,1.2,
202305,212807,CANNED FRUIT-400-450G,106.92,0.3,
202305,212808,DRIED FRUIT - EG APRICOTS,106.387,0.4,
202305,212809,BERRIES FROZEN PACK,102.398,0.2,
202305,212905,VEGETABLE PICKLE 280-520G,109.609,0.15,
202305,212910,CANNED SOUP-390-425G,112.135,0.55,
202305,212917,TOMATO KETCHUP BOTTLE 340-570G,109.90799999999999,0.6,
202305,212918,FRZN READY-COOKD MEAL SERVES 1,107.12899999999999,0.2,
202305,212923,COOK-IN SAUCE-JAR/CAN 350-520G,114.525,0.9,
202305,212928,FROZ VEG BURGER/GRILL 180-454G,114.682,0.3,
202305,212930,MAYONNAISE 390-500G/420-540MLS,108.913,0.5,
202305,212933,ICE CREAM 450ML-1L,100.256,1.3,
202305,212934,DRIED POTTED SNACK 50-120G,121.74700000000001,0.42,
202305,212936,CHILLED READY MEAL-MEAT-SERVS1,102.319,0.8,
202305,212937,CHILLED READY MEAL-FISH/VEG,100.319,0.7,
202305,212938,CHOCOLATE COVERED ICE CREAM,105.488,1.17,
202305,212939,CHILLED PIZZA EACH 300-600G,101.785,1.05,
202305,212940,PROTEIN POWDER 900G-2KG,104.29,0.3,
202305,212941,QUICHE 340G-450G,99.633,0.21,
202305,212942,VEGETABLE CRISPS PACK 80-125G,111.50399999999999,0.3,
202305,212943,YORKSHIRE PUDDING FROZEN,104.64,0.42,
202305,212944,SAUSAGE MEAT FREE CHILLED PACK,107.95100000000001,0.6,
202305,212945,HERBS DRIED JAR 3 - 20G,105.568,0.45,
202305,213003,COFFEE-INSTANT 90 -100G JAR,97.027,1.08,
202305,213005,HOT CHOCOLATE DRINK INSTANT,113.1,0.21,
202305,213006,COFFEE PODS PACK 8-16,106.641,0.39,
202305,213007,COFFEE SACHETS PACK,106.874,0.48,
202306,210102,LGE LOAF-WHTE-UNSLED-750-800G,101.86,0.42,
202306,210106,SIX BREAD ROLLS-WHITE/BROWN,101.79799999999999,0.84,
202306,210111,WHITE SLICED LOAF BRANDED 750G,102.425,1.05,
202306,210113,WHOLEMEAL SLICED LOAF BRANDED,99.405,0.84,
202306,210114,CHILLED GARLIC BREAD,100.167,1.47,
202306,210115,WRAP / TORTILLA PACK 6-8,104.19200000000001,0.42,
202306,210201,FLOUR-SELF-RAISING-1.5KG,108.71700000000001,0.42,
202306,210204,DRY SPAGHETTI OR PASTA 500G,96.837,0.21,
202306,210211,CORN SNACK SINGLE PACK MAX 50G,108.00299999999999,0.45,
202306,210212,BASMATI RICE 500G-1KG,103.721,0.42,
202306,210213,BREAKFAST CEREAL 1,106.75,1.05,
202306,210214,BREAKFAST CEREAL 2,107.546,1.68,
202306,210215,CEREAL BAR,113.243,0.42,
202306,210216,HOT OAT CEREAL,105.115,0.42,
202306,210217,RICE MICRO POUCH/TRAY 220-280G,114.72399999999999,0.21,
202306,210218,"POPCORN, BAG, 10-30G",105.554,0.63,
202306,210219,BREAKFAST CEREAL GLUTEN FREE,110.493,0.21,
202306,210221,COUSCOUS PLAIN/FLAVOURED,105.56299999999999,0.21,
202306,210301,CREAM CRACKERS PACK 200G-300G,109.36200000000001,0.84,
202306,210302,PLAIN BISCUITS-200-300G,113.145,1.47,
202306,210320,WHOLE SPONGE CAKE NOT FROZEN,100.749,1.26,
202306,210321,PACK OF 5-6 INDIVIDUAL CAKES,118.536,2.31,
202306,210323,BISCUITS HALF CHOC 260-400G,113.792,0.84,
202306,210324,CRUMPETS PACK 6-9 SPEC NUMBER,111.867,1.26,
202306,210403,HOME KILLED BEEF-LEAN MINCE KG,109.24799999999999,0.8,
202306,210406,HOME KLD BEEF-RUMP/POPES STEAK,103.822,1.0,
202306,210414,FROZEN BEEFBURGERS PACK OF 4,105.102,0.4,
202306,210416,BEEF ROASTING JOINT PER KG,102.15899999999999,0.4,
202306,210506,HK LAMB LOIN CHOP/STEAK PER KG,102.819,1.8,
202306,210703,HOME KILLED PORK-LOIN CHOPS KG,113.825,1.0,
202306,210802,BACON-GAMMON-PER KG,105.404,0.4,
202306,210808,BACON-BACK-PER KG,108.03,1.8,
202306,210905,FRESH/CHILLED CHICKEN  PER KG,103.696,0.8,
202306,210910,FRESH BONELESS CHICKEN BREAST,102.79299999999999,1.8,
202306,210913,ROTISSERIE CHICKEN [WHOLE],107.73700000000001,0.2,
202306,210914,FRESH TURKEY DICED/MIN PER KG,106.421,0.2,
202306,211007,CANNED MEAT-STEWED STEAK,106.04299999999999,0.2,
202306,211011,INDIVIDUAL MEAT PIE,106.69,1.0,
202306,211014,SAUSAGES-PORK-PER KG,110.725,1.8,
202306,211019,FROZ CHICKEN NUGGETS 220-600G,104.01,0.6,
202306,211023,COOKED HAM PREPACKED SLICED,104.219,2.2,
202306,211024,CONTINENTAL SLICED DELI MEAT,105.75399999999999,1.0,
202306,211025,JOINT OV/READ GAM/POR 450-900G,102.5,0.2,
202306,211026,CHICKEN KIEV 2 PACK 240-325G,108.56299999999999,0.6,
202306,211027,H K LIVER PER KG STATE TYPE,103.581,0.2,
202306,211029,COOKED MEAT TURKEY/CHICK SLICE,104.508,0.4,
202306,211030,MEAT BASED SNACK PACK MAX 400G,106.419,0.6,
202306,211031,COOKED HAM LOOSE PER 100G,106.025,0.6,
202306,211101,FRESH WHITE FISH FILLETS KG,103.199,0.45,
202306,211105,FRESH FISH-SALMON FILLETS-KG,109.698,0.75,
202306,211106,FROZEN PRAWNS PER KG,102.01,1.15,
202306,211207,"CANNED FISH, TUNA, 130G-200G",102.212,1.25,
202306,211210,FROZEN FISH FINGERS 8-12 PK,101.696,1.05,
202306,211211,FROZEN BREAD/BAT FISH 400-550G,105.21,0.35,
202306,211305,SPREADABLE BUTTER,98.48299999999999,0.68,
202306,211306,BUTTER 200-250G SPEC COO,98.315,0.56,
202306,211408,OLIVE OIL - 500ML - 1 LITRE,115.662,1.08,
202306,211409,"PEANUT BUTTER, JAR, 225-350G",104.49700000000001,0.24,
202306,211410,DAIRY SPREAD/MARGARINE,101.431,1.32,
202306,211411,DAIRY FREE SPREAD/MARGARINE,106.74799999999999,0.12,
202306,211501,CHEDDAR-HOME PRODUCED PER KG,106.35600000000001,2.1,
202306,211506,"CHEESE SPREAD, 125g-200g TUB",102.76700000000001,0.84,
202306,211509,HARD REGIONAL CHEESE PER KG,107.32700000000001,0.28,
202306,211510,PARMESAN CHEESE-PER KG,100.681,0.56,
202306,211511,SOFT CONTINENTAL CHEESE - KG,98.405,0.56,
202306,211604,EGGS PER DOZEN OR 2 X 6 BOX,106.191,1.4,
202306,211707,DELVD MILK SEMI-SKIMMED PER PT,102.037,0.14,
202306,211709,SHOP MILK-WHOLE MILK-4PT/2LTR,96.351,0.84,
202306,211710,MILK SEMI-PER 2 PINTS/1.136 L,96.95700000000001,2.94,
202306,211713,"MILK FLAVOURED, 180-500MLS/GMS",103.539,0.28,
202306,211714,NON-DAIRY MILK DRINK 900ML-1LT,114.87100000000001,0.28,
202306,211807,"YOGHURT/FROMAGE 4-6PK, 45-125G",111.145,1.4,
202306,211808,CHILLED POT DESSERT 125-200G,113.491,0.98,
202306,211814,YOGHURT-SMALL INDIVIDUAL,106.309,0.56,
202306,211815,FRESH DOUBLE CREAM 250ML-300ML,99.98,0.56,
202306,211816,POWDERED BABY FORMULA 400-900G,105.87200000000001,0.28,
202306,211901,TEA BAGS PKT OF 80 (230G-250G),104.37200000000001,0.54,
202306,211904,TEA BAGS-2-PACKET OF 240,115.01700000000001,0.18,
202306,211905,"FLAVRD TEA 15-20 BAGS, 30-40G",108.84100000000001,0.12,
202306,212001,"FRUIT SQUASH, 750ML - 1.5LT",117.99700000000001,0.81,
202306,212006,FRUIT JUICE NOT ORANGE 1L,106.553,0.54,
202306,212008,LEMONADE-2 LITRE BOTTLE,102.993,0.18,
202306,212010,MINERAL WATER STILL 1.5-2L,107.079,0.27,
202306,212015,FIZZY ENERGY DRINK 250-500ML,102.505,1.26,
202306,212016,FRESH/CHILL ORANGE JUICE 900ML,109.714,0.9,
202306,212017,FIZZY BOTTLED DRINK 500ML,105.344,1.53,
202306,212020,FRUIT DRINK BOTTLE 4-8 PACK,114.694,0.09,
202306,212021,BOTTLE STILL WATER 500ML,107.041,0.27,
202306,212022,MIXER DRINK BOTTLE 1L EG TONIC,102.676,0.72,
202306,212023,COLA/FIZZY DRINK 330ML PK 4-8,103.80799999999999,0.36,
202306,212024,FLAVOURED WATER BOTT 900ML-1.5,113.10700000000001,0.27,
202306,212025,"COLA DRINK, REG,BOTTLE,1.25-2L",95.884,0.72,
202306,212026,"COLA DRINK, DIET 1.25-2LTR",101.133,0.81,
202306,212027,FRUIT/VEG SMOOTHIE,106.522,0.27,
202306,212101,SUGAR -GRANULATED-WHITE-PER KG,110.84299999999999,0.78,
202306,212106,JAR OF JAM-340-454G,106.85,0.91,
202306,212107,HONEY JAR/BOTTLE 340G-454G,99.789,0.39,
202306,212202,MINTS,107.44200000000001,0.13,
202306,212211,CHOCOLATE 4,108.589,0.78,
202306,212214,FRUIT PASTILLES 2,105.069,0.39,
202306,212217,CHEWING/BUBBLE GUM-SINGLE PK,105.947,0.13,
202306,212218,CARTON/BOX OF CHOCS 150-400GM,100.935,1.3,
202306,212222,CHOCOLATE 10,107.87799999999999,1.95,
202306,212223,BRAND CHOC SWEETS 90-185G BAG,105.20200000000001,0.78,
202306,212224,"SWEETS, NOT CHOC, 150-250G BAG",112.501,0.52,
202306,212225,CHOCOLATE LARGE BAR 100-200G,106.97,1.95,
202306,212226,CHOCOLATE 12,109.743,0.39,
202306,212228,MALTED CHOCOLATE SWEETS,109.76299999999999,0.13,
202306,212309,POTATOES-NEW-PER KG,108.18799999999999,0.3,
202306,212310,POTATOES- OLD WHITE PER KG,106.137,0.6,
202306,212311,POTATOES- BAKING PR KG,102.193,0.15,
202306,212402,POTATO CRISPS 25G-50G,106.507,0.75,
202306,212404,POTATO CRISPS-MULTI-PACK,109.573,2.1,
202306,212405,FROZEN CHIPS 900G-1.5KG,107.985,0.9,
202306,212408,PREMIUM POTATO CRISPS/CHIPS,101.695,0.6,
202306,212409,P'PARED MASHED POTATO 400-650G,106.023,0.3,
202306,212504,FRESH VEG-CAULIFLOWER-EACH,103.473,0.45,
202306,212510,FRESH VEG-CUCUMBER-WHOLE,112.08200000000001,0.3,
202306,212511,FRESH VEG-LETTUCE-ICEBERG-EACH,112.24700000000001,0.3,
202306,212515,FRESH VEG-TOMATOES-PER KG,103.301,0.9,
202306,212516,FRESH VEG-CABBAGE-WHOLE-PER KG,112.51299999999999,0.15,
202306,212518,FRESH VEG-CARROTS-PER KG,120.15,0.3,
202306,212519,FRESH VEG-ONIONS-PER KG,120.64200000000001,0.6,
202306,212520,FRESH VEG-MUSHROOMS-PER KG,100.54299999999999,0.45,
202306,212527,PRE-PACKED SALAD 75-250G,99.38799999999999,0.45,
202306,212530,FRESH VEG-BROCCOLI-PER KG,107.684,0.3,
202306,212531,FRESH VEG-COURGETTE-PER KG,114.22200000000001,0.45,
202306,212532,FRESH VEG-PEPPERS -LOOSE OR KG,119.064,0.45,
202306,212533,VEGETABLE STIR FRY FRESH PACK,102.961,0.3,
202306,212535,SWEET POTATO PER KG OR EACH,101.24,0.3,
202306,212536,GREEN BEANS PER KG OR PACK,93.624,0.3,
202306,212601,CANNED TOMATOES 390-400G,116.32799999999999,0.3,
202306,212603,"BAKED BEANS, 400-425G TIN",107.227,0.3,
202306,212608,CANNED SWEETCORN 198-340G,110.963,0.15,
202306,212609,FROZEN GARDEN PEAS 800G-1KG,109.315,0.15,
202306,212612,FROZEN PRE-PREPARED VEGTABLES,105.449,0.3,
202306,212613,PULSES CAN 390 - 420G,102.594,0.3,
202306,212709,ORANGES-CLASS 1-EACH,103.604,0.3,
202306,212710,AVOCADO PEAR-EACH,103.314,0.5,
202306,212712,KIWI FRUIT-EACH,94.96799999999999,0.2,
202306,212715,GRAPEFRUIT-EACH,106.557,0.2,
202306,212717,APPLES-DESSERT-PER KG,106.656,0.5,
202306,212718,PEARS-DESSERT-PER KG,110.045,0.2,
202306,212719,BANANAS-PER KG,121.256,0.9,
202306,212720,STRAWBERRIES PER KG OR PUNNET,79.74600000000001,0.9,
202306,212722,GRAPES-PER KG,98.435,0.8,
202306,212725,SMALL TYPE ORANGES PER PACK/KG,106.712,0.3,
202306,212726,PLUMS PER KG/PACK,105.882,0.5,
202306,212730,FRUIT FRESH SNACKING 150-350G,102.51799999999999,0.4,
202306,212732,LEMON EACH,104.41799999999999,0.2,
202306,212733,BLUEBERRIES PUNNET OR PER KG,106.649,0.6,
202306,212734,RASPBERRIES PUNNET OR PER KG,99.24,0.5,
202306,212735,APPLES DESSERT EACH,105.242,0.5,
202306,212736,MELON EACH EG HONEYDEW,105.619,0.2,
202306,212737,PINEAPPLE EACH,104.309,0.2,
202306,212806,PACKET OF PEANUTS 150-300G,107.96600000000001,1.2,
202306,212807,CANNED FRUIT-400-450G,106.11,0.3,
202306,212808,DRIED FRUIT - EG APRICOTS,108.03399999999999,0.4,
202306,212809,BERRIES FROZEN PACK,102.145,0.2,
202306,212905,VEGETABLE PICKLE 280-520G,103.96799999999999,0.15,
202306,212910,CANNED SOUP-390-425G,113.58200000000001,0.55,
202306,212917,TOMATO KETCHUP BOTTLE 340-570G,111.465,0.6,
202306,212918,FRZN READY-COOKD MEAL SERVES 1,107.084,0.2,
202306,212923,COOK-IN SAUCE-JAR/CAN 350-520G,116.86,0.9,
202306,212928,FROZ VEG BURGER/GRILL 180-454G,111.464,0.3,
202306,212930,MAYONNAISE 390-500G/420-540MLS,109.493,0.5,
202306,212933,ICE CREAM 450ML-1L,100.626,1.3,
202306,212934,DRIED POTTED SNACK 50-120G,122.20700000000001,0.42,
202306,212936,CHILLED READY MEAL-MEAT-SERVS1,101.804,0.8,
202306,212937,CHILLED READY MEAL-FISH/VEG,101.98700000000001,0.7,
202306,212938,CHOCOLATE COVERED ICE CREAM,108.949,1.17,
202306,212939,CHILLED PIZZA EACH 300-600G,103.977,1.05,
202306,212940,PROTEIN POWDER 900G-2KG,101.304,0.3,
202306,212941,QUICHE 340G-450G,101.825,0.21,
202306,212942,VEGETABLE CRISPS PACK 80-125G,109.914,0.3,
202306,212943,YORKSHIRE PUDDING FROZEN,105.32700000000001,0.42,
202306,212944,SAUSAGE MEAT FREE CHILLED PACK,111.539,0.6,
202306,212945,HERBS DRIED JAR 3 - 20G,105.36399999999999,0.45,
202306,213003,COFFEE-INSTANT 90 -100G JAR,100.14399999999999,1.08,
202306,213005,HOT CHOCOLATE DRINK INSTANT,115.758,0.21,
202306,213006,COFFEE PODS PACK 8-16,102.87799999999999,0.39,
202306,213007,COFFEE SACHETS PACK,106.742,0.48,
202307,210102,LGE LOAF-WHTE-UNSLED-750-800G,100.962,0.42,
202307,210106,SIX BREAD ROLLS-WHITE/BROWN,102.537,0.84,
202307,210111,WHITE SLICED LOAF BRANDED 750G,102.48100000000001,1.05,
202307,210113,WHOLEMEAL SLICED LOAF BRANDED,99.25200000000001,0.84,
202307,210114,CHILLED GARLIC BREAD,100.059,1.47,
202307,210115,WRAP / TORTILLA PACK 6-8,103.994,0.42,
202307,210201,FLOUR-SELF-RAISING-1.5KG,109.434,0.42,
202307,210204,DRY SPAGHETTI OR PASTA 500G,92.071,0.21,
202307,210211,CORN SNACK SINGLE PACK MAX 50G,110.598,0.45,
202307,210212,BASMATI RICE 500G-1KG,103.38600000000001,0.42,
202307,210213,BREAKFAST CEREAL 1,104.23200000000001,1.05,
202307,210214,BREAKFAST CEREAL 2,107.479,1.68,
202307,210215,CEREAL BAR,119.586,0.42,
202307,210216,HOT OAT CEREAL,104.176,0.42,
202307,210217,RICE MICRO POUCH/TRAY 220-280G,115.626,0.21,
202307,210218,"POPCORN, BAG, 10-30G",107.75200000000001,0.63,
202307,210219,BREAKFAST CEREAL GLUTEN FREE,106.012,0.21,
202307,210221,COUSCOUS PLAIN/FLAVOURED,109.211,0.21,
202307,210301,CREAM CRACKERS PACK 200G-300G,111.757,0.84,
202307,210302,PLAIN BISCUITS-200-300G,115.4,1.47,
202307,210320,WHOLE SPONGE CAKE NOT FROZEN,105.624,1.26,
202307,210321,PACK OF 5-6 INDIVIDUAL CAKES,118.641,2.31,
202307,210323,BISCUITS HALF CHOC 260-400G,110.49700000000001,0.84,
202307,210324,CRUMPETS PACK 6-9 SPEC NUMBER,107.572,1.26,
202307,210403,HOME KILLED BEEF-LEAN MINCE KG,109.39399999999999,0.8,
202307,210406,HOME KLD BEEF-RUMP/POPES STEAK,104.01799999999999,1.0,
202307,210414,FROZEN BEEFBURGERS PACK OF 4,107.031,0.4,
202307,210416,BEEF ROASTING JOINT PER KG,102.3,0.4,
202307,210506,HK LAMB LOIN CHOP/STEAK PER KG,101.773,1.8,
202307,210703,HOME KILLED PORK-LOIN CHOPS KG,116.329,1.0,
202307,210802,BACON-GAMMON-PER KG,107.34899999999999,0.4,
202307,210808,BACON-BACK-PER KG,108.669,1.8,
202307,210905,FRESH/CHILLED CHICKEN  PER KG,103.992,0.8,
202307,210910,FRESH BONELESS CHICKEN BREAST,102.762,1.8,
202307,210913,ROTISSERIE CHICKEN [WHOLE],98.094,0.2,
202307,210914,FRESH TURKEY DICED/MIN PER KG,105.359,0.2,
202307,211007,CANNED MEAT-STEWED STEAK,106.69,0.2,
202307,211011,INDIVIDUAL MEAT PIE,104.90299999999999,1.0,
202307,211014,SAUSAGES-PORK-PER KG,112.102,1.8,
202307,211019,FROZ CHICKEN NUGGETS 220-600G,104.47,0.6,
202307,211023,COOKED HAM PREPACKED SLICED,105.896,2.2,
202307,211024,CONTINENTAL SLICED DELI MEAT,107.469,1.0,
202307,211025,JOINT OV/READ GAM/POR 450-900G,103.434,0.2,
202307,211026,CHICKEN KIEV 2 PACK 240-325G,108.287,0.6,
202307,211027,H K LIVER PER KG STATE TYPE,103.625,0.2,
202307,211029,COOKED MEAT TURKEY/CHICK SLICE,103.904,0.4,
202307,211030,MEAT BASED SNACK PACK MAX 400G,107.555,0.6,
202307,211031,COOKED HAM LOOSE PER 100G,107.53,0.6,
202307,211101,FRESH WHITE FISH FILLETS KG,102.65,0.45,
202307,211105,FRESH FISH-SALMON FILLETS-KG,113.603,0.75,
202307,211106,FROZEN PRAWNS PER KG,105.725,1.15,
202307,211207,"CANNED FISH, TUNA, 130G-200G",105.777,1.25,
202307,211210,FROZEN FISH FINGERS 8-12 PK,99.536,1.05,
202307,211211,FROZEN BREAD/BAT FISH 400-550G,106.663,0.35,
202307,211305,SPREADABLE BUTTER,98.54799999999999,0.68,
202307,211306,BUTTER 200-250G SPEC COO,96.863,0.56,
202307,211408,OLIVE OIL - 500ML - 1 LITRE,118.508,1.08,
202307,211409,"PEANUT BUTTER, JAR, 225-350G",103.616,0.24,
202307,211410,DAIRY SPREAD/MARGARINE,101.292,1.32,
202307,211411,DAIRY FREE SPREAD/MARGARINE,100.579,0.12,
202307,211501,CHEDDAR-HOME PRODUCED PER KG,106.587,2.1,
202307,211506,"CHEESE SPREAD, 125g-200g TUB",111.286,0.84,
202307,211509,HARD REGIONAL CHEESE PER KG,107.557,0.28,
202307,211510,PARMESAN CHEESE-PER KG,100.988,0.56,
202307,211511,SOFT CONTINENTAL CHEESE - KG,99.221,0.56,
202307,211604,EGGS PER DOZEN OR 2 X 6 BOX,107.109,1.4,
202307,211707,DELVD MILK SEMI-SKIMMED PER PT,102.117,0.14,
202307,211709,SHOP MILK-WHOLE MILK-4PT/2LTR,90.757,0.84,
202307,211710,MILK SEMI-PER 2 PINTS/1.136 L,93.713,2.94,
202307,211713,"MILK FLAVOURED, 180-500MLS/GMS",102.84100000000001,0.28,
202307,211714,NON-DAIRY MILK DRINK 900ML-1LT,112.87899999999999,0.28,
202307,211807,"YOGHURT/FROMAGE 4-6PK, 45-125G",114.234,1.4,
202307,211808,CHILLED POT DESSERT 125-200G,109.345,0.98,
202307,211814,YOGHURT-SMALL INDIVIDUAL,106.23700000000001,0.56,
202307,211815,FRESH DOUBLE CREAM 250ML-300ML,99.72,0.56,
202307,211816,POWDERED BABY FORMULA 400-900G,106.54299999999999,0.28,
202307,211901,TEA BAGS PKT OF 80 (230G-250G),103.454,0.54,
202307,211904,TEA BAGS PACKET OF 210-240,114.165,0.18,
202307,211905,"FLAVRD TEA 15-20 BAGS, 30-40G",102.866,0.12,
202307,212001,"FRUIT SQUASH, 750ML - 1.5LT",111.465,0.81,
202307,212006,FRUIT JUICE NOT ORANGE 1L,107.182,0.54,
202307,212008,LEMONADE-2 LITRE BOTTLE,103.37200000000001,0.18,
202307,212010,MINERAL WATER STILL 1.5-2L,107.554,0.27,
202307,212015,FIZZY ENERGY DRINK 250-500ML,99.51,1.26,
202307,212016,FRESH/CHILL ORANGE JUICE 900ML,116.84,0.9,
202307,212017,FIZZY BOTTLED DRINK 500ML,105.891,1.53,
202307,212020,FRUIT DRINK BOTTLE 4-8 PACK,106.868,0.09,
202307,212021,BOTTLE STILL WATER 500ML,106.322,0.27,
202307,212022,MIXER DRINK BOTTLE 1L EG TONIC,103.257,0.72,
202307,212023,COLA/FIZZY DRINK 330ML PK 4-8,106.462,0.36,
202307,212024,FLAVOURED WATER BOTT 900ML-1.5,112.708,0.27,
202307,212025,"COLA DRINK, REG,BOTTLE,1.25-2L",98.64399999999999,0.72,
202307,212026,"COLA DRINK, DIET 1.25-2LTR",98.785,0.81,
202307,212027,FRUIT/VEG SMOOTHIE,110.48899999999999,0.27,
202307,212101,SUGAR -GRANULATED-WHITE-PER KG,111.62299999999999,0.78,
202307,212106,JAR OF JAM-340-454G,102.242,0.91,
202307,212107,HONEY JAR/BOTTLE 340G-454G,97.49799999999999,0.39,
202307,212202,MINTS,107.154,0.13,
202307,212211,CHOCOLATE 4,109.01,0.78,
202307,212214,FRUIT PASTILLES 2,102.26899999999999,0.39,
202307,212217,CHEWING/BUBBLE GUM-SINGLE PK,106.804,0.13,
202307,212218,CARTON/BOX OF CHOCS 150-400GM,104.023,1.3,
202307,212222,CHOCOLATE 10,109.209,1.95,
202307,212223,BRAND CHOC SWEETS 90-185G BAG,108.583,0.78,
202307,212224,"SWEETS, NOT CHOC, 150-250G BAG",111.565,0.52,
202307,212225,CHOCOLATE LARGE BAR 100-200G,106.485,1.95,
202307,212226,CHOCOLATE 12,109.37,0.39,
202307,212228,MALTED CHOCOLATE SWEETS,111.286,0.13,
202307,212309,POTATOES-NEW-PER KG,107.936,0.3,
202307,212310,POTATOES- OLD WHITE PER KG,107.536,0.6,
202307,212311,POTATOES- BAKING PR KG,102.757,0.15,
202307,212402,POTATO CRISPS 25G-50G,105.696,0.75,
202307,212404,POTATO CRISPS-MULTI-PACK,110.836,2.1,
202307,212405,FROZEN CHIPS 900G-1.5KG,106.51100000000001,0.9,
202307,212408,PREMIUM POTATO CRISPS/CHIPS,101.134,0.6,
202307,212409,P'PARED MASHED POTATO 400-650G,104.295,0.3,
202307,212504,FRESH VEG-CAULIFLOWER-EACH,100.456,0.45,
202307,212510,FRESH VEG-CUCUMBER-WHOLE,114.561,0.3,
202307,212511,FRESH VEG-LETTUCE-ICEBERG-EACH,117.30799999999999,0.3,
202307,212515,FRESH VEG-TOMATOES-PER KG,101.249,0.9,
202307,212516,FRESH VEG-CABBAGE-WHOLE-PER KG,111.439,0.15,
202307,212518,FRESH VEG-CARROTS-PER KG,114.21600000000001,0.3,
202307,212519,FRESH VEG-ONIONS-PER KG,121.271,0.6,
202307,212520,FRESH VEG-MUSHROOMS-PER KG,99.897,0.45,
202307,212527,PRE-PACKED SALAD 75-250G,100.85799999999999,0.45,
202307,212530,FRESH VEG-BROCCOLI-PER KG,109.35700000000001,0.3,
202307,212531,FRESH VEG-COURGETTE-PER KG,112.20700000000001,0.45,
202307,212532,FRESH VEG-PEPPERS -LOOSE OR KG,115.27,0.45,
202307,212533,VEGETABLE STIR FRY FRESH PACK,102.679,0.3,
202307,212535,SWEET POTATO PER KG OR EACH,102.035,0.3,
202307,212536,GREEN BEANS PER KG OR PACK,98.3,0.3,
202307,212601,CANNED TOMATOES 390-400G,112.913,0.3,
202307,212603,"BAKED BEANS, 400-425G TIN",108.786,0.3,
202307,212608,CANNED SWEETCORN 198-340G,112.13,0.15,
202307,212609,FROZEN GARDEN PEAS 800G-1KG,110.20299999999999,0.15,
202307,212612,FROZEN PRE-PREPARED VEGTABLES,105.475,0.3,
202307,212613,PULSES CAN 390 - 420G,99.414,0.3,
202307,212709,ORANGES-CLASS 1-EACH,102.865,0.3,
202307,212710,AVOCADO PEAR-EACH,99.411,0.5,
202307,212712,KIWI FRUIT-EACH,96.669,0.2,
202307,212715,GRAPEFRUIT-EACH,106.887,0.2,
202307,212717,APPLES-DESSERT-PER KG,108.699,0.5,
202307,212718,PEARS-DESSERT-PER KG,112.257,0.2,
202307,212719,BANANAS-PER KG,121.3,0.9,
202307,212720,STRAWBERRIES PER KG OR PUNNET,77.428,0.9,
202307,212722,GRAPES-PER KG,95.31200000000001,0.8,
202307,212725,SMALL TYPE ORANGES PER PACK/KG,104.165,0.3,
202307,212726,PLUMS PER KG/PACK,103.027,0.5,
202307,212730,FRUIT FRESH SNACKING 150-350G,102.631,0.4,
202307,212732,LEMON EACH,102.914,0.2,
202307,212733,BLUEBERRIES PUNNET OR PER KG,103.26299999999999,0.6,
202307,212734,RASPBERRIES PUNNET OR PER KG,98.22399999999999,0.5,
202307,212735,APPLES DESSERT EACH,104.17299999999999,0.5,
202307,212736,MELON EACH EG HONEYDEW,102.84700000000001,0.2,
202307,212737,PINEAPPLE EACH,103.456,0.2,
202307,212806,PACKET OF PEANUTS 150-300G,108.791,1.2,
202307,212807,CANNED FRUIT-400-450G,108.79899999999999,0.3,
202307,212808,DRIED FRUIT - EG APRICOTS,104.413,0.4,
202307,212809,BERRIES FROZEN PACK,101.96700000000001,0.2,
202307,212905,VEGETABLE PICKLE 280-520G,115.439,0.15,
202307,212910,CANNED SOUP-390-425G,114.095,0.55,
202307,212917,TOMATO KETCHUP BOTTLE 340-570G,110.977,0.6,
202307,212918,FRZN READY-COOKD MEAL SERVES 1,107.48899999999999,0.2,
202307,212923,COOK-IN SAUCE-JAR/CAN 350-520G,118.37899999999999,0.9,
202307,212928,FROZ VEG BURGER/GRILL 180-454G,115.863,0.3,
202307,212930,MAYONNAISE 390-500G/420-540MLS,107.848,0.5,
202307,212933,ICE CREAM 450ML-1L,100.421,1.3,
202307,212934,DRIED POTTED SNACK 50-120G,123.806,0.42,
202307,212936,CHILLED READY MEAL-MEAT-SERVS1,101.704,0.8,
202307,212937,CHILLED READY MEAL-FISH/VEG,100.573,0.7,
202307,212938,CHOCOLATE COVERED ICE CREAM,107.76299999999999,1.17,
202307,212939,CHILLED PIZZA EACH 300-600G,104.594,1.05,
202307,212940,PROTEIN POWDER 900G-2KG,101.214,0.3,
202307,212941,QUICHE 340G-450G,102.287,0.21,
202307,212942,VEGETABLE CRISPS PACK 80-125G,114.41,0.3,
202307,212943,YORKSHIRE PUDDING FROZEN,105.954,0.42,
202307,212944,SAUSAGE MEAT FREE CHILLED PACK,110.65899999999999,0.6,
202307,212945,HERBS DRIED JAR 3 - 20G,109.39,0.45,
202307,213003,COFFEE-INSTANT 90 -100G JAR,95.354,1.08,
202307,213005,HOT CHOCOLATE DRINK INSTANT,117.824,0.21,
202307,213006,COFFEE PODS PACK 8-16,105.928,0.39,
202307,213007,COFFEE SACHETS PACK,107.721,0.48,
202308,210102,LGE LOAF-WHTE-UNSLED-750-800G,101.539,0.42,
202308,210106,SIX BREAD ROLLS-WHITE/BROWN,103.787,0.84,
202308,210111,WHITE SLICED LOAF BRANDED 750G,102.3,1.05,
202308,210113,WHOLEMEAL SLICED LOAF BRANDED,97.81,0.84,
202308,210114,CHILLED GARLIC BREAD,98.54799999999999,1.47,
202308,210115,WRAP / TORTILLA PACK 6-8,103.73299999999999,0.42,
202308,210201,FLOUR-SELF-RAISING-1.5KG,109.88,0.42,
202308,210204,DRY SPAGHETTI OR PASTA 500G,88.79,0.21,
202308,210211,CORN SNACK SINGLE PACK MAX 50G,110.501,0.45,
202308,210212,BASMATI RICE 500G-1KG,103.73200000000001,0.42,
202308,210213,BREAKFAST CEREAL 1,108.946,1.05,
202308,210214,BREAKFAST CEREAL 2,108.925,1.68,
202308,210215,CEREAL BAR,119.97399999999999,0.42,
202308,210216,HOT OAT CEREAL,102.92200000000001,0.42,
202308,210217,RICE MICRO POUCH/TRAY 220-280G,113.598,0.21,
202308,210218,"POPCORN, BAG, 10-30G",110.664,0.63,
202308,210219,BREAKFAST CEREAL GLUTEN FREE,109.81700000000001,0.21,
202308,210221,COUSCOUS PLAIN/FLAVOURED,112.62700000000001,0.21,
202308,210301,CREAM CRACKERS PACK 200G-300G,111.229,0.84,
202308,210302,PLAIN BISCUITS-200-300G,115.492,1.47,
202308,210320,WHOLE SPONGE CAKE NOT FROZEN,104.35,1.26,
202308,210321,PACK OF 5-6 INDIVIDUAL CAKES,118.87700000000001,2.31,
202308,210323,BISCUITS HALF CHOC 260-400G,119.791,0.84,
202308,210324,CRUMPETS PACK 6-9 SPEC NUMBER,111.367,1.26,
202308,210403,HOME KILLED BEEF-LEAN MINCE KG,109.175,0.8,
202308,210406,HOME KLD BEEF-RUMP/POPES STEAK,104.164,1.0,
202308,210414,FROZEN BEEFBURGERS PACK OF 4,107.81700000000001,0.4,
202308,210416,BEEF ROASTING JOINT PER KG,102.54799999999999,0.4,
202308,210506,HK LAMB LOIN CHOP/STEAK PER KG,101.77,1.8,
202308,210703,HOME KILLED PORK-LOIN CHOPS KG,116.508,1.0,
202308,210802,BACON-GAMMON-PER KG,106.891,0.4,
202308,210808,BACON-BACK-PER KG,110.553,1.8,
202308,210905,FRESH/CHILLED CHICKEN  PER KG,104.402,0.8,
202308,210910,FRESH BONELESS CHICKEN BREAST,103.71799999999999,1.8,
202308,210913,ROTISSERIE CHICKEN [WHOLE],103.977,0.2,
202308,210914,FRESH TURKEY DICED/MIN PER KG,102.166,0.2,
202308,211007,CANNED MEAT-STEWED STEAK,107.05,0.2,
202308,211011,INDIVIDUAL MEAT PIE,107.508,1.0,
202308,211014,SAUSAGES-PORK-PER KG,112.50200000000001,1.8,
202308,211019,FROZ CHICKEN NUGGETS 220-600G,101.545,0.6,
202308,211023,COOKED HAM PREPACKED SLICED,103.854,2.2,
202308,211024,CONTINENTAL SLICED DELI MEAT,105.693,1.0,
202308,211025,JOINT OV/READ GAM/POR 450-900G,104.24799999999999,0.2,
202308,211026,CHICKEN KIEV 2 PACK 240-325G,108.588,0.6,
202308,211027,H K LIVER PER KG STATE TYPE,103.839,0.2,
202308,211029,COOKED MEAT TURKEY/CHICK SLICE,103.22,0.4,
202308,211030,MEAT BASED SNACK PACK MAX 400G,107.523,0.6,
202308,211031,COOKED HAM LOOSE PER 100G,111.37299999999999,0.6,
202308,211101,FRESH WHITE FISH FILLETS KG,102.71700000000001,0.45,
202308,211105,FRESH FISH-SALMON FILLETS-KG,108.766,0.75,
202308,211106,FROZEN PRAWNS PER KG,101.209,1.15,
202308,211207,"CANNED FISH, TUNA, 130G-200G",104.295,1.25,
202308,211210,FROZEN FISH FINGERS 8-12 PK,95.60799999999999,1.05,
202308,211211,FROZEN BREAD/BAT FISH 400-550G,106.955,0.35,
202308,211305,SPREADABLE BUTTER,91.087,0.68,
202308,211306,BUTTER 200-250G SPEC COO,96.921,0.56,
202308,211408,OLIVE OIL - 500ML - 1 LITRE,119.36399999999999,1.08,
202308,211409,"PEANUT BUTTER, JAR, 225-350G",105.214,0.24,
202308,211410,DAIRY SPREAD/MARGARINE,102.64399999999999,1.32,
202308,211411,DAIRY FREE SPREAD/MARGARINE,103.124,0.12,
202308,211501,CHEDDAR-HOME PRODUCED PER KG,104.48100000000001,2.1,
202308,211506,"CHEESE SPREAD, 110G-200G TUB",113.73299999999999,0.84,
202308,211509,HARD REGIONAL CHEESE PER KG,107.82,0.28,
202308,211510,PARMESAN CHEESE-PER KG,101.118,0.56,
202308,211511,SOFT CONTINENTAL CHEESE - KG,101.789,0.56,
202308,211604,EGGS PER DOZEN OR 2 X 6 BOX,107.02,1.4,
202308,211707,DELVD MILK SEMI-SKIMMED PER PT,97.462,0.14,
202308,211709,SHOP MILK-WHOLE MILK-4PT/2LTR,89.986,0.84,
202308,211710,MILK SEMI-PER 2 PINTS/1.136 L,93.461,2.94,
202308,211713,"MILK FLAVOURED, 180-500MLS/GMS",103.242,0.28,
202308,211714,NON-DAIRY MILK DRINK 900ML-1LT,117.60600000000001,0.28,
202308,211807,"YOGHURT/FROMAGE 4-6PK, 45-125G",119.31299999999999,1.4,
202308,211808,CHILLED POT DESSERT 125-200G,119.376,0.98,
202308,211814,YOGHURT-SMALL INDIVIDUAL,107.04299999999999,0.56,
202308,211815,FRESH DOUBLE CREAM 250ML-300ML,99.286,0.56,
202308,211816,POWDERED BABY FORMULA 400-900G,106.264,0.28,
202308,211901,TEA BAGS PKT OF 80 (230G-250G),107.65100000000001,0.54,
202308,211904,TEA BAGS PACKET OF 210-240,115.38799999999999,0.18,
202308,211905,"FLAVRD TEA 15-20 BAGS, 30-40G",109.728,0.12,
202308,212001,"FRUIT SQUASH, 750ML - 1.5LT",117.06200000000001,0.81,
202308,212006,FRUIT JUICE NOT ORANGE 1L,108.24,0.54,
202308,212008,LEMONADE-2 LITRE BOTTLE,104.325,0.18,
202308,212010,MINERAL WATER STILL 1.5-2L,107.20100000000001,0.27,
202308,212015,FIZZY ENERGY DRINK 250-500ML,101.441,1.26,
202308,212016,FRESH/CHILL ORANGE JUICE 900ML,112.92200000000001,0.9,
202308,212017,FIZZY BOTTLED DRINK 500ML,106.43799999999999,1.53,
202308,212020,FRUIT DRINK BOTTLE 4-8 PACK,105.554,0.09,
202308,212021,BOTTLE STILL WATER 500ML,106.448,0.27,
202308,212022,MIXER DRINK BOTTLE 1L EG TONIC,101.48899999999999,0.72,
202308,212023,COLA/FIZZY DRINK 330ML PK 4-8,106.539,0.36,
202308,212024,FLAVOURED WATER BOTT 900ML-1.5,114.978,0.27,
202308,212025,"COLA DRINK, REG,BOTTLE,1.25-2L",99.141,0.72,
202308,212026,"COLA DRINK, DIET 1.25-2LTR",104.805,0.81,
202308,212027,FRUIT/VEG SMOOTHIE,112.429,0.27,
202308,212101,SUGAR -GRANULATED-WHITE-PER KG,113.429,0.78,
202308,212106,JAR OF JAM-340-454G,102.11,0.91,
202308,212107,HONEY JAR/BOTTLE 340G-454G,98.815,0.39,
202308,212202,MINTS,107.491,0.13,
202308,212211,CHOCOLATE 4,108.65700000000001,0.78,
202308,212214,FRUIT PASTILLES 2,102.323,0.39,
202308,212217,CHEWING/BUBBLE GUM-SINGLE PK,107.478,0.13,
202308,212218,CARTON/BOX OF CHOCS 150-400GM,109.15899999999999,1.3,
202308,212222,CHOCOLATE 10,109.691,1.95,
202308,212223,BRAND CHOC SWEETS 90-185G BAG,108.48899999999999,0.78,
202308,212224,"SWEETS, NOT CHOC, 150-250G BAG",116.564,0.52,
202308,212225,CHOCOLATE LARGE BAR 100-200G,107.881,1.95,
202308,212226,CHOCOLATE 12,108.301,0.39,
202308,212228,MALTED CHOCOLATE SWEETS,111.882,0.13,
202308,212309,POTATOES-NEW-PER KG,107.58200000000001,0.3,
202308,212310,POTATOES- OLD WHITE PER KG,108.363,0.6,
202308,212311,POTATOES- BAKING PR KG,103.72200000000001,0.15,
202308,212402,POTATO CRISPS 25G-50G,105.26100000000001,0.75,
202308,212404,POTATO CRISPS-MULTI-PACK,113.28399999999999,2.1,
202308,212405,FROZEN CHIPS 900G-1.5KG,106.016,0.9,
202308,212408,PREMIUM POTATO CRISPS/CHIPS,98.001,0.6,
202308,212409,P'PARED MASHED POTATO 400-650G,104.37200000000001,0.3,
202308,212504,FRESH VEG-CAULIFLOWER-EACH,102.236,0.45,
202308,212510,FRESH VEG-CUCUMBER-WHOLE,113.47399999999999,0.3,
202308,212511,FRESH VEG-LETTUCE-ICEBERG-EACH,110.956,0.3,
202308,212515,FRESH VEG-TOMATOES-PER KG,99.913,0.9,
202308,212516,FRESH VEG-CABBAGE-WHOLE-PER KG,111.336,0.15,
202308,212518,FRESH VEG-CARROTS-PER KG,108.545,0.3,
202308,212519,FRESH VEG-ONIONS-PER KG,118.801,0.6,
202308,212520,FRESH VEG-MUSHROOMS-PER KG,99.54899999999999,0.45,
202308,212527,PRE-PACKED SALAD 75-250G,100.98,0.45,
202308,212530,FRESH VEG-BROCCOLI-PER KG,106.08,0.3,
202308,212531,FRESH VEG-COURGETTE-PER KG,105.053,0.45,
202308,212532,FRESH VEG-PEPPERS -LOOSE OR KG,111.51299999999999,0.45,
202308,212533,VEGETABLE STIR FRY FRESH PACK,102.73299999999999,0.3,
202308,212535,SWEET POTATO PER KG OR EACH,101.773,0.3,
202308,212536,GREEN BEANS PER KG OR PACK,98.697,0.3,
202308,212601,CANNED TOMATOES 390-400G,118.509,0.3,
202308,212603,"BAKED BEANS, 400-425G TIN",108.221,0.3,
202308,212608,CANNED SWEETCORN 198-340G,114.286,0.15,
202308,212609,FROZEN GARDEN PEAS 800G-1KG,112.464,0.15,
202308,212612,FROZEN PRE-PREPARED VEGTABLES,106.84100000000001,0.3,
202308,212613,PULSES CAN 390 - 420G,96.96700000000001,0.3,
202308,212709,ORANGES-CLASS 1-EACH,102.10600000000001,0.3,
202308,212710,AVOCADO PEAR-EACH,98.17399999999999,0.5,
202308,212712,KIWI FRUIT-EACH,96.955,0.2,
202308,212715,GRAPEFRUIT-EACH,107.311,0.2,
202308,212717,APPLES-DESSERT-PER KG,108.279,0.5,
202308,212718,PEARS-DESSERT-PER KG,114.344,0.2,
202308,212719,BANANAS-PER KG,121.72399999999999,0.9,
202308,212720,STRAWBERRIES PER KG OR PUNNET,75.648,0.9,
202308,212722,GRAPES-PER KG,95.43799999999999,0.8,
202308,212725,SMALL TYPE ORANGES PER PACK/KG,105.35600000000001,0.3,
202308,212726,PLUMS PER KG/PACK,103.311,0.5,
202308,212730,FRUIT FRESH SNACKING 150-350G,102.419,0.4,
202308,212732,LEMON EACH,101.197,0.2,
202308,212733,BLUEBERRIES PUNNET OR PER KG,103.564,0.6,
202308,212734,RASPBERRIES PUNNET OR PER KG,96.314,0.5,
202308,212735,APPLES DESSERT EACH,105.80799999999999,0.5,
202308,212736,MELON EACH EG HONEYDEW,103.18700000000001,0.2,
202308,212737,PINEAPPLE EACH,101.829,0.2,
202308,212806,PACKET OF PEANUTS 150-300G,109.76700000000001,1.2,
202308,212807,CANNED FRUIT-400-450G,109.459,0.3,
202308,212808,DRIED FRUIT - EG APRICOTS,105.416,0.4,
202308,212809,BERRIES FROZEN PACK,101.675,0.2,
202308,212905,VEGETABLE PICKLE 280-520G,115.63600000000001,0.15,
202308,212910,CANNED SOUP-390-425G,113.539,0.55,
202308,212917,TOMATO KETCHUP BOTTLE 340-570G,113.42399999999999,0.6,
202308,212918,FRZN READY-COOKD MEAL SERVES 1,107.488,0.2,
202308,212923,COOK-IN SAUCE-JAR/CAN 350-520G,117.189,0.9,
202308,212928,FROZ VEG BURGER/GRILL 180-454G,117.101,0.3,
202308,212930,MAYONNAISE 390-500G/420-540MLS,110.156,0.5,
202308,212933,ICE CREAM 450ML-1L,101.01,1.3,
202308,212934,DRIED POTTED SNACK 50-120G,125.99799999999999,0.42,
202308,212936,CHILLED READY MEAL-MEAT-SERVS1,103.62700000000001,0.8,
202308,212937,CHILLED READY MEAL-FISH/VEG,103.023,0.7,
202308,212938,CHOCOLATE COVERED ICE CREAM,104.46799999999999,1.17,
202308,212939,CHILLED PIZZA EACH 300-600G,101.61,1.05,
202308,212940,PROTEIN POWDER 900G-2KG,100.74799999999999,0.3,
202308,212941,QUICHE 340G-450G,103.34899999999999,0.21,
202308,212942,VEGETABLE CRISPS PACK 80-125G,114.514,0.3,
202308,212943,YORKSHIRE PUDDING FROZEN,105.87299999999999,0.42,
202308,212944,SAUSAGE MEAT FREE CHILLED PACK,108.666,0.6,
202308,212945,HERBS DRIED JAR 3 - 20G,109.461,0.45,
202308,213003,COFFEE-INSTANT 90 -100G JAR,101.516,1.08,
202308,213005,HOT CHOCOLATE DRINK INSTANT,118.822,0.21,
202308,213006,COFFEE PODS PACK 8-16,104.285,0.39,
202308,213007,COFFEE SACHETS PACK,107.73100000000001,0.48,
202309,210102,LGE LOAF-WHTE-UNSLED-750-800G,102.641,0.42,
202309,210106,SIX BREAD ROLLS-WHITE/BROWN,103.29899999999999,0.84,
202309,210111,WHITE SLICED LOAF BRANDED 750G,102.62799999999999,1.05,
202309,210113,WHOLEMEAL SLICED LOAF BRANDED,98.45100000000001,0.84,
202309,210114,CHILLED GARLIC BREAD,100.639,1.47,
202309,210115,WRAP / TORTILLA PACK 6-8,102.5,0.42,
202309,210201,FLOUR-SELF-RAISING-1.5KG,111.208,0.42,
202309,210204,DRY SPAGHETTI OR PASTA 500G,86.01799999999999,0.21,
202309,210211,CORN SNACK SINGLE PACK MAX 50G,110.95700000000001,0.45,
202309,210212,BASMATI RICE 500G-1KG,103.073,0.42,
202309,210213,BREAKFAST CEREAL 1,107.787,1.05,
202309,210214,BREAKFAST CEREAL 2,108.584,1.68,
202309,210215,CEREAL BAR,118.37,0.42,
202309,210216,HOT OAT CEREAL,105.022,0.42,
202309,210217,RICE MICRO POUCH/TRAY 220-280G,115.579,0.21,
202309,210218,"POPCORN, BAG, 10-30G",110.35799999999999,0.63,
202309,210219,BREAKFAST CEREAL GLUTEN FREE,106.425,0.21,
202309,210221,COUSCOUS PLAIN/FLAVOURED,109.75,0.21,
202309,210301,CREAM CRACKERS PACK 200G-300G,111.611,0.84,
202309,210302,PLAIN BISCUITS-200-300G,116.295,1.47,
202309,210320,WHOLE SPONGE CAKE NOT FROZEN,105.875,1.26,
202309,210321,PACK OF 5-6 INDIVIDUAL CAKES,121.46,2.31,
202309,210323,BISCUITS HALF CHOC 260-400G,114.67200000000001,0.84,
202309,210324,CRUMPETS PACK 6-9 SPEC NUMBER,110.912,1.26,
202309,210403,HOME KILLED BEEF-LEAN MINCE KG,110.119,0.8,
202309,210406,HOME KLD BEEF-RUMP/POPES STEAK,104.48899999999999,1.0,
202309,210414,FROZEN BEEFBURGERS PACK OF 4,109.126,0.4,
202309,210416,BEEF ROASTING JOINT PER KG,102.27,0.4,
202309,210506,HK LAMB LOIN CHOP/STEAK PER KG,102.79299999999999,1.8,
202309,210703,HOME KILLED PORK-LOIN CHOPS KG,115.837,1.0,
202309,210802,BACON-GAMMON-PER KG,107.05799999999999,0.4,
202309,210808,BACON-BACK-PER KG,110.835,1.8,
202309,210905,FRESH/CHILLED CHICKEN  PER KG,103.848,0.8,
202309,210910,FRESH BONELESS CHICKEN BREAST,103.37799999999999,1.8,
202309,210913,ROTISSERIE CHICKEN [WHOLE],106.15299999999999,0.2,
202309,210914,FRESH TURKEY DICED/MIN PER KG,104.529,0.2,
202309,211007,CANNED MEAT-STEWED STEAK,107.12700000000001,0.2,
202309,211011,INDIVIDUAL MEAT PIE,106.62700000000001,1.0,
202309,211014,SAUSAGES-PORK-PER KG,113.295,1.8,
202309,211019,FROZ CHICKEN NUGGETS 220-600G,103.65700000000001,0.6,
202309,211023,COOKED HAM PREPACKED SLICED,103.667,2.2,
202309,211024,CONTINENTAL SLICED DELI MEAT,108.73299999999999,1.0,
202309,211025,JOINT OV/READ GAM/POR 450-900G,100.241,0.2,
202309,211026,CHICKEN KIEV 2 PACK 240-325G,108.07600000000001,0.6,
202309,211027,H K LIVER PER KG STATE TYPE,104.759,0.2,
202309,211029,COOKED MEAT TURKEY/CHICK SLICE,103.275,0.4,
202309,211030,MEAT BASED SNACK PACK MAX 400G,107.273,0.6,
202309,211031,COOKED HAM LOOSE PER 100G,108.574,0.6,
202309,211101,FRESH WHITE FISH FILLETS KG,102.811,0.45,
202309,211105,FRESH FISH-SALMON FILLETS-KG,112.008,0.75,
202309,211106,FROZEN PRAWNS PER KG,107.29,1.15,
202309,211207,"CANNED FISH, TUNA, 130G-200G",99.867,1.25,
202309,211210,FROZEN FISH FINGERS 8-12 PK,94.314,1.05,
202309,211211,FROZEN BREAD/BAT FISH 400-550G,109.115,0.35,
202309,211305,SPREADABLE BUTTER,95.859,0.68,
202309,211306,BUTTER 200-250G SPEC COO,93.615,0.56,
202309,211408,OLIVE OIL - 500ML - 1 LITRE,126.811,1.08,
202309,211409,"PEANUT BUTTER, JAR, 225-350G",103.537,0.24,
202309,211410,DAIRY SPREAD/MARGARINE,97.74799999999999,1.32,
202309,211411,DAIRY FREE SPREAD/MARGARINE,101.161,0.12,
202309,211501,CHEDDAR-HOME PRODUCED PER KG,100.375,2.1,
202309,211506,"CHEESE SPREAD, 110G-200G TUB",109.042,0.84,
202309,211509,HARD REGIONAL CHEESE PER KG,104.565,0.28,
202309,211510,PARMESAN CHEESE-PER KG,101.555,0.56,
202309,211511,SOFT CONTINENTAL CHEESE - KG,98.45100000000001,0.56,
202309,211604,EGGS PER DOZEN OR 2 X 6 BOX,108.37,1.4,
202309,211707,DELVD MILK SEMI-SKIMMED PER PT,97.462,0.14,
202309,211709,SHOP MILK-WHOLE MILK-4PT/2LTR,89.947,0.84,
202309,211710,MILK SEMI-PER 2 PINTS/1.136 L,93.258,2.94,
202309,211713,"MILK FLAVOURED, 180-500MLS/GMS",106.588,0.28,
202309,211714,NON-DAIRY MILK DRINK 900ML-1LT,111.76100000000001,0.28,
202309,211807,"YOGHURT/FROMAGE 4-6PK, 45-125G",114.37100000000001,1.4,
202309,211808,CHILLED POT DESSERT 125-200G,118.96799999999999,0.98,
202309,211814,YOGHURT-SMALL INDIVIDUAL,105.325,0.56,
202309,211815,FRESH DOUBLE CREAM 250ML-300ML,99.316,0.56,
202309,211816,POWDERED BABY FORMULA 400-900G,106.12899999999999,0.28,
202309,211901,TEA BAGS PKT OF 80 (230G-250G),106.155,0.54,
202309,211904,TEA BAGS PACKET OF 210-240,115.935,0.18,
202309,211905,"FLAVRD TEA 15-20 BAGS, 30-40G",109.10700000000001,0.12,
202309,212001,"FRUIT SQUASH, 750ML - 1.5LT",110.76799999999999,0.81,
202309,212006,FRUIT JUICE NOT ORANGE 1L,108.99799999999999,0.54,
202309,212008,LEMONADE-2 LITRE BOTTLE,104.59,0.18,
202309,212010,MINERAL WATER STILL 1.5-2L,107.741,0.27,
202309,212015,FIZZY ENERGY DRINK 250-500ML,96.85799999999999,1.26,
202309,212016,FRESH/CHILL ORANGE JUICE 900ML,110.204,0.9,
202309,212017,FIZZY BOTTLED DRINK 500ML,106.852,1.53,
202309,212020,FRUIT DRINK BOTTLE 4-8 PACK,105.666,0.09,
202309,212021,BOTTLE STILL WATER 500ML,106.306,0.27,
202309,212022,MIXER DRINK BOTTLE 1L EG TONIC,103.25200000000001,0.72,
202309,212023,COLA/FIZZY DRINK 330ML PK 4-8,107.86,0.36,
202309,212024,FLAVOURED WATER BOTT 900ML-1.5,115.025,0.27,
202309,212025,"COLA DRINK, REG,BOTTLE,1.25-2L",99.181,0.72,
202309,212026,"COLA DRINK, DIET 1.25-2LTR",100.3,0.81,
202309,212027,FRUIT/VEG SMOOTHIE,103.146,0.27,
202309,212101,SUGAR -GRANULATED-WHITE-PER KG,114.891,0.78,
202309,212106,JAR OF JAM-340-454G,101.305,0.91,
202309,212107,HONEY JAR/BOTTLE 340G-454G,95.95100000000001,0.39,
202309,212202,MINTS,107.01700000000001,0.13,
202309,212211,CHOCOLATE 4,108.47,0.78,
202309,212214,FRUIT PASTILLES 2,102.396,0.39,
202309,212217,CHEWING/BUBBLE GUM-SINGLE PK,107.28,0.13,
202309,212218,CARTON/BOX OF CHOCS 150-400GM,107.5,1.3,
202309,212222,CHOCOLATE 10,105.895,1.95,
202309,212223,BRAND CHOC SWEETS 90-185G BAG,108.359,0.78,
202309,212224,"SWEETS, NOT CHOC, 150-250G BAG",117.633,0.52,
202309,212225,CHOCOLATE LARGE BAR 100-200G,105.73200000000001,1.95,
202309,212226,CHOCOLATE 12,110.4,0.39,
202309,212228,MALTED CHOCOLATE SWEETS,113.09100000000001,0.13,
202309,212309,POTATOES-NEW-PER KG,105.465,0.3,
202309,212310,POTATOES- OLD WHITE PER KG,106.85600000000001,0.6,
202309,212311,POTATOES- BAKING PR KG,104.16799999999999,0.15,
202309,212402,POTATO CRISPS 25G-50G,107.101,0.75,
202309,212404,POTATO CRISPS-MULTI-PACK,113.314,2.1,
202309,212405,FROZEN CHIPS 900G-1.5KG,108.26,0.9,
202309,212408,PREMIUM POTATO CRISPS/CHIPS,112.846,0.6,
202309,212409,P'PARED MASHED POTATO 400-650G,102.91,0.3,
202309,212504,FRESH VEG-CAULIFLOWER-EACH,98.094,0.45,
202309,212510,FRESH VEG-CUCUMBER-WHOLE,114.258,0.3,
202309,212511,FRESH VEG-LETTUCE-ICEBERG-EACH,113.045,0.3,
202309,212515,FRESH VEG-TOMATOES-PER KG,101.73700000000001,0.9,
202309,212516,FRESH VEG-CABBAGE-WHOLE-PER KG,109.883,0.15,
202309,212518,FRESH VEG-CARROTS-PER KG,106.626,0.3,
202309,212519,FRESH VEG-ONIONS-PER KG,119.868,0.6,
202309,212520,FRESH VEG-MUSHROOMS-PER KG,99.72,0.45,
202309,212527,PRE-PACKED SALAD 75-250G,100.198,0.45,
202309,212530,FRESH VEG-BROCCOLI-PER KG,102.874,0.3,
202309,212531,FRESH VEG-COURGETTE-PER KG,107.68799999999999,0.45,
202309,212532,FRESH VEG-PEPPERS -LOOSE OR KG,113.051,0.45,
202309,212533,VEGETABLE STIR FRY FRESH PACK,103.066,0.3,
202309,212535,SWEET POTATO PER KG OR EACH,104.104,0.3,
202309,212536,GREEN BEANS PER KG OR PACK,99.23700000000001,0.3,
202309,212601,CANNED TOMATOES 390-400G,118.008,0.3,
202309,212603,"BAKED BEANS, 400-425G TIN",109.34700000000001,0.3,
202309,212608,CANNED SWEETCORN 198-340G,113.927,0.15,
202309,212609,FROZEN GARDEN PEAS 800G-1KG,112.96799999999999,0.15,
202309,212612,FROZEN PRE-PREPARED VEGTABLES,108.28399999999999,0.3,
202309,212613,PULSES CAN 390 - 420G,97.48299999999999,0.3,
202309,212709,ORANGES-CLASS 1-EACH,100.833,0.3,
202309,212710,AVOCADO PEAR-EACH,94.184,0.5,
202309,212712,KIWI FRUIT-EACH,96.93700000000001,0.2,
202309,212715,GRAPEFRUIT-EACH,102.99799999999999,0.2,
202309,212717,APPLES-DESSERT-PER KG,106.506,0.5,
202309,212718,PEARS-DESSERT-PER KG,111.074,0.2,
202309,212719,BANANAS-PER KG,121.986,0.9,
202309,212720,STRAWBERRIES PER KG OR PUNNET,74.166,0.9,
202309,212722,GRAPES-PER KG,95.758,0.8,
202309,212725,SMALL TYPE ORANGES PER PACK/KG,101.147,0.3,
202309,212726,PLUMS PER KG/PACK,102.915,0.5,
202309,212730,FRUIT FRESH SNACKING 150-350G,103.45200000000001,0.4,
202309,212732,LEMON EACH,102.48100000000001,0.2,
202309,212733,BLUEBERRIES PUNNET OR PER KG,106.35,0.6,
202309,212734,RASPBERRIES PUNNET OR PER KG,97.294,0.5,
202309,212735,APPLES DESSERT EACH,107.36399999999999,0.5,
202309,212736,MELON EACH EG HONEYDEW,104.12799999999999,0.2,
202309,212737,PINEAPPLE EACH,102.84200000000001,0.2,
202309,212806,PACKET OF PEANUTS 150-300G,109.38600000000001,1.2,
202309,212807,CANNED FRUIT-400-450G,108.32799999999999,0.3,
202309,212808,DRIED FRUIT - EG APRICOTS,104.85799999999999,0.4,
202309,212809,BERRIES FROZEN PACK,102.04700000000001,0.2,
202309,212905,VEGETABLE PICKLE 280-520G,116.537,0.15,
202309,212910,CANNED SOUP-390-425G,112.459,0.55,
202309,212917,TOMATO KETCHUP BOTTLE 340-570G,111.771,0.6,
202309,212918,FRZN READY-COOKD MEAL SERVES 1,107.789,0.2,
202309,212923,COOK-IN SAUCE-JAR/CAN 350-520G,118.366,0.9,
202309,212928,FROZ VEG BURGER/GRILL 180-454G,114.065,0.3,
202309,212930,MAYONNAISE 390-500G/420-540MLS,108.45200000000001,0.5,
202309,212933,ICE CREAM 450ML-1L,104.47,1.3,
202309,212934,DRIED POTTED SNACK 50-120G,118.03399999999999,0.42,
202309,212936,CHILLED READY MEAL-MEAT-SERVS1,105.044,0.8,
202309,212937,CHILLED READY MEAL-FISH/VEG,103.714,0.7,
202309,212938,CHOCOLATE COVERED ICE CREAM,111.204,1.17,
202309,212939,CHILLED PIZZA EACH 300-600G,105.073,1.05,
202309,212940,PROTEIN POWDER 900G-2KG,103.52600000000001,0.3,
202309,212941,QUICHE 340G-450G,105.37700000000001,0.21,
202309,212942,VEGETABLE CRISPS PACK 80-125G,111.329,0.3,
202309,212943,YORKSHIRE PUDDING FROZEN,104.212,0.42,
202309,212944,SAUSAGE MEAT FREE CHILLED PACK,110.954,0.6,
202309,212945,HERBS DRIED JAR 3 - 20G,110.26799999999999,0.45,
202309,213003,COFFEE-INSTANT 90 -100G JAR,96.34700000000001,1.08,
202309,213005,HOT CHOCOLATE DRINK INSTANT,119.744,0.21,
202309,213006,COFFEE PODS PACK 8-16,108.99700000000001,0.39,
202309,213007,COFFEE SACHETS PACK,105.51700000000001,0.48,
202310,210102,LGE LOAF-WHTE-UNSLED-750-800G,103.75399999999999,0.42,
202310,210106,SIX BREAD ROLLS-WHITE/BROWN,103.185,0.84,
202310,210111,WHITE SLICED LOAF BRANDED 750G,102.92399999999999,1.05,
202310,210113,WHOLEMEAL SLICED LOAF BRANDED,98.557,0.84,
202310,210114,CHILLED GARLIC BREAD,101.311,1.47,
202310,210115,WRAP / TORTILLA PACK 6-8,104.523,0.42,
202310,210201,FLOUR-SELF-RAISING-1.5KG,111.834,0.42,
202310,210204,DRY SPAGHETTI OR PASTA 500G,89.075,0.21,
202310,210211,CORN SNACK SINGLE PACK MAX 50G,112.97399999999999,0.45,
202310,210212,BASMATI RICE 500G-1KG,101.59100000000001,0.42,
202310,210213,BREAKFAST CEREAL 1,109.619,1.05,
202310,210214,BREAKFAST CEREAL 2,111.61399999999999,1.68,
202310,210215,CEREAL BAR,115.713,0.42,
202310,210216,HOT OAT CEREAL,102.39200000000001,0.42,
202310,210217,RICE MICRO POUCH/TRAY 220-280G,113.344,0.21,
202310,210218,"POPCORN, BAG, 10-30G",113.07,0.63,
202310,210219,BREAKFAST CEREAL GLUTEN FREE,108.346,0.21,
202310,210221,COUSCOUS PLAIN/FLAVOURED,108.796,0.21,
202310,210301,CREAM CRACKERS PACK 200G-300G,111.259,0.84,
202310,210302,PLAIN BISCUITS-200-300G,118.244,1.47,
202310,210320,WHOLE SPONGE CAKE NOT FROZEN,105.37899999999999,1.26,
202310,210321,PACK OF 5-6 INDIVIDUAL CAKES,119.648,2.31,
202310,210323,BISCUITS HALF CHOC 260-400G,114.60700000000001,0.84,
202310,210324,CRUMPETS PACK 6-9 SPEC NUMBER,104.24799999999999,1.26,
202310,210403,HOME KILLED BEEF-LEAN MINCE KG,108.88,0.8,
202310,210406,HOME KLD BEEF-RUMP/POPES STEAK,103.787,1.0,
202310,210414,FROZEN BEEFBURGERS PACK OF 4,110.74,0.4,
202310,210416,BEEF ROASTING JOINT PER KG,104.926,0.4,
202310,210506,HK LAMB LOIN CHOP/STEAK PER KG,104.00299999999999,1.8,
202310,210703,HOME KILLED PORK-LOIN CHOPS KG,116.417,1.0,
202310,210802,BACON-GAMMON-PER KG,107.949,0.4,
202310,210808,BACON-BACK-PER KG,111.587,1.8,
202310,210905,FRESH/CHILLED CHICKEN  PER KG,104.465,0.8,
202310,210910,FRESH BONELESS CHICKEN BREAST,103.1,1.8,
202310,210913,ROTISSERIE CHICKEN [WHOLE],97.853,0.2,
202310,210914,FRESH TURKEY DICED/MIN PER KG,105.146,0.2,
202310,211007,CANNED MEAT-STEWED STEAK,106.294,0.2,
202310,211011,INDIVIDUAL MEAT PIE,107.932,1.0,
202310,211014,SAUSAGES-PORK-PER KG,110.669,1.8,
202310,211019,FROZ CHICKEN NUGGETS 220-600G,98.71700000000001,0.6,
202310,211023,COOKED HAM PREPACKED SLICED,103.99,2.2,
202310,211024,CONTINENTAL SLICED DELI MEAT,107.515,1.0,
202310,211025,JOINT OV/READ GAM/POR 450-900G,103.792,0.2,
202310,211026,CHICKEN KIEV 2 PACK 240-325G,108.181,0.6,
202310,211027,H K LIVER PER KG STATE TYPE,104.58,0.2,
202310,211029,COOKED MEAT TURKEY/CHICK SLICE,102.676,0.4,
202310,211030,MEAT BASED SNACK PACK MAX 400G,107.06299999999999,0.6,
202310,211031,COOKED HAM LOOSE PER 100G,108.351,0.6,
202310,211101,FRESH WHITE FISH FILLETS KG,102.542,0.45,
202310,211105,FRESH FISH-SALMON FILLETS-KG,108.663,0.75,
202310,211106,FROZEN PRAWNS PER KG,107.235,1.15,
202310,211207,"CANNED FISH, TUNA, 130G-200G",104.561,1.25,
202310,211210,FROZEN FISH FINGERS 8-12 PK,93.296,1.05,
202310,211211,FROZEN BREAD/BAT FISH 400-550G,108.23,0.35,
202310,211305,SPREADABLE BUTTER,92.23,0.68,
202310,211306,BUTTER 200-250G SPEC COO,95.34100000000001,0.56,
202310,211408,OLIVE OIL - 500ML - 1 LITRE,132.918,1.08,
202310,211409,"PEANUT BUTTER, JAR, 225-350G",105.345,0.24,
202310,211410,DAIRY SPREAD/MARGARINE,101.869,1.32,
202310,211411,DAIRY FREE SPREAD/MARGARINE,107.262,0.12,
202310,211501,CHEDDAR-HOME PRODUCED PER KG,99.47399999999999,2.1,
202310,211506,"CHEESE SPREAD, 110G-200G TUB",113.67299999999999,0.84,
202310,211509,HARD REGIONAL CHEESE PER KG,104.41799999999999,0.28,
202310,211510,PARMESAN CHEESE-PER KG,98.92399999999999,0.56,
202310,211511,SOFT CONTINENTAL CHEESE - KG,100.37700000000001,0.56,
202310,211604,EGGS PER DOZEN OR 2 X 6 BOX,107.914,1.4,
202310,211707,DELVD MILK SEMI-SKIMMED PER PT,97.462,0.14,
202310,211709,SHOP MILK-WHOLE MILK-4PT/2LTR,89.87100000000001,0.84,
202310,211710,MILK SEMI-PER 2 PINTS/1.136 L,93.486,2.94,
202310,211713,"MILK FLAVOURED, 180-500MLS/GMS",104.456,0.28,
202310,211714,NON-DAIRY MILK DRINK 900ML-1LT,110.555,0.28,
202310,211807,"YOGHURT/FROMAGE 4-6PK, 45-125G",109.398,1.4,
202310,211808,CHILLED POT DESSERT 125-200G,119.029,0.98,
202310,211814,YOGHURT-SMALL INDIVIDUAL,106.51,0.56,
202310,211815,FRESH DOUBLE CREAM 250ML-300ML,98.12799999999999,0.56,
202310,211816,POWDERED BABY FORMULA 400-900G,105.84299999999999,0.28,
202310,211901,TEA BAGS PKT OF 80 (230G-250G),104.28200000000001,0.54,
202310,211904,TEA BAGS PACKET OF 210-240,119.285,0.18,
202310,211905,"FLAVRD TEA 15-20 BAGS, 30-40G",111.417,0.12,
202310,212001,"FRUIT SQUASH, 750ML - 1.5LT",116.427,0.81,
202310,212006,FRUIT JUICE NOT ORANGE 1L,106.449,0.54,
202310,212008,LEMONADE-2 LITRE BOTTLE,105.789,0.18,
202310,212010,MINERAL WATER STILL 1.5-2L,110.595,0.27,
202310,212015,FIZZY ENERGY DRINK 250-500ML,98.63,1.26,
202310,212016,FRESH/CHILL ORANGE JUICE 900ML,104.455,0.9,
202310,212017,FIZZY BOTTLED DRINK 500ML,107.13600000000001,1.53,
202310,212020,FRUIT DRINK BOTTLE 4-8 PACK,114.125,0.09,
202310,212021,BOTTLE STILL WATER 500ML,110.02600000000001,0.27,
202310,212022,MIXER DRINK BOTTLE 1L EG TONIC,102.891,0.72,
202310,212023,COLA/FIZZY DRINK 330ML PK 4-8,107.334,0.36,
202310,212024,FLAVOURED WATER BOTT 900ML-1.5,113.402,0.27,
202310,212025,"COLA DRINK, REG,BOTTLE,1.25-2L",97.93799999999999,0.72,
202310,212026,"COLA DRINK, DIET 1.25-2LTR",103.654,0.81,
202310,212027,FRUIT/VEG SMOOTHIE,103.74600000000001,0.27,
202310,212101,SUGAR -GRANULATED-WHITE-PER KG,115.052,0.78,
202310,212106,JAR OF JAM-340-454G,100.28200000000001,0.91,
202310,212107,HONEY JAR/BOTTLE 340G-454G,96.54700000000001,0.39,
202310,212202,MINTS,107.154,0.13,
202310,212211,CHOCOLATE 4,108.958,0.78,
202310,212214,FRUIT PASTILLES 2,102.07700000000001,0.39,
202310,212217,CHEWING/BUBBLE GUM-SINGLE PK,108.15700000000001,0.13,
202310,212218,CARTON/BOX OF CHOCS 150-400GM,105.99,1.3,
202310,212222,CHOCOLATE 10,109.34299999999999,1.95,
202310,212223,BRAND CHOC SWEETS 90-185G BAG,110.14299999999999,0.78,
202310,212224,"SWEETS, NOT CHOC, 150-250G BAG",119.306,0.52,
202310,212225,CHOCOLATE LARGE BAR 100-200G,104.945,1.95,
202310,212226,CHOCOLATE 12,110.353,0.39,
202310,212228,MALTED CHOCOLATE SWEETS,114.337,0.13,
202310,212309,POTATOES-NEW-PER KG,107.43299999999999,0.3,
202310,212310,POTATOES- OLD WHITE PER KG,108.61,0.6,
202310,212311,POTATOES- BAKING PR KG,104.884,0.15,
202310,212402,POTATO CRISPS 25G-50G,107.404,0.75,
202310,212404,POTATO CRISPS-MULTI-PACK,108.23700000000001,2.1,
202310,212405,FROZEN CHIPS 900G-1.5KG,109.825,0.9,
202310,212408,PREMIUM POTATO CRISPS/CHIPS,102.696,0.6,
202310,212409,P'PARED MASHED POTATO 400-650G,100.751,0.3,
202310,212504,FRESH VEG-CAULIFLOWER-EACH,100.044,0.45,
202310,212510,FRESH VEG-CUCUMBER-WHOLE,112.86399999999999,0.3,
202310,212511,FRESH VEG-LETTUCE-ICEBERG-EACH,112.993,0.3,
202310,212515,FRESH VEG-TOMATOES-PER KG,102.47,0.9,
202310,212516,FRESH VEG-CABBAGE-WHOLE-PER KG,109.652,0.15,
202310,212518,FRESH VEG-CARROTS-PER KG,106.126,0.3,
202310,212519,FRESH VEG-ONIONS-PER KG,118.556,0.6,
202310,212520,FRESH VEG-MUSHROOMS-PER KG,99.52600000000001,0.45,
202310,212527,PRE-PACKED SALAD 75-250G,101.031,0.45,
202310,212530,FRESH VEG-BROCCOLI-PER KG,106.275,0.3,
202310,212531,FRESH VEG-COURGETTE-PER KG,108.613,0.45,
202310,212532,FRESH VEG-PEPPERS -LOOSE OR KG,112.945,0.45,
202310,212533,VEGETABLE STIR FRY FRESH PACK,102.46,0.3,
202310,212535,SWEET POTATO PER KG OR EACH,103.665,0.3,
202310,212536,GREEN BEANS PER KG OR PACK,100.756,0.3,
202310,212601,CANNED TOMATOES 390-400G,113.72,0.3,
202310,212603,"BAKED BEANS, 400-425G TIN",105.61200000000001,0.3,
202310,212608,CANNED SWEETCORN 198-340G,114.814,0.15,
202310,212609,FROZEN GARDEN PEAS 800G-1KG,111.36,0.15,
202310,212612,FROZEN PRE-PREPARED VEGTABLES,111.441,0.3,
202310,212613,PULSES CAN 390 - 420G,98.40899999999999,0.3,
202310,212709,ORANGES-CLASS 1-EACH,100.698,0.3,
202310,212710,AVOCADO PEAR-EACH,100.46700000000001,0.5,
202310,212712,KIWI FRUIT-EACH,99.794,0.2,
202310,212715,GRAPEFRUIT-EACH,103.883,0.2,
202310,212717,APPLES-DESSERT-PER KG,107.186,0.5,
202310,212718,PEARS-DESSERT-PER KG,111.117,0.2,
202310,212719,BANANAS-PER KG,120.09100000000001,0.9,
202310,212720,STRAWBERRIES PER KG OR PUNNET,93.898,0.9,
202310,212722,GRAPES-PER KG,96.376,0.8,
202310,212725,SMALL TYPE ORANGES PER PACK/KG,102.579,0.3,
202310,212726,PLUMS PER KG/PACK,104.21799999999999,0.5,
202310,212730,FRUIT FRESH SNACKING 150-350G,101.54,0.4,
202310,212732,LEMON EACH,102.71700000000001,0.2,
202310,212733,BLUEBERRIES PUNNET OR PER KG,111.51700000000001,0.6,
202310,212734,RASPBERRIES PUNNET OR PER KG,97.7,0.5,
202310,212735,APPLES DESSERT EACH,106.52,0.5,
202310,212736,MELON EACH EG HONEYDEW,105.115,0.2,
202310,212737,PINEAPPLE EACH,101.796,0.2,
202310,212806,PACKET OF PEANUTS 150-300G,109.382,1.2,
202310,212807,CANNED FRUIT-400-450G,108.265,0.3,
202310,212808,DRIED FRUIT - EG APRICOTS,105.914,0.4,
202310,212809,BERRIES FROZEN PACK,99.45299999999999,0.2,
202310,212905,VEGETABLE PICKLE 280-520G,118.65100000000001,0.15,
202310,212910,CANNED SOUP-390-425G,111.241,0.55,
202310,212917,TOMATO KETCHUP BOTTLE 340-570G,112.34700000000001,0.6,
202310,212918,FRZN READY-COOKD MEAL SERVES 1,109.26799999999999,0.2,
202310,212923,COOK-IN SAUCE-JAR/CAN 350-520G,118.26899999999999,0.9,
202310,212928,FROZ VEG BURGER/GRILL 180-454G,117.105,0.3,
202310,212930,MAYONNAISE 390-500G/420-540MLS,110.12,0.5,
202310,212933,ICE CREAM 450ML-1L,101.08,1.3,
202310,212934,DRIED POTTED SNACK 50-120G,123.39,0.42,
202310,212936,CHILLED READY MEAL-MEAT-SERVS1,105.719,0.8,
202310,212937,CHILLED READY MEAL-FISH/VEG,103.605,0.7,
202310,212938,CHOCOLATE COVERED ICE CREAM,104.792,1.17,
202310,212939,CHILLED PIZZA EACH 300-600G,100.97200000000001,1.05,
202310,212940,PROTEIN POWDER 900G-2KG,103.961,0.3,
202310,212941,QUICHE 340G-450G,104.439,0.21,
202310,212942,VEGETABLE CRISPS PACK 80-125G,110.134,0.3,
202310,212943,YORKSHIRE PUDDING FROZEN,102.935,0.42,
202310,212944,SAUSAGE MEAT FREE CHILLED PACK,109.536,0.6,
202310,212945,HERBS DRIED JAR 3 - 20G,114.208,0.45,
202310,213003,COFFEE-INSTANT 90 -100G JAR,99.921,1.08,
202310,213005,HOT CHOCOLATE DRINK INSTANT,123.083,0.21,
202310,213006,COFFEE PODS PACK 8-16,107.24,0.39,
202310,213007,COFFEE SACHETS PACK,109.515,0.48,
202311,210102,LGE LOAF-WHTE-UNSLED-750-800G,104.51899999999999,0.42,
202311,210106,SIX BREAD ROLLS-WHITE/BROWN,102.54899999999999,0.84,
202311,210111,WHITE SLICED LOAF BRANDED 750G,102.23100000000001,1.05,
202311,210113,WHOLEMEAL SLICED LOAF BRANDED,97.575,0.84,
202311,210114,CHILLED GARLIC BREAD,99.564,1.47,
202311,210115,WRAP / TORTILLA PACK 6-8,104.917,0.42,
202311,210201,FLOUR-SELF-RAISING-1.5KG,111.55,0.42,
202311,210204,DRY SPAGHETTI OR PASTA 500G,85.97399999999999,0.21,
202311,210211,CORN SNACK SINGLE PACK MAX 50G,107.258,0.45,
202311,210212,BASMATI RICE 500G-1KG,101.57799999999999,0.42,
202311,210213,BREAKFAST CEREAL 1,110.023,1.05,
202311,210214,BREAKFAST CEREAL 2,111.338,1.68,
202311,210215,CEREAL BAR,117.71600000000001,0.42,
202311,210216,HOT OAT CEREAL,104.788,0.42,
202311,210217,RICE MICRO POUCH/TRAY 220-280G,115.766,0.21,
202311,210218,"POPCORN, BAG, 10-30G",111.24600000000001,0.63,
202311,210219,BREAKFAST CEREAL GLUTEN FREE,106.177,0.21,
202311,210221,COUSCOUS PLAIN/FLAVOURED,111.251,0.21,
202311,210301,CREAM CRACKERS PACK 200G-300G,109.319,0.84,
202311,210302,PLAIN BISCUITS-200-300G,117.104,1.47,
202311,210320,WHOLE SPONGE CAKE NOT FROZEN,106.802,1.26,
202311,210321,PACK OF 5-6 INDIVIDUAL CAKES,107.86399999999999,2.31,
202311,210323,BISCUITS HALF CHOC 260-400G,113.945,0.84,
202311,210324,CRUMPETS PACK 6-9 SPEC NUMBER,110.49799999999999,1.26,
202311,210403,HOME KILLED BEEF-LEAN MINCE KG,108.30799999999999,0.8,
202311,210406,HOME KLD BEEF-RUMP/POPES STEAK,103.833,1.0,
202311,210414,FROZEN BEEFBURGERS PACK OF 4,111.698,0.4,
202311,210416,BEEF ROASTING JOINT PER KG,103.56,0.4,
202311,210506,HK LAMB LOIN CHOP/STEAK PER KG,104.23700000000001,1.8,
202311,210703,HOME KILLED PORK-LOIN CHOPS KG,115.391,1.0,
202311,210802,BACON-GAMMON-PER KG,108.045,0.4,
202311,210808,BACON-BACK-PER KG,111.09,1.8,
202311,210905,FRESH/CHILLED CHICKEN  PER KG,105.258,0.8,
202311,210910,FRESH BONELESS CHICKEN BREAST,102.74700000000001,1.8,
202311,210913,ROTISSERIE CHICKEN [WHOLE],95.28399999999999,0.2,
202311,210914,FRESH TURKEY DICED/MIN PER KG,105.958,0.2,
202311,211007,CANNED MEAT-STEWED STEAK,105.206,0.2,
202311,211011,INDIVIDUAL MEAT PIE,106.223,1.0,
202311,211014,SAUSAGES-PORK-PER KG,112.272,1.8,
202311,211019,FROZ CHICKEN NUGGETS 220-600G,101.109,0.6,
202311,211023,COOKED HAM PREPACKED SLICED,105.62799999999999,2.2,
202311,211024,CONTINENTAL SLICED DELI MEAT,108.648,1.0,
202311,211025,JOINT OV/READ GAM/POR 450-900G,104.51899999999999,0.2,
202311,211026,CHICKEN KIEV 2 PACK 240-325G,108.708,0.6,
202311,211027,H K LIVER PER KG STATE TYPE,104.436,0.2,
202311,211029,COOKED MEAT TURKEY/CHICK SLICE,103.007,0.4,
202311,211030,MEAT BASED SNACK PACK MAX 400G,107.096,0.6,
202311,211031,COOKED HAM LOOSE PER 100G,109.2,0.6,
202311,211101,FRESH WHITE FISH FILLETS KG,102.273,0.45,
202311,211105,FRESH FISH-SALMON FILLETS-KG,110.839,0.75,
202311,211106,FROZEN PRAWNS PER KG,106.27600000000001,1.15,
202311,211207,"CANNED FISH, TUNA, 130G-200G",106.26899999999999,1.25,
202311,211210,FROZEN FISH FINGERS 8-12 PK,96.15299999999999,1.05,
202311,211211,FROZEN BREAD/BAT FISH 400-550G,106.601,0.35,
202311,211305,SPREADABLE BUTTER,92.46600000000001,0.68,
202311,211306,BUTTER 200-250G SPEC COO,91.655,0.56,
202311,211408,OLIVE OIL - 500ML - 1 LITRE,133.94299999999998,1.08,
202311,211409,"PEANUT BUTTER, JAR, 225-350G",104.943,0.24,
202311,211410,DAIRY SPREAD/MARGARINE,103.30799999999999,1.32,
202311,211411,DAIRY FREE SPREAD/MARGARINE,104.243,0.12,
202311,211501,CHEDDAR-HOME PRODUCED PER KG,101.3,2.1,
202311,211506,"CHEESE SPREAD, 110G-200G TUB",106.287,0.84,
202311,211509,HARD REGIONAL CHEESE PER KG,104.762,0.28,
202311,211510,PARMESAN CHEESE-PER KG,97.885,0.56,
202311,211511,SOFT CONTINENTAL CHEESE - KG,98.387,0.56,
202311,211604,EGGS PER DOZEN OR 2 X 6 BOX,106.446,1.4,
202311,211707,DELVD MILK SEMI-SKIMMED PER PT,103.99799999999999,0.14,
202311,211709,SHOP MILK-WHOLE MILK-4PT/2LTR,89.96799999999999,0.84,
202311,211710,MILK SEMI-PER 2 PINTS/1.136 L,93.40299999999999,2.94,
202311,211713,"MILK FLAVOURED, 180-500MLS/GMS",105.803,0.28,
202311,211714,NON-DAIRY MILK DRINK 900ML-1LT,114.012,0.28,
202311,211807,"YOGHURT/FROMAGE 4-6PK, 45-125G",116.60600000000001,1.4,
202311,211808,CHILLED POT DESSERT 125-200G,114.955,0.98,
202311,211814,YOGHURT-SMALL INDIVIDUAL,105.85,0.56,
202311,211815,FRESH DOUBLE CREAM 250ML-300ML,96.115,0.56,
202311,211816,POWDERED BABY FORMULA 400-900G,105.78299999999999,0.28,
202311,211901,TEA BAGS PKT OF 80 (230G-250G),107.55799999999999,0.54,
202311,211904,TEA BAGS PACKET OF 210-240,115.225,0.18,
202311,211905,"FLAVRD TEA 15-20 BAGS, 30-40G",109.766,0.12,
202311,212001,"FRUIT SQUASH, 750ML - 1.5LT",111.169,0.81,
202311,212006,FRUIT JUICE NOT ORANGE 1L,109.397,0.54,
202311,212008,LEMONADE-2 LITRE BOTTLE,104.693,0.18,
202311,212010,MINERAL WATER STILL 1.5-2L,110.465,0.27,
202311,212015,FIZZY ENERGY DRINK 250-500ML,98.396,1.26,
202311,212016,FRESH/CHILL ORANGE JUICE 900ML,110.13,0.9,
202311,212017,FIZZY BOTTLED DRINK 500ML,108.087,1.53,
202311,212020,FRUIT DRINK BOTTLE 4-8 PACK,110.91,0.09,
202311,212021,BOTTLE STILL WATER 500ML,112.022,0.27,
202311,212022,MIXER DRINK BOTTLE 1L EG TONIC,102.838,0.72,
202311,212023,COLA/FIZZY DRINK 330ML PK 4-8,105.32700000000001,0.36,
202311,212024,FLAVOURED WATER BOTT 900ML-1.5,118.319,0.27,
202311,212025,"COLA DRINK, REG,BOTTLE,1.25-2L",99.777,0.72,
202311,212026,"COLA DRINK, DIET 1.25-2LTR",101.258,0.81,
202311,212027,FRUIT/VEG SMOOTHIE,104.835,0.27,
202311,212101,SUGAR -GRANULATED-WHITE-PER KG,117.598,0.78,
202311,212106,JAR OF JAM-340-454G,99.495,0.91,
202311,212107,HONEY JAR/BOTTLE 340G-454G,95.995,0.39,
202311,212202,MINTS,106.844,0.13,
202311,212211,CHOCOLATE 4,109.824,0.78,
202311,212214,FRUIT PASTILLES 2,102.215,0.39,
202311,212217,CHEWING/BUBBLE GUM-SINGLE PK,108.829,0.13,
202311,212218,CARTON/BOX OF CHOCS 150-400GM,104.40299999999999,1.3,
202311,212222,CHOCOLATE 10,107.896,1.95,
202311,212223,BRAND CHOC SWEETS 90-185G BAG,110.104,0.78,
202311,212224,"SWEETS, NOT CHOC, 150-250G BAG",119.00399999999999,0.52,
202311,212225,CHOCOLATE LARGE BAR 100-200G,107.726,1.95,
202311,212226,CHOCOLATE 12,110.79700000000001,0.39,
202311,212228,MALTED CHOCOLATE SWEETS,114.329,0.13,
202311,212309,POTATOES-NEW-PER KG,108.244,0.3,
202311,212310,POTATOES- OLD WHITE PER KG,108.425,0.6,
202311,212311,POTATOES- BAKING PR KG,105.22200000000001,0.15,
202311,212402,POTATO CRISPS 25G-50G,109.50299999999999,0.75,
202311,212404,POTATO CRISPS-MULTI-PACK,112.18299999999999,2.1,
202311,212405,FROZEN CHIPS 900G-1.5KG,107.514,0.9,
202311,212408,PREMIUM POTATO CRISPS/CHIPS,105.197,0.6,
202311,212409,P'PARED MASHED POTATO 400-650G,101.49600000000001,0.3,
202311,212504,FRESH VEG-CAULIFLOWER-EACH,102.427,0.45,
202311,212510,FRESH VEG-CUCUMBER-WHOLE,115.675,0.3,
202311,212511,FRESH VEG-LETTUCE-ICEBERG-EACH,114.384,0.3,
202311,212515,FRESH VEG-TOMATOES-PER KG,102.125,0.9,
202311,212516,FRESH VEG-CABBAGE-WHOLE-PER KG,109.759,0.15,
202311,212518,FRESH VEG-CARROTS-PER KG,112.831,0.3,
202311,212519,FRESH VEG-ONIONS-PER KG,117.62700000000001,0.6,
202311,212520,FRESH VEG-MUSHROOMS-PER KG,99.465,0.45,
202311,212527,PRE-PACKED SALAD 75-250G,100.70100000000001,0.45,
202311,212530,FRESH VEG-BROCCOLI-PER KG,113.34899999999999,0.3,
202311,212531,FRESH VEG-COURGETTE-PER KG,101.792,0.45,
202311,212532,FRESH VEG-PEPPERS -LOOSE OR KG,113.10600000000001,0.45,
202311,212533,VEGETABLE STIR FRY FRESH PACK,102.69,0.3,
202311,212535,SWEET POTATO PER KG OR EACH,102.785,0.3,
202311,212536,GREEN BEANS PER KG OR PACK,99.766,0.3,
202311,212601,CANNED TOMATOES 390-400G,115.637,0.3,
202311,212603,"BAKED BEANS, 400-425G TIN",108.62700000000001,0.3,
202311,212608,CANNED SWEETCORN 198-340G,115.594,0.15,
202311,212609,FROZEN GARDEN PEAS 800G-1KG,114.728,0.15,
202311,212612,FROZEN PRE-PREPARED VEGTABLES,111.693,0.3,
202311,212613,PULSES CAN 390 - 420G,98.56700000000001,0.3,
202311,212709,ORANGES-CLASS 1-EACH,100.695,0.3,
202311,212710,AVOCADO PEAR-EACH,101.7,0.5,
202311,212712,KIWI FRUIT-EACH,100.15700000000001,0.2,
202311,212715,GRAPEFRUIT-EACH,101.464,0.2,
202311,212717,APPLES-DESSERT-PER KG,106.736,0.5,
202311,212718,PEARS-DESSERT-PER KG,109.613,0.2,
202311,212719,BANANAS-PER KG,120.245,0.9,
202311,212720,STRAWBERRIES PER KG OR PUNNET,110.899,0.9,
202311,212722,GRAPES-PER KG,97.03399999999999,0.8,
202311,212725,SMALL TYPE ORANGES PER PACK/KG,100.36399999999999,0.3,
202311,212726,PLUMS PER KG/PACK,105.057,0.5,
202311,212730,FRUIT FRESH SNACKING 150-350G,104.085,0.4,
202311,212732,LEMON EACH,102.304,0.2,
202311,212733,BLUEBERRIES PUNNET OR PER KG,112.789,0.6,
202311,212734,RASPBERRIES PUNNET OR PER KG,103.289,0.5,
202311,212735,APPLES DESSERT EACH,104.04799999999999,0.5,
202311,212736,MELON EACH EG HONEYDEW,102.64299999999999,0.2,
202311,212737,PINEAPPLE EACH,101.75200000000001,0.2,
202311,212806,PACKET OF PEANUTS 150-300G,112.10799999999999,1.2,
202311,212807,CANNED FRUIT-400-450G,109.609,0.3,
202311,212808,DRIED FRUIT - EG APRICOTS,105.45100000000001,0.4,
202311,212809,BERRIES FROZEN PACK,97.315,0.2,
202311,212905,VEGETABLE PICKLE 280-520G,118.79899999999999,0.15,
202311,212910,CANNED SOUP-390-425G,111.488,0.55,
202311,212917,TOMATO KETCHUP BOTTLE 340-570G,112.777,0.6,
202311,212918,FRZN READY-COOKD MEAL SERVES 1,108.898,0.2,
202311,212923,COOK-IN SAUCE-JAR/CAN 350-520G,119.325,0.9,
202311,212928,FROZ VEG BURGER/GRILL 180-454G,111.515,0.3,
202311,212930,MAYONNAISE 390-500G/420-540MLS,108.294,0.5,
202311,212933,ICE CREAM 450ML-1L,103.696,1.3,
202311,212934,DRIED POTTED SNACK 50-120G,126.806,0.42,
202311,212936,CHILLED READY MEAL-MEAT-SERVS1,104.861,0.8,
202311,212937,CHILLED READY MEAL-FISH/VEG,103.887,0.7,
202311,212938,CHOCOLATE COVERED ICE CREAM,109.789,1.17,
202311,212939,CHILLED PIZZA EACH 300-600G,104.617,1.05,
202311,212940,PROTEIN POWDER 900G-2KG,101.19200000000001,0.3,
202311,212941,QUICHE 340G-450G,105.064,0.21,
202311,212942,VEGETABLE CRISPS PACK 80-125G,114.464,0.3,
202311,212943,YORKSHIRE PUDDING FROZEN,104.574,0.42,
202311,212944,SAUSAGE MEAT FREE CHILLED PACK,107.803,0.6,
202311,212945,HERBS DRIED JAR 3 - 20G,112.734,0.45,
202311,213003,COFFEE-INSTANT 90 -100G JAR,101.25399999999999,1.08,
202311,213005,HOT CHOCOLATE DRINK INSTANT,121.51,0.21,
202311,213006,COFFEE PODS PACK 8-16,111.102,0.39,
202311,213007,COFFEE SACHETS PACK,106.351,0.48,
202312,210102,LGE LOAF-WHTE-UNSLED-750-800G,105.896,0.42,
202312,210106,SIX BREAD ROLLS-WHITE/BROWN,104.235,0.84,
202312,210111,WHITE SLICED LOAF BRANDED 750G,102.805,1.05,
202312,210113,WHOLEMEAL SLICED LOAF BRANDED,98.605,0.84,
202312,210114,CHILLED GARLIC BREAD,100.90799999999999,1.47,
202312,210115,WRAP / TORTILLA PACK 6-8,105.28200000000001,0.42,
202312,210201,FLOUR-SELF-RAISING-1.5KG,111.9,0.42,
202312,210204,DRY SPAGHETTI OR PASTA 500G,88.329,0.21,
202312,210211,CORN SNACK SINGLE PACK MAX 50G,111.76100000000001,0.45,
202312,210212,BASMATI RICE 500G-1KG,101.727,0.42,
202312,210213,BREAKFAST CEREAL 1,108.00399999999999,1.05,
202312,210214,BREAKFAST CEREAL 2,110.988,1.68,
202312,210215,CEREAL BAR,120.536,0.42,
202312,210216,HOT OAT CEREAL,104.277,0.42,
202312,210217,RICE MICRO POUCH/TRAY 220-280G,115.49600000000001,0.21,
202312,210218,"POPCORN, BAG, 10-30G",112.75200000000001,0.63,
202312,210219,BREAKFAST CEREAL GLUTEN FREE,110.677,0.21,
202312,210221,COUSCOUS PLAIN/FLAVOURED,113.13,0.21,
202312,210301,CREAM CRACKERS PACK 200G-300G,109.12200000000001,0.84,
202312,210302,PLAIN BISCUITS-200-300G,118.73899999999999,1.47,
202312,210320,WHOLE SPONGE CAKE NOT FROZEN,109.23,1.26,
202312,210321,PACK OF 5-6 INDIVIDUAL CAKES,115.941,2.31,
202312,210323,BISCUITS HALF CHOC 260-400G,119.663,0.84,
202312,210324,CRUMPETS PACK 6-9 SPEC NUMBER,111.88799999999999,1.26,
202312,210403,HOME KILLED BEEF-LEAN MINCE KG,107.99799999999999,0.8,
202312,210406,HOME KLD BEEF-RUMP/POPES STEAK,104.037,1.0,
202312,210414,FROZEN BEEFBURGERS PACK OF 4,112.34299999999999,0.4,
202312,210416,BEEF ROASTING JOINT PER KG,102.73299999999999,0.4,
202312,210506,HK LAMB LOIN CHOP/STEAK PER KG,104.198,1.8,
202312,210703,HOME KILLED PORK-LOIN CHOPS KG,116.912,1.0,
202312,210802,BACON-GAMMON-PER KG,108.95700000000001,0.4,
202312,210808,BACON-BACK-PER KG,110.46700000000001,1.8,
202312,210905,FRESH/CHILLED CHICKEN  PER KG,103.554,0.8,
202312,210910,FRESH BONELESS CHICKEN BREAST,102.34700000000001,1.8,
202312,210913,ROTISSERIE CHICKEN [WHOLE],96.381,0.2,
202312,210914,FRESH TURKEY DICED/MIN PER KG,105.24700000000001,0.2,
202312,211007,CANNED MEAT-STEWED STEAK,105.431,0.2,
202312,211011,INDIVIDUAL MEAT PIE,109.96600000000001,1.0,
202312,211014,SAUSAGES-PORK-PER KG,112.71700000000001,1.8,
202312,211019,FROZ CHICKEN NUGGETS 220-600G,100.225,0.6,
202312,211023,COOKED HAM PREPACKED SLICED,105.837,2.2,
202312,211024,CONTINENTAL SLICED DELI MEAT,108.92299999999999,1.0,
202312,211025,JOINT OV/READ GAM/POR 450-900G,104.699,0.2,
202312,211026,CHICKEN KIEV 2 PACK 240-325G,107.95,0.6,
202312,211027,H K LIVER PER KG STATE TYPE,104.713,0.2,
202312,211029,COOKED MEAT TURKEY/CHICK SLICE,102.508,0.4,
202312,211030,MEAT BASED SNACK PACK MAX 400G,107.686,0.6,
202312,211031,COOKED HAM LOOSE PER 100G,112.24799999999999,0.6,
202312,211101,FRESH WHITE FISH FILLETS KG,102.539,0.45,
202312,211105,FRESH FISH-SALMON FILLETS-KG,108.295,0.75,
202312,211106,FROZEN PRAWNS PER KG,101.505,1.15,
202312,211207,"CANNED FISH, TUNA, 130G-200G",106.133,1.25,
202312,211210,FROZEN FISH FINGERS 8-12 PK,97.853,1.05,
202312,211211,FROZEN BREAD/BAT FISH 400-550G,109.486,0.35,
202312,211305,SPREADABLE BUTTER,93.463,0.68,
202312,211306,BUTTER 200-250G SPEC COO,92.95200000000001,0.56,
202312,211408,OLIVE OIL - 500ML - 1 LITRE,137.328,1.08,
202312,211409,"PEANUT BUTTER, JAR, 225-350G",107.19,0.24,
202312,211410,DAIRY SPREAD/MARGARINE,103.87799999999999,1.32,
202312,211411,DAIRY FREE SPREAD/MARGARINE,99.965,0.12,
202312,211501,CHEDDAR-HOME PRODUCED PER KG,101.00200000000001,2.1,
202312,211506,"CHEESE SPREAD, 110G-200G TUB",114.434,0.84,
202312,211509,HARD REGIONAL CHEESE PER KG,104.459,0.28,
202312,211510,PARMESAN CHEESE-PER KG,96.83200000000001,0.56,
202312,211511,SOFT CONTINENTAL CHEESE - KG,99.926,0.56,
202312,211604,EGGS PER DOZEN OR 2 X 6 BOX,105.90700000000001,1.4,
202312,211707,DELVD MILK SEMI-SKIMMED PER PT,103.99799999999999,0.14,
202312,211709,SHOP MILK-WHOLE MILK-4PT/2LTR,89.756,0.84,
202312,211710,MILK SEMI-PER 2 PINTS/1.136 L,93.39399999999999,2.94,
202312,211713,"MILK FLAVOURED, 180-500MLS/GMS",110.412,0.28,
202312,211714,NON-DAIRY MILK DRINK 900ML-1LT,115.62299999999999,0.28,
202312,211807,"YOGHURT/FROMAGE 4-6PK, 45-125G",113.743,1.4,
202312,211808,CHILLED POT DESSERT 125-200G,120.081,0.98,
202312,211814,YOGHURT-SMALL INDIVIDUAL,105.445,0.56,
202312,211815,FRESH DOUBLE CREAM 250ML-300ML,95.10799999999999,0.56,
202312,211816,POWDERED BABY FORMULA 400-900G,105.244,0.28,
202312,211901,TEA BAGS PKT OF 80 (230G-250G),107.301,0.54,
202312,211904,TEA BAGS PACKET OF 210-240,116.565,0.18,
202312,211905,"FLAVRD TEA 15-20 BAGS, 30-40G",111.75200000000001,0.12,
202312,212001,"FRUIT SQUASH, 750ML - 1.5LT",118.477,0.81,
202312,212006,FRUIT JUICE NOT ORANGE 1L,106.796,0.54,
202312,212008,LEMONADE-2 LITRE BOTTLE,104.992,0.18,
202312,212010,MINERAL WATER STILL 1.5-2L,110.62,0.27,
202312,212015,FIZZY ENERGY DRINK 250-500ML,98.63,1.26,
202312,212016,FRESH/CHILL ORANGE JUICE 900ML,111.809,0.9,
202312,212017,FIZZY BOTTLED DRINK 500ML,108.22399999999999,1.53,
202312,212020,FRUIT DRINK BOTTLE 4-8 PACK,115.064,0.09,
202312,212021,BOTTLE STILL WATER 500ML,110.81,0.27,
202312,212022,MIXER DRINK BOTTLE 1L EG TONIC,103.01799999999999,0.72,
202312,212023,COLA/FIZZY DRINK 330ML PK 4-8,107.43700000000001,0.36,
202312,212024,FLAVOURED WATER BOTT 900ML-1.5,118.67,0.27,
202312,212025,"COLA DRINK, REG,BOTTLE,1.25-2L",98.73,0.72,
202312,212026,"COLA DRINK, DIET 1.25-2LTR",102.60600000000001,0.81,
202312,212027,FRUIT/VEG SMOOTHIE,111.212,0.27,
202312,212101,SUGAR -GRANULATED-WHITE-PER KG,117.821,0.78,
202312,212106,JAR OF JAM-340-454G,99.949,0.91,
202312,212107,HONEY JAR/BOTTLE 340G-454G,93.56299999999999,0.39,
202312,212202,MINTS,106.626,0.13,
202312,212211,CHOCOLATE 4,109.93799999999999,0.78,
202312,212214,FRUIT PASTILLES 2,103.25200000000001,0.39,
202312,212217,CHEWING/BUBBLE GUM-SINGLE PK,108.33200000000001,0.13,
202312,212218,CARTON/BOX OF CHOCS 150-400GM,101.022,1.3,
202312,212222,CHOCOLATE 10,110.435,1.95,
202312,212223,BRAND CHOC SWEETS 90-185G BAG,110.309,0.78,
202312,212224,"SWEETS, NOT CHOC, 150-250G BAG",118.515,0.52,
202312,212225,CHOCOLATE LARGE BAR 100-200G,107.037,1.95,
202312,212226,CHOCOLATE 12,111.523,0.39,
202312,212228,MALTED CHOCOLATE SWEETS,114.228,0.13,
202312,212309,POTATOES-NEW-PER KG,108.415,0.3,
202312,212310,POTATOES- OLD WHITE PER KG,107.01700000000001,0.6,
202312,212311,POTATOES- BAKING PR KG,104.35799999999999,0.15,
202312,212402,POTATO CRISPS 25G-50G,111.24700000000001,0.75,
202312,212404,POTATO CRISPS-MULTI-PACK,112.83,2.1,
202312,212405,FROZEN CHIPS 900G-1.5KG,109.958,0.9,
202312,212408,PREMIUM POTATO CRISPS/CHIPS,94.586,0.6,
202312,212409,P'PARED MASHED POTATO 400-650G,100.177,0.3,
202312,212504,FRESH VEG-CAULIFLOWER-EACH,104.289,0.45,
202312,212510,FRESH VEG-CUCUMBER-WHOLE,120.194,0.3,
202312,212511,FRESH VEG-LETTUCE-ICEBERG-EACH,117.70200000000001,0.3,
202312,212515,FRESH VEG-TOMATOES-PER KG,103.655,0.9,
202312,212516,FRESH VEG-CABBAGE-WHOLE-PER KG,110.934,0.15,
202312,212518,FRESH VEG-CARROTS-PER KG,120.89,0.3,
202312,212519,FRESH VEG-ONIONS-PER KG,118.53,0.6,
202312,212520,FRESH VEG-MUSHROOMS-PER KG,100.111,0.45,
202312,212527,PRE-PACKED SALAD 75-250G,102.491,0.45,
202312,212530,FRESH VEG-BROCCOLI-PER KG,114.535,0.3,
202312,212531,FRESH VEG-COURGETTE-PER KG,107.177,0.45,
202312,212532,FRESH VEG-PEPPERS -LOOSE OR KG,112.473,0.45,
202312,212533,VEGETABLE STIR FRY FRESH PACK,102.74,0.3,
202312,212535,SWEET POTATO PER KG OR EACH,105.04,0.3,
202312,212536,GREEN BEANS PER KG OR PACK,94.805,0.3,
202312,212601,CANNED TOMATOES 390-400G,112.963,0.3,
202312,212603,"BAKED BEANS, 400-425G TIN",109.456,0.3,
202312,212608,CANNED SWEETCORN 198-340G,114.44,0.15,
202312,212609,FROZEN GARDEN PEAS 800G-1KG,114.969,0.15,
202312,212612,FROZEN PRE-PREPARED VEGTABLES,112.26100000000001,0.3,
202312,212613,PULSES CAN 390 - 420G,98.303,0.3,
202312,212709,ORANGES-CLASS 1-EACH,103.02,0.3,
202312,212710,AVOCADO PEAR-EACH,101.98100000000001,0.5,
202312,212712,KIWI FRUIT-EACH,99.29899999999999,0.2,
202312,212715,GRAPEFRUIT-EACH,103.57700000000001,0.2,
202312,212717,APPLES-DESSERT-PER KG,107.259,0.5,
202312,212718,PEARS-DESSERT-PER KG,109.931,0.2,
202312,212719,BANANAS-PER KG,115.056,0.9,
202312,212720,STRAWBERRIES PER KG OR PUNNET,107.95,0.9,
202312,212722,GRAPES-PER KG,97.436,0.8,
202312,212725,SMALL TYPE ORANGES PER PACK/KG,95.12100000000001,0.3,
202312,212726,PLUMS PER KG/PACK,118.736,0.5,
202312,212730,FRUIT FRESH SNACKING 150-350G,104.34100000000001,0.4,
202312,212732,LEMON EACH,103.376,0.2,
202312,212733,BLUEBERRIES PUNNET OR PER KG,111.803,0.6,
202312,212734,RASPBERRIES PUNNET OR PER KG,103.693,0.5,
202312,212735,APPLES DESSERT EACH,108.64399999999999,0.5,
202312,212736,MELON EACH EG HONEYDEW,102.359,0.2,
202312,212737,PINEAPPLE EACH,102.455,0.2,
202312,212806,PACKET OF PEANUTS 150-300G,110.36,1.2,
202312,212807,CANNED FRUIT-400-450G,107.491,0.3,
202312,212808,DRIED FRUIT - EG APRICOTS,106.54700000000001,0.4,
202312,212809,BERRIES FROZEN PACK,96.84200000000001,0.2,
202312,212905,VEGETABLE PICKLE 280-520G,116.146,0.15,
202312,212910,CANNED SOUP-390-425G,112.025,0.55,
202312,212917,TOMATO KETCHUP BOTTLE 340-570G,113.839,0.6,
202312,212918,FRZN READY-COOKD MEAL SERVES 1,109.81700000000001,0.2,
202312,212923,COOK-IN SAUCE-JAR/CAN 350-520G,118.54299999999999,0.9,
202312,212928,FROZ VEG BURGER/GRILL 180-454G,116.885,0.3,
202312,212930,MAYONNAISE 390-500G/420-540MLS,109.821,0.5,
202312,212933,ICE CREAM 450ML-1L,100.345,1.3,
202312,212934,DRIED POTTED SNACK 50-120G,124.416,0.42,
202312,212936,CHILLED READY MEAL-MEAT-SERVS1,105.744,0.8,
202312,212937,CHILLED READY MEAL-FISH/VEG,103.898,0.7,
202312,212938,CHOCOLATE COVERED ICE CREAM,110.87100000000001,1.17,
202312,212939,CHILLED PIZZA EACH 300-600G,104.34200000000001,1.05,
202312,212940,PROTEIN POWDER 900G-2KG,98.088,0.3,
202312,212941,QUICHE 340G-450G,106.537,0.21,
202312,212942,VEGETABLE CRISPS PACK 80-125G,112.37200000000001,0.3,
202312,212943,YORKSHIRE PUDDING FROZEN,100.443,0.42,
202312,212944,SAUSAGE MEAT FREE CHILLED PACK,108.001,0.6,
202312,212945,HERBS DRIED JAR 3 - 20G,112.334,0.45,
202312,213003,COFFEE-INSTANT 90 -100G JAR,101.05,1.08,
202312,213005,HOT CHOCOLATE DRINK INSTANT,120.928,0.21,
202312,213006,COFFEE PODS PACK 8-16,111.117,0.39,
202312,213007,COFFEE SACHETS PACK,106.04299999999999,0.48,
202401,210102,LGE LOAF-WHTE-UNSLED-750-800G,99.916,0.42,
202401,210106,SIX BREAD ROLLS-WHITE/BROWN,101.012,0.84,
202401,210111,WHITE SLICED LOAF BRANDED 750G,100.29700000000001,1.05,
202401,210113,WHOLEMEAL SLICED LOAF BRANDED,99.575,0.84,
202401,210114,CHILLED GARLIC BREAD,99.54799999999999,1.47,
202401,210115,WRAP / TORTILLA PACK 6-8,98.29,0.42,
202401,210201,FLOUR-SELF-RAISING-1.5KG,99.61399999999999,0.42,
202401,210204,DRY SPAGHETTI OR PASTA 500G,97.805,0.21,
202401,210211,CORN SNACK SINGLE PACK MAX 50G,100.588,0.45,
202401,210212,BASMATI RICE 500G-1KG,100.652,0.42,
202401,210213,BREAKFAST CEREAL 1,97.613,1.05,
202401,210214,BREAKFAST CEREAL 2,99.08,1.68,
202401,210215,CEREAL BAR,97.839,0.42,
202401,210216,HOT OAT CEREAL,100.07799999999999,0.42,
202401,210217,RICE MICRO POUCH/TRAY 220-280G,98.79299999999999,0.21,
202401,210218,"POPCORN, BAG, 10-30G",101.057,0.63,
202401,210219,BREAKFAST CEREAL GLUTEN FREE,97.91799999999999,0.21,
202401,210221,COUSCOUS PLAIN/FLAVOURED,99.4,0.21,
202401,210301,CREAM CRACKERS PACK 200G-300G,99.469,0.84,
202401,210302,PLAIN BISCUITS-200-300G,100.131,1.47,
202401,210320,WHOLE SPONGE CAKE NOT FROZEN,98.74700000000001,1.26,
202401,210321,PACK OF 5-6 INDIVIDUAL CAKES,97.726,2.31,
202401,210323,BISCUITS HALF CHOC 260-400G,93.551,0.84,
202401,210324,CRUMPETS PACK 6-9 SPEC NUMBER,94.93299999999999,1.26,
202401,210403,HOME KILLED BEEF-LEAN MINCE KG,100.26299999999999,0.8,
202401,210406,HOME KLD BEEF-RUMP/POPES STEAK,99.223,1.0,
202401,210414,FROZEN BEEFBURGERS PACK OF 4,100.238,0.4,
202401,210416,BEEF ROASTING JOINT PER KG,99.84700000000001,0.4,
202401,210506,HK LAMB LOIN CHOP/STEAK PER KG,100.05799999999999,1.8,
202401,210703,HOME KILLED PORK-LOIN CHOPS KG,98.251,1.0,
202401,210802,BACON-GAMMON-PER KG,99.943,0.4,
202401,210808,BACON-BACK-PER KG,99.811,1.8,
202401,210905,FRESH/CHILLED CHICKEN  PER KG,100.344,0.8,
202401,210910,FRESH BONELESS CHICKEN BREAST,99.641,1.8,
202401,210913,ROTISSERIE CHICKEN [WHOLE],105.02,0.2,
202401,210914,FRESH TURKEY DICED/MIN PER KG,99.98700000000001,0.2,
202401,211007,CANNED MEAT-STEWED STEAK,99.471,0.2,
202401,211011,INDIVIDUAL MEAT PIE,98.098,1.0,
202401,211014,SAUSAGES-PORK-PER KG,98.083,1.8,
202401,211019,FROZ CHICKEN NUGGETS 220-600G,102.23899999999999,0.6,
202401,211023,COOKED HAM PREPACKED SLICED,100.04,2.2,
202401,211024,CONTINENTAL SLICED DELI MEAT,98.319,1.0,
202401,211025,JOINT OV/READ GAM/POR 450-900G,99.617,0.2,
202401,211026,CHICKEN KIEV 2 PACK 240-325G,96.833,0.6,
202401,211027,H K LIVER PER KG STATE TYPE,94.80799999999999,0.2,
202401,211029,COOKED MEAT TURKEY/CHICK SLICE,99.68299999999999,0.4,
202401,211030,MEAT BASED SNACK PACK MAX 400G,99.75,0.6,
202401,211031,COOKED HAM LOOSE PER 100G,97.059,0.6,
202401,211101,FRESH WHITE FISH FILLETS KG,98.28399999999999,0.45,
202401,211105,FRESH FISH-SALMON FILLETS-KG,99.62100000000001,0.75,
202401,211106,FROZEN PRAWNS PER KG,99.367,1.15,
202401,211207,"CANNED FISH, TUNA, 130G-200G",97.289,1.25,
202401,211210,FROZEN FISH FINGERS 8-12 PK,96.78299999999999,1.05,
202401,211211,FROZEN BREAD/BAT FISH 400-550G,95.37700000000001,0.35,
202401,211305,SPREADABLE BUTTER,97.824,0.68,
202401,211306,BUTTER 200-250G SPEC COO,100.25399999999999,0.56,
202401,211408,OLIVE OIL - 500ML - 1 LITRE,100.65100000000001,1.08,
202401,211409,"PEANUT BUTTER, JAR, 225-350G",98.96799999999999,0.24,
202401,211410,DAIRY SPREAD/MARGARINE,95.41,1.32,
202401,211411,DAIRY FREE SPREAD/MARGARINE,100.021,0.12,
202401,211501,CHEDDAR-HOME PRODUCED PER KG,98.708,2.1,
202401,211506,"CHEESE SPREAD, 110G-200G TUB",98.021,0.84,
202401,211509,HARD REGIONAL CHEESE PER KG,99.76700000000001,0.28,
202401,211510,PARMESAN CHEESE-PER KG,101.2,0.56,
202401,211511,SOFT CONTINENTAL CHEESE - KG,101.805,0.56,
202401,211604,EGGS PER DOZEN OR 2 X 6 BOX,101.23100000000001,1.4,
202401,211707,DELVD MILK SEMI-SKIMMED PER PT,100.0,0.14,
202401,211709,SHOP MILK-WHOLE MILK-4PT/2LTR,100.259,0.84,
202401,211710,MILK SEMI-PER 2 PINTS/1.136 L,100.00200000000001,2.94,
202401,211713,"MILK FLAVOURED, 180-500MLS/GMS",102.64200000000001,0.28,
202401,211714,NON-DAIRY MILK DRINK 900ML-1LT,96.96,0.28,
202401,211807,"YOGHURT/FROMAGE 4-6PK, 45-125G",98.575,1.4,
202401,211808,CHILLED POT DESSERT 125-200G,99.046,0.98,
202401,211814,YOGHURT-SMALL INDIVIDUAL,98.821,0.56,
202401,211815,FRESH DOUBLE CREAM 250ML-300ML,100.619,0.56,
202401,211816,POWDERED BABY FORMULA 400-900G,99.71600000000001,0.28,
202401,211901,TEA BAGS PKT OF 80 (230G-250G),100.686,0.54,
202401,211904,TEA BAGS PACKET OF 210-240,101.619,0.18,
202401,211905,"FLAVRD TEA 15-20 BAGS, 30-40G",98.90100000000001,0.12,
202401,212001,"FRUIT SQUASH, 750ML - 1.5LT",98.615,0.81,
202401,212006,FRUIT JUICE NOT ORANGE 1L,104.57700000000001,0.54,
202401,212008,LEMONADE-2 LITRE BOTTLE,101.902,0.18,
202401,212010,MINERAL WATER STILL 1.5-2L,99.01,0.27,
202401,212015,FIZZY ENERGY DRINK 250-500ML,101.198,1.26,
202401,212016,FRESH/CHILL ORANGE JUICE 900ML,98.421,0.9,
202401,212017,FIZZY BOTTLED DRINK 500ML,100.39299999999999,1.53,
202401,212020,FRUIT DRINK BOTTLE 4-8 PACK,98.839,0.09,
202401,212021,BOTTLE STILL WATER 500ML,100.167,0.27,
202401,212022,MIXER DRINK BOTTLE 1L EG TONIC,99.837,0.72,
202401,212023,COLA/FIZZY DRINK 330ML PK 4-8,97.51,0.36,
202401,212024,FLAVOURED WATER BOTT 900ML-1.5,93.68700000000001,0.27,
202401,212025,"COLA DRINK, REG,BOTTLE,1.25-2L",101.07600000000001,0.72,
202401,212026,"COLA DRINK, DIET 1.25-2LTR",99.68700000000001,0.81,
202401,212027,FRUIT/VEG SMOOTHIE,95.131,0.27,
202401,212101,SUGAR -GRANULATED-WHITE-PER KG,100.185,0.78,
202401,212106,JAR OF JAM-340-454G,99.84,0.91,
202401,212107,HONEY JAR/BOTTLE 340G-454G,103.485,0.39,
202401,212202,MINTS,100.30799999999999,0.13,
202401,212211,CHOCOLATE 4,99.83,0.78,
202401,212214,FRUIT PASTILLES 2,99.71700000000001,0.39,
202401,212217,CHEWING/BUBBLE GUM-SINGLE PK,100.23899999999999,0.13,
202401,212218,CARTON/BOX OF CHOCS 150-400GM,109.905,1.3,
202401,212222,CHOCOLATE 10,99.62899999999999,1.95,
202401,212223,BRAND CHOC SWEETS 90-185G BAG,101.859,0.78,
202401,212224,"SWEETS, NOT CHOC, 150-250G BAG",100.294,0.52,
202401,212225,CHOCOLATE LARGE BAR 100-200G,100.77799999999999,1.95,
202401,212226,CHOCOLATE 12,99.542,0.39,
202401,212228,MALTED CHOCOLATE SWEETS,100.16799999999999,0.13,
202401,212309,POTATOES-NEW-PER KG,100.43299999999999,0.3,
202401,212310,POTATOES- OLD WHITE PER KG,100.805,0.6,
202401,212311,POTATOES- BAKING PR KG,100.624,0.15,
202401,212402,POTATO CRISPS 25G-50G,99.404,0.75,
202401,212404,POTATO CRISPS-MULTI-PACK,97.758,2.1,
202401,212405,FROZEN CHIPS 900G-1.5KG,99.021,0.9,
202401,212408,PREMIUM POTATO CRISPS/CHIPS,116.809,0.6,
202401,212409,P'PARED MASHED POTATO 400-650G,99.49600000000001,0.3,
202401,212504,FRESH VEG-CAULIFLOWER-EACH,99.824,0.45,
202401,212510,FRESH VEG-CUCUMBER-WHOLE,101.396,0.3,
202401,212511,FRESH VEG-LETTUCE-ICEBERG-EACH,97.84200000000001,0.3,
202401,212515,FRESH VEG-TOMATOES-PER KG,100.444,0.9,
202401,212516,FRESH VEG-CABBAGE-WHOLE-PER KG,100.319,0.15,
202401,212518,FRESH VEG-CARROTS-PER KG,101.665,0.3,
202401,212519,FRESH VEG-ONIONS-PER KG,100.72399999999999,0.6,
202401,212520,FRESH VEG-MUSHROOMS-PER KG,99.47399999999999,0.45,
202401,212527,PRE-PACKED SALAD 75-250G,98.56,0.45,
202401,212530,FRESH VEG-BROCCOLI-PER KG,98.994,0.3,
202401,212531,FRESH VEG-COURGETTE-PER KG,104.97200000000001,0.45,
202401,212532,FRESH VEG-PEPPERS -LOOSE OR KG,101.57600000000001,0.45,
202401,212533,VEGETABLE STIR FRY FRESH PACK,99.751,0.3,
202401,212535,SWEET POTATO PER KG OR EACH,99.594,0.3,
202401,212536,GREEN BEANS PER KG OR PACK,104.647,0.3,
202401,212601,CANNED TOMATOES 390-400G,96.772,0.3,
202401,212603,"BAKED BEANS, 400-425G TIN",99.78200000000001,0.3,
202401,212608,CANNED SWEETCORN 198-340G,99.852,0.15,
202401,212609,FROZEN GARDEN PEAS 800G-1KG,97.208,0.15,
202401,212612,FROZEN PRE-PREPARED VEGTABLES,99.163,0.3,
202401,212613,PULSES CAN 390 - 420G,97.156,0.3,
202401,212709,ORANGES-CLASS 1-EACH,101.921,0.3,
202401,212710,AVOCADO PEAR-EACH,96.471,0.5,
202401,212712,KIWI FRUIT-EACH,97.852,0.2,
202401,212715,GRAPEFRUIT-EACH,97.561,0.2,
202401,212717,APPLES-DESSERT-PER KG,100.152,0.5,
202401,212718,PEARS-DESSERT-PER KG,100.412,0.2,
202401,212719,BANANAS-PER KG,100.027,0.9,
202401,212720,STRAWBERRIES PER KG OR PUNNET,96.98,0.9,
202401,212722,GRAPES-PER KG,100.185,0.8,
202401,212725,SMALL TYPE ORANGES PER PACK/KG,109.281,0.3,
202401,212726,PLUMS PER KG/PACK,104.36399999999999,0.5,
202401,212730,FRUIT FRESH SNACKING 150-350G,100.212,0.4,
202401,212732,LEMON EACH,101.07700000000001,0.2,
202401,212733,BLUEBERRIES PUNNET OR PER KG,98.82700000000001,0.6,
202401,212734,RASPBERRIES PUNNET OR PER KG,100.74,0.5,
202401,212735,APPLES DESSERT EACH,99.62100000000001,0.5,
202401,212736,MELON EACH EG HONEYDEW,102.103,0.2,
202401,212737,PINEAPPLE EACH,100.57,0.2,
202401,212806,PACKET OF PEANUTS 150-300G,101.54299999999999,1.2,
202401,212807,CANNED FRUIT-400-450G,99.77600000000001,0.3,
202401,212808,DRIED FRUIT - EG APRICOTS,99.57,0.4,
202401,212809,BERRIES FROZEN PACK,99.805,0.2,
202401,212905,VEGETABLE PICKLE 280-520G,101.67,0.15,
202401,212910,CANNED SOUP-390-425G,99.91799999999999,0.55,
202401,212917,TOMATO KETCHUP BOTTLE 340-570G,95.846,0.6,
202401,212918,FRZN READY-COOKD MEAL SERVES 1,98.84,0.2,
202401,212923,COOK-IN SAUCE-JAR/CAN 350-520G,96.522,0.9,
202401,212928,FROZ VEG BURGER/GRILL 180-454G,94.258,0.3,
202401,212930,MAYONNAISE 390-500G/420-540MLS,98.301,0.5,
202401,212933,ICE CREAM 450ML-1L,106.119,1.3,
202401,212934,DRIED POTTED SNACK 50-120G,98.273,0.42,
202401,212936,CHILLED READY MEAL-MEAT-SERVS1,99.495,0.8,
202401,212937,CHILLED READY MEAL-FISH/VEG,100.23,0.7,
202401,212938,CHOCOLATE COVERED ICE CREAM,100.912,1.17,
202401,212939,CHILLED PIZZA EACH 300-600G,99.46799999999999,1.05,
202401,212940,PROTEIN POWDER 900G-2KG,107.616,0.3,
202401,212941,QUICHE 340G-450G,98.535,0.21,
202401,212942,VEGETABLE CRISPS PACK 80-125G,95.568,0.3,
202401,212943,YORKSHIRE PUDDING FROZEN,101.319,0.42,
202401,212944,SAUSAGE MEAT FREE CHILLED PACK,91.553,0.6,
202401,212945,HERBS DRIED JAR 3 - 20G,100.184,0.45,
202401,213003,COFFEE-INSTANT 90 -100G JAR,94.051,1.08,
202401,213005,HOT CHOCOLATE DRINK INSTANT,103.48200000000001,0.21,
202401,213006,COFFEE PODS PACK 8-16,97.93299999999999,0.39,
202401,213007,COFFEE SACHETS PACK,101.399,0.48,
202402,210102,LGE LOAF-WHTE-UNSLED-750-800G,101.134,0.42100000000000004,
202402,210106,SIX BREAD ROLLS-WHITE/BROWN,99.88,0.655,
202402,210111,WHITE SLICED LOAF BRANDED 750G,99.823,1.0290000000000001,
202402,210113,WHOLEMEAL SLICED LOAF BRANDED,99.85700000000001,0.7490000000000001,
202402,210114,CHILLED GARLIC BREAD,100.145,1.31,
202402,210115,WRAP / TORTILLA PACK 6-8,101.956,0.374,
202402,210116,GLUTEN FREE BREAD LF 300-550G,98.825,0.14,
202402,210201,FLOUR-SELF-RAISING-1.5KG,99.87799999999999,0.42,
202402,210204,DRY SPAGHETTI OR PASTA 500G,102.6,0.281,
202402,210211,CORN SNACK SINGLE PACK MAX 50G,99.995,0.838,
202402,210212,BASMATI RICE 500G-1KG,99.89299999999999,0.369,
202402,210213,BREAKFAST CEREAL 1,102.155,1.056,
202402,210214,BREAKFAST CEREAL 2,100.163,2.006,
202402,210215,CEREAL BAR,100.90700000000001,0.41200000000000003,
202402,210216,HOT OAT CEREAL,99.396,0.42200000000000004,
202402,210217,RICE MICRO POUCH/TRAY 220-280G,102.27600000000001,0.062,
202402,210219,BREAKFAST CEREAL GLUTEN FREE,101.706,0.21100000000000002,
202402,210221,COUSCOUS PLAIN/FLAVOURED,100.52,0.047,
202402,210222,RICE CAKES PACK 100-180G,99.182,0.154,
202402,210301,CREAM CRACKERS PACK 200G-300G,100.0,0.561,
202402,210302,PLAIN BISCUITS-200-300G,99.85,1.604,
202402,210320,WHOLE SPONGE CAKE NOT FROZEN,100.023,1.2830000000000001,
202402,210321,PACK OF 5-6 INDIVIDUAL CAKES,97.15700000000001,2.406,
202402,210323,BISCUITS HALF CHOC 260-400G,104.573,0.802,
202402,210324,CRUMPETS PACK 6-9 SPEC NUMBER,103.23200000000001,1.3630000000000002,
202402,210403,HOME KILLED BEEF-LEAN MINCE KG,100.115,0.78,
202402,210406,HOME KLD BEEF-RUMP/POPES STEAK,100.88600000000001,1.0659999999999998,
202402,210414,FROZEN BEEFBURGERS PACK OF 4,99.814,0.41600000000000004,
202402,210416,BEEF ROASTING JOINT PER KG,102.459,0.33799999999999997,
202402,210506,HK LAMB LOIN CHOP/STEAK PER KG,99.77600000000001,1.709,
202402,210707,HOME KILLED PORK CHOP/STEAK,99.307,1.157,
202402,210802,BACON-GAMMON-PER KG,100.34700000000001,0.402,
202402,210808,BACON-BACK-PER KG,99.87100000000001,1.83,
202402,210905,FRESH/CHILLED CHICKEN  PER KG,100.367,0.782,
202402,210910,FRESH BONELESS CHICKEN BREAST,99.396,1.787,
202402,210914,FRESH TURKEY DICED/MIN PER KG,100.64399999999999,0.223,
202402,211007,CANNED MEAT-STEWED STEAK,100.09299999999999,0.139,
202402,211011,INDIVIDUAL MEAT PIE,100.868,0.905,
202402,211014,SAUSAGES-PORK-PER KG,99.738,1.875,
202402,211019,FROZ CHICKEN NUGGETS 220-600G,100.552,0.696,
202402,211023,COOKED HAM PREPACKED SLICED,99.97200000000001,2.812,
202402,211024,CONTINENTAL SLICED DELI MEAT,101.775,0.937,
202402,211025,JOINT OV/READ GAM/POR 450-900G,99.78399999999999,0.139,
202402,211026,CHICKEN KIEV 2 PACK 240-325G,103.932,0.696,
202402,211027,H K LIVER PER KG STATE TYPE,107.93299999999999,0.201,
202402,211029,COOKED MEAT TURKEY/CHICK SLICE,99.632,0.335,
202402,211030,MEAT BASED SNACK PACK MAX 400G,99.719,0.835,
202402,211101,FRESH WHITE FISH FILLETS KG,99.807,0.36200000000000004,
202402,211105,FRESH FISH-SALMON FILLETS-KG,96.85700000000001,0.634,
202402,211106,FROZEN PRAWNS PER KG,97.781,0.914,
202402,211207,"CANNED FISH, TUNA, 130G-200G",101.455,1.0090000000000001,
202402,211210,FROZEN FISH FINGERS 8-12 PK,101.336,0.862,
202402,211211,FROZEN BREAD/BAT FISH 400-550G,101.323,0.231,
202402,211305,SPREADABLE BUTTER,101.542,0.489,
202402,211306,BUTTER 200-250G SPEC COO,101.01299999999999,0.434,
202402,211408,OLIVE OIL - 500ML - 1 LITRE,103.056,1.02,
202402,211409,"PEANUT BUTTER, JAR, 225-350G",97.512,0.166,
202402,211410,DAIRY SPREAD/MARGARINE,101.26100000000001,0.975,
202402,211411,DAIRY FREE SPREAD/MARGARINE,106.704,0.10400000000000001,
202402,211412,SPRAY OIL BOTTLE 190-220MLS,95.87,0.054000000000000006,
202402,211501,CHEDDAR-HOME PRODUCED PER KG,100.07,1.983,
202402,211506,"CHEESE SPREAD, 110G-200G TUB",99.99799999999999,0.7929999999999999,
202402,211509,HARD REGIONAL CHEESE PER KG,99.564,0.23800000000000002,
202402,211510,PARMESAN CHEESE-PER KG,99.552,0.436,
202402,211511,SOFT CONTINENTAL CHEESE - KG,95.74600000000001,0.516,
202402,211604,EGGS PER DOZEN OR 2 X 6 BOX,99.51799999999999,1.37,
202402,211707,DELVD MILK SEMI-SKIMMED PER PT,100.0,0.14800000000000002,
202402,211709,SHOP MILK-WHOLE MILK-4PT/2LTR,99.89399999999999,0.601,
202402,211710,MILK SEMI-PER 2 PINTS/1.136 L,99.87700000000001,2.1830000000000003,
202402,211713,"MILK FLAVOURED, 180-500MLS/GMS",101.553,0.282,
202402,211714,NON-DAIRY MILK DRINK 900ML-1LT,101.249,0.387,
202402,211807,"YOGHURT/FROMAGE 4-6PK, 45-125G",102.595,1.62,
202402,211808,CHILLED POT DESSERT 125-200G,99.87100000000001,0.986,
202402,211814,YOGHURT-SMALL INDIVIDUAL,100.395,0.504,
202402,211815,FRESH DOUBLE CREAM 250ML-300ML,100.23899999999999,0.563,
202402,211816,POWDERED BABY FORMULA 400-900G,98.176,0.376,
202402,211901,TEA BAGS PKT OF 80 (230G-250G),103.52600000000001,0.473,
202402,211904,TEA BAGS PACKET OF 210-240,104.039,0.141,
202402,211905,"FLAVRD TEA 15-20 BAGS, 30-40G",99.79,0.092,
202402,212001,"FRUIT SQUASH, 750ML - 1.5LT",93.584,0.8809999999999999,
202402,212006,FRUIT JUICE NOT ORANGE 1L,101.06700000000001,0.5870000000000001,
202402,212008,LEMONADE-2 LITRE BOTTLE,101.177,0.196,
202402,212010,MINERAL WATER STILL 1.5-2L,99.81,0.28300000000000003,
202402,212015,FIZZY ENERGY DRINK 250-500ML,101.184,1.274,
202402,212016,FRESH/CHILL ORANGE JUICE 900ML,101.194,0.8809999999999999,
202402,212017,FIZZY BOTTLED DRINK 500ML,100.06299999999999,1.568,
202402,212020,FRUIT DRINK BOTTLE 4-8 PACK,95.51299999999999,0.098,
202402,212021,BOTTLE STILL WATER 500ML,100.054,0.28300000000000003,
202402,212022,MIXER DRINK BOTTLE 1L EG TONIC,96.633,0.588,
202402,212023,COLA/FIZZY DRINK 330ML PK 4-8,102.904,0.392,
202402,212024,FLAVOURED WATER BOTT 900ML-1.5,106.926,0.34,
202402,212025,"COLA DRINK, REG,BOTTLE,1.25-2L",98.156,0.588,
202402,212026,"COLA DRINK, DIET 1.25-2LTR",97.96600000000001,0.882,
202402,212027,FRUIT/VEG SMOOTHIE,106.56200000000001,0.294,
202402,212101,SUGAR -GRANULATED-WHITE-PER KG,99.984,0.599,
202402,212106,JAR OF JAM-340-454G,97.97399999999999,0.6890000000000001,
202402,212107,HONEY JAR/BOTTLE 340G-454G,93.779,0.248,
202402,212202,MINTS,101.495,0.044000000000000004,
202402,212211,CHOCOLATE 4,101.46700000000001,0.7909999999999999,
202402,212214,FRUIT PASTILLES 2,102.075,0.44,
202402,212217,CHEWING/BUBBLE GUM-SINGLE PK,99.814,0.08800000000000001,
202402,212218,CARTON/BOX OF CHOCS 150-400GM,93.57,1.355,
202402,212222,CHOCOLATE 10,100.098,1.848,
202402,212223,BRAND CHOC SWEETS 90-185G BAG,102.806,0.616,
202402,212224,"SWEETS, NOT CHOC, 150-250G BAG",102.324,0.527,
202402,212225,CHOCOLATE LARGE BAR 100-200G,102.335,1.848,
202402,212226,CHOCOLATE 12,102.78,0.44,
202402,212228,MALTED CHOCOLATE SWEETS,103.961,0.044000000000000004,
202402,212309,POTATOES-NEW-PER KG,100.818,0.244,
202402,212310,POTATOES- OLD WHITE PER KG,108.087,0.59,
202402,212311,POTATOES- BAKING PR KG,101.926,0.183,
202402,212402,POTATO CRISPS 25G-50G,100.04899999999999,0.733,
202402,212404,POTATO CRISPS-MULTI-PACK,98.94,1.9369999999999998,
202402,212405,FROZEN CHIPS 900G-1.5KG,97.83200000000001,0.946,
202402,212408,PREMIUM POTATO CRISPS/CHIPS,90.70100000000001,0.47100000000000003,
202402,212409,P'PARED MASHED POTATO 400-650G,100.887,0.275,
202402,212504,FRESH VEG-CAULIFLOWER-EACH,101.426,0.419,
202402,212510,FRESH VEG-CUCUMBER-WHOLE,104.405,0.36,
202402,212511,FRESH VEG-LETTUCE-ICEBERG-EACH,105.132,0.3,
202402,212515,FRESH VEG-TOMATOES-PER KG,100.787,0.9590000000000001,
202402,212516,FRESH VEG-CABBAGE-WHOLE-PER KG,100.32600000000001,0.18,
202402,212518,FRESH VEG-CARROTS-PER KG,103.584,0.3,
202402,212519,FRESH VEG-ONIONS-PER KG,100.318,0.599,
202402,212520,FRESH VEG-MUSHROOMS-PER KG,100.084,0.479,
202402,212530,FRESH VEG-BROCCOLI-PER KG,101.803,0.24,
202402,212531,FRESH VEG-COURGETTE-PER KG,102.961,0.419,
202402,212532,FRESH VEG-PEPPERS -LOOSE OR KG,100.40799999999999,0.419,
202402,212533,VEGETABLE STIR FRY FRESH PACK,100.557,0.3,
202402,212535,SWEET POTATO PER KG OR EACH,99.265,0.26899999999999996,
202402,212536,GREEN BEANS PER KG OR PACK,100.015,0.24,
202402,212537,PREPACKED SALAD 75 - 250G,98.77600000000001,0.419,
202402,212601,CANNED TOMATOES 390-400G,102.249,0.281,
202402,212603,"BAKED BEANS, 400-425G TIN",97.99700000000001,0.35100000000000003,
202402,212608,CANNED SWEETCORN 198-340G,99.962,0.19699999999999998,
202402,212609,FROZEN GARDEN PEAS 800G-1KG,101.571,0.18899999999999997,
202402,212612,FROZEN PRE-PREPARED VEGTABLES,100.052,0.302,
202402,212613,PULSES CAN 390 - 420G,97.779,0.21100000000000002,
202402,212709,ORANGES-CLASS 1-EACH,97.79700000000001,0.304,
202402,212710,AVOCADO PEAR-EACH,104.208,0.5329999999999999,
202402,212712,KIWI FRUIT-EACH,98.17,0.228,
202402,212715,GRAPEFRUIT-EACH,105.79299999999999,0.228,
202402,212717,APPLES-DESSERT-PER KG,100.435,0.38,
202402,212718,PEARS-DESSERT-PER KG,103.145,0.228,
202402,212719,BANANAS-PER KG,99.667,0.8370000000000001,
202402,212720,STRAWBERRIES PER KG OR PUNNET,93.71799999999999,0.9890000000000001,
202402,212722,GRAPES-PER KG,99.63600000000001,0.685,
202402,212725,SMALL TYPE ORANGES PER PACK/KG,99.81700000000001,0.228,
202402,212726,PLUMS PER KG/PACK,105.041,0.5329999999999999,
202402,212730,FRUIT FRESH SNACKING 150-350G,100.895,0.38,
202402,212732,LEMON EACH,99.65,0.228,
202402,212733,BLUEBERRIES PUNNET OR PER KG,96.641,0.609,
202402,212734,RASPBERRIES PUNNET OR PER KG,97.946,0.456,
202402,212735,APPLES DESSERT EACH,100.781,0.38,
202402,212736,MELON EACH EG HONEYDEW,104.512,0.228,
202402,212737,PINEAPPLE EACH,96.645,0.152,
202402,212806,PACKET OF PEANUTS 150-300G,100.23299999999999,1.084,
202402,212807,CANNED FRUIT-400-450G,99.16,0.251,
202402,212808,DRIED FRUIT - EG APRICOTS,100.663,0.374,
202402,212809,BERRIES FROZEN PACK,99.73299999999999,0.14300000000000002,
202402,212905,VEGETABLE PICKLE 280-520G,100.045,0.091,
202402,212910,CANNED SOUP-390-425G,96.072,0.547,
202402,212917,TOMATO KETCHUP BOTTLE 340-570G,103.785,0.5870000000000001,
202402,212918,FRZN READY-COOKD MEAL SERVES 1,100.35700000000001,0.28600000000000003,
202402,212923,COOK-IN SAUCE-JAR/CAN 350-520G,101.49600000000001,0.8809999999999999,
202402,212928,FROZ VEG BURGER/GRILL 180-454G,106.67,0.365,
202402,212930,MAYONNAISE 390-500G/420-540MLS,100.865,0.49,
202402,212933,ICE CREAM 450ML-1L,97.895,0.965,
202402,212934,DRIED POTTED SNACK 50-120G,102.7,0.508,
202402,212936,CHILLED READY MEAL-MEAT-SERVS1,100.177,0.743,
202402,212937,CHILLED READY MEAL-FISH/VEG,100.145,0.628,
202402,212938,CHOCOLATE COVERED ICE CREAM,97.84700000000001,1.207,
202402,212939,CHILLED PIZZA EACH 300-600G,98.73899999999999,0.948,
202402,212940,PROTEIN POWDER 900G-2KG,91.821,0.27399999999999997,
202402,212941,QUICHE 340G-450G,100.72399999999999,0.19,
202402,212942,VEGETABLE CRISPS PACK 80-125G,102.79899999999999,0.22699999999999998,
202402,212943,YORKSHIRE PUDDING FROZEN,98.92399999999999,0.298,
202402,212944,SAUSAGE MEAT FREE CHILLED PACK,112.204,0.456,
202402,212945,HERBS DRIED JAR 3 - 20G,100.08200000000001,0.49,
202402,212946,SUNFLOW/PUMPK SDS PK 100-300G,100.045,0.121,
202402,213003,COFFEE-INSTANT 90 -100G JAR,106.094,0.88,
202402,213005,HOT CHOCOLATE DRINK INSTANT,103.251,0.23199999999999998,
202402,213006,COFFEE PODS PACK 8-16,96.69200000000001,0.341,
202402,213007,COFFEE SACHETS PACK,96.74700000000001,0.431,
202403,210102,LGE LOAF-WHTE-UNSLED-750-800G,100.41799999999999,0.42100000000000004,
202403,210106,SIX BREAD ROLLS-WHITE/BROWN,100.098,0.655,
202403,210111,WHITE SLICED LOAF BRANDED 750G,99.416,1.0290000000000001,
202403,210113,WHOLEMEAL SLICED LOAF BRANDED,99.288,0.7490000000000001,
202403,210114,CHILLED GARLIC BREAD,100.714,1.31,
202403,210115,WRAP / TORTILLA PACK 6-8,102.29899999999999,0.374,
202403,210116,GLUTEN FREE BREAD LF 300-550G,99.637,0.14,
202403,210201,FLOUR-SELF-RAISING-1.5KG,99.99,0.42,
202403,210204,DRY SPAGHETTI OR PASTA 500G,100.49799999999999,0.281,
202403,210211,CORN SNACK SINGLE PACK MAX 50G,99.70200000000001,0.838,
202403,210212,BASMATI RICE 500G-1KG,99.82700000000001,0.369,
202403,210213,BREAKFAST CEREAL 1,100.245,1.056,
202403,210214,BREAKFAST CEREAL 2,99.723,2.006,
202403,210215,CEREAL BAR,102.21799999999999,0.41200000000000003,
202403,210216,HOT OAT CEREAL,101.196,0.42200000000000004,
202403,210217,RICE MICRO POUCH/TRAY 220-280G,100.36399999999999,0.062,
202403,210219,BREAKFAST CEREAL GLUTEN FREE,102.036,0.21100000000000002,
202403,210221,COUSCOUS PLAIN/FLAVOURED,101.309,0.047,
202403,210222,RICE CAKES PACK 100-180G,100.649,0.154,
202403,210301,CREAM CRACKERS PACK 200G-300G,99.141,0.561,
202403,210302,PLAIN BISCUITS-200-300G,100.348,1.604,
202403,210320,WHOLE SPONGE CAKE NOT FROZEN,100.916,1.2830000000000001,
202403,210321,PACK OF 5-6 INDIVIDUAL CAKES,99.84100000000001,2.406,
202403,210323,BISCUITS HALF CHOC 260-400G,103.19200000000001,0.802,
202403,210324,CRUMPETS PACK 6-9 SPEC NUMBER,103.083,1.3630000000000002,
202403,210403,HOME KILLED BEEF-LEAN MINCE KG,99.68,0.78,
202403,210406,HOME KLD BEEF-RUMP/POPES STEAK,100.26100000000001,1.0659999999999998,
202403,210414,FROZEN BEEFBURGERS PACK OF 4,98.949,0.41600000000000004,
202403,210416,BEEF ROASTING JOINT PER KG,102.294,0.33799999999999997,
202403,210506,HK LAMB LOIN CHOP/STEAK PER KG,99.833,1.709,
202403,210707,HOME KILLED PORK CHOP/STEAK,98.891,1.157,
202403,210802,BACON-GAMMON-PER KG,100.03399999999999,0.402,
202403,210808,BACON-BACK-PER KG,100.243,1.83,
202403,210905,FRESH/CHILLED CHICKEN  PER KG,99.79899999999999,0.782,
202403,210910,FRESH BONELESS CHICKEN BREAST,98.949,1.787,
202403,210914,FRESH TURKEY DICED/MIN PER KG,99.757,0.223,
202403,211007,CANNED MEAT-STEWED STEAK,100.315,0.139,
202403,211011,INDIVIDUAL MEAT PIE,101.708,0.905,
202403,211014,SAUSAGES-PORK-PER KG,98.95100000000001,1.875,
202403,211019,FROZ CHICKEN NUGGETS 220-600G,96.325,0.696,
202403,211023,COOKED HAM PREPACKED SLICED,98.649,2.812,
202403,211024,CONTINENTAL SLICED DELI MEAT,101.898,0.937,
202403,211025,JOINT OV/READ GAM/POR 450-900G,100.012,0.139,
202403,211026,CHICKEN KIEV 2 PACK 240-325G,103.344,0.696,
202403,211027,H K LIVER PER KG STATE TYPE,109.70200000000001,0.201,
202403,211029,COOKED MEAT TURKEY/CHICK SLICE,99.258,0.335,
202403,211030,MEAT BASED SNACK PACK MAX 400G,100.085,0.835,
202403,211101,FRESH WHITE FISH FILLETS KG,100.226,0.36200000000000004,
202403,211105,FRESH FISH-SALMON FILLETS-KG,99.006,0.634,
202403,211106,FROZEN PRAWNS PER KG,94.568,0.914,
202403,211207,"CANNED FISH, TUNA, 130G-200G",99.26,1.0090000000000001,
202403,211210,FROZEN FISH FINGERS 8-12 PK,102.05799999999999,0.862,
202403,211211,FROZEN BREAD/BAT FISH 400-550G,99.43799999999999,0.231,
202403,211305,SPREADABLE BUTTER,98.001,0.489,
202403,211306,BUTTER 200-250G SPEC COO,98.87899999999999,0.434,
202403,211408,OLIVE OIL - 500ML - 1 LITRE,107.95700000000001,1.02,
202403,211409,"PEANUT BUTTER, JAR, 225-350G",97.98899999999999,0.166,
202403,211410,DAIRY SPREAD/MARGARINE,100.57,0.975,
202403,211411,DAIRY FREE SPREAD/MARGARINE,97.61,0.10400000000000001,
202403,211412,SPRAY OIL BOTTLE 190-220MLS,104.943,0.054000000000000006,
202403,211501,CHEDDAR-HOME PRODUCED PER KG,98.624,1.983,
202403,211506,"CHEESE SPREAD, 110G-200G TUB",97.22399999999999,0.7929999999999999,
202403,211509,HARD REGIONAL CHEESE PER KG,99.58,0.23800000000000002,
202403,211510,PARMESAN CHEESE-PER KG,97.35600000000001,0.436,
202403,211511,SOFT CONTINENTAL CHEESE - KG,97.119,0.516,
202403,211604,EGGS PER DOZEN OR 2 X 6 BOX,100.12299999999999,1.37,
202403,211707,DELVD MILK SEMI-SKIMMED PER PT,100.0,0.14800000000000002,
202403,211709,SHOP MILK-WHOLE MILK-4PT/2LTR,99.90700000000001,0.601,
202403,211710,MILK SEMI-PER 2 PINTS/1.136 L,99.87,2.1830000000000003,
202403,211713,"MILK FLAVOURED, 180-500MLS/GMS",90.186,0.282,
202403,211714,NON-DAIRY MILK DRINK 900ML-1LT,99.139,0.387,
202403,211807,"YOGHURT/FROMAGE 4-6PK, 45-125G",102.715,1.62,
202403,211808,CHILLED POT DESSERT 125-200G,99.91799999999999,0.986,
202403,211814,YOGHURT-SMALL INDIVIDUAL,99.649,0.504,
202403,211815,FRESH DOUBLE CREAM 250ML-300ML,100.245,0.563,
202403,211816,POWDERED BABY FORMULA 400-900G,97.47399999999999,0.376,
202403,211901,TEA BAGS PKT OF 80 (230G-250G),103.18799999999999,0.473,
202403,211904,TEA BAGS PACKET OF 210-240,103.18,0.141,
202403,211905,"FLAVRD TEA 15-20 BAGS, 30-40G",99.78,0.092,
202403,212001,"FRUIT SQUASH, 750ML - 1.5LT",99.50200000000001,0.8809999999999999,
202403,212006,FRUIT JUICE NOT ORANGE 1L,100.213,0.5870000000000001,
202403,212008,LEMONADE-2 LITRE BOTTLE,100.535,0.196,
202403,212010,MINERAL WATER STILL 1.5-2L,100.79799999999999,0.28300000000000003,
202403,212015,FIZZY ENERGY DRINK 250-500ML,103.2,1.274,
202403,212016,FRESH/CHILL ORANGE JUICE 900ML,104.101,0.8809999999999999,
202403,212017,FIZZY BOTTLED DRINK 500ML,100.15,1.568,
202403,212020,FRUIT DRINK BOTTLE 4-8 PACK,95.795,0.098,
202403,212021,BOTTLE STILL WATER 500ML,101.25299999999999,0.28300000000000003,
202403,212022,MIXER DRINK BOTTLE 1L EG TONIC,97.649,0.588,
202403,212023,COLA/FIZZY DRINK 330ML PK 4-8,100.816,0.392,
202403,212024,FLAVOURED WATER BOTT 900ML-1.5,105.54,0.34,
202403,212025,"COLA DRINK, REG,BOTTLE,1.25-2L",99.90799999999999,0.588,
202403,212026,"COLA DRINK, DIET 1.25-2LTR",99.045,0.882,
202403,212027,FRUIT/VEG SMOOTHIE,96.833,0.294,
202403,212101,SUGAR -GRANULATED-WHITE-PER KG,99.925,0.599,
202403,212106,JAR OF JAM-340-454G,97.023,0.6890000000000001,
202403,212107,HONEY JAR/BOTTLE 340G-454G,97.928,0.248,
202403,212202,MINTS,104.22,0.044000000000000004,
202403,212211,CHOCOLATE 4,102.867,0.7909999999999999,
202403,212214,FRUIT PASTILLES 2,108.925,0.44,
202403,212217,CHEWING/BUBBLE GUM-SINGLE PK,100.516,0.08800000000000001,
202403,212218,CARTON/BOX OF CHOCS 150-400GM,94.652,1.355,
202403,212222,CHOCOLATE 10,102.225,1.848,
202403,212223,BRAND CHOC SWEETS 90-185G BAG,105.788,0.616,
202403,212224,"SWEETS, NOT CHOC, 150-250G BAG",101.05,0.527,
202403,212225,CHOCOLATE LARGE BAR 100-200G,105.65299999999999,1.848,
202403,212226,CHOCOLATE 12,103.307,0.44,
202403,212228,MALTED CHOCOLATE SWEETS,104.475,0.044000000000000004,
202403,212309,POTATOES-NEW-PER KG,95.376,0.244,
202403,212310,POTATOES- OLD WHITE PER KG,110.978,0.59,
202403,212311,POTATOES- BAKING PR KG,102.03,0.183,
202403,212402,POTATO CRISPS 25G-50G,100.439,0.733,
202403,212404,POTATO CRISPS-MULTI-PACK,100.735,1.9369999999999998,
202403,212405,FROZEN CHIPS 900G-1.5KG,96.152,0.946,
202403,212408,PREMIUM POTATO CRISPS/CHIPS,97.671,0.47100000000000003,
202403,212409,P'PARED MASHED POTATO 400-650G,101.027,0.275,
202403,212504,FRESH VEG-CAULIFLOWER-EACH,102.838,0.419,
202403,212510,FRESH VEG-CUCUMBER-WHOLE,104.475,0.36,
202403,212511,FRESH VEG-LETTUCE-ICEBERG-EACH,108.449,0.3,
202403,212515,FRESH VEG-TOMATOES-PER KG,103.46,0.9590000000000001,
202403,212516,FRESH VEG-CABBAGE-WHOLE-PER KG,99.259,0.18,
202403,212518,FRESH VEG-CARROTS-PER KG,103.669,0.3,
202403,212519,FRESH VEG-ONIONS-PER KG,100.103,0.599,
202403,212520,FRESH VEG-MUSHROOMS-PER KG,99.91,0.479,
202403,212530,FRESH VEG-BROCCOLI-PER KG,100.995,0.24,
202403,212531,FRESH VEG-COURGETTE-PER KG,101.84899999999999,0.419,
202403,212532,FRESH VEG-PEPPERS -LOOSE OR KG,102.932,0.419,
202403,212533,VEGETABLE STIR FRY FRESH PACK,100.73200000000001,0.3,
202403,212535,SWEET POTATO PER KG OR EACH,102.48700000000001,0.26899999999999996,
202403,212536,GREEN BEANS PER KG OR PACK,99.802,0.24,
202403,212537,PREPACKED SALAD 75 - 250G,98.71700000000001,0.419,
202403,212601,CANNED TOMATOES 390-400G,99.49700000000001,0.281,
202403,212603,"BAKED BEANS, 400-425G TIN",97.994,0.35100000000000003,
202403,212608,CANNED SWEETCORN 198-340G,99.796,0.19699999999999998,
202403,212609,FROZEN GARDEN PEAS 800G-1KG,99.76799999999999,0.18899999999999997,
202403,212612,FROZEN PRE-PREPARED VEGTABLES,98.74,0.302,
202403,212613,PULSES CAN 390 - 420G,96.648,0.21100000000000002,
202403,212709,ORANGES-CLASS 1-EACH,98.40100000000001,0.304,
202403,212710,AVOCADO PEAR-EACH,105.725,0.5329999999999999,
202403,212712,KIWI FRUIT-EACH,100.03299999999999,0.228,
202403,212715,GRAPEFRUIT-EACH,105.117,0.228,
202403,212717,APPLES-DESSERT-PER KG,100.458,0.38,
202403,212718,PEARS-DESSERT-PER KG,101.314,0.228,
202403,212719,BANANAS-PER KG,99.93799999999999,0.8370000000000001,
202403,212720,STRAWBERRIES PER KG OR PUNNET,92.66799999999999,0.9890000000000001,
202403,212722,GRAPES-PER KG,98.802,0.685,
202403,212725,SMALL TYPE ORANGES PER PACK/KG,99.49,0.228,
202403,212726,PLUMS PER KG/PACK,105.839,0.5329999999999999,
202403,212730,FRUIT FRESH SNACKING 150-350G,100.71,0.38,
202403,212732,LEMON EACH,101.963,0.228,
202403,212733,BLUEBERRIES PUNNET OR PER KG,96.844,0.609,
202403,212734,RASPBERRIES PUNNET OR PER KG,97.228,0.456,
202403,212735,APPLES DESSERT EACH,101.04799999999999,0.38,
202403,212736,MELON EACH EG HONEYDEW,104.307,0.228,
202403,212737,PINEAPPLE EACH,99.662,0.152,
202403,212806,PACKET OF PEANUTS 150-300G,102.181,1.084,
202403,212807,CANNED FRUIT-400-450G,102.384,0.251,
202403,212808,DRIED FRUIT - EG APRICOTS,101.19200000000001,0.374,
202403,212809,BERRIES FROZEN PACK,98.568,0.14300000000000002,
202403,212905,VEGETABLE PICKLE 280-520G,100.02600000000001,0.091,
202403,212910,CANNED SOUP-390-425G,95.10700000000001,0.547,
202403,212917,TOMATO KETCHUP BOTTLE 340-570G,101.266,0.5870000000000001,
202403,212918,FRZN READY-COOKD MEAL SERVES 1,98.345,0.28600000000000003,
202403,212923,COOK-IN SAUCE-JAR/CAN 350-520G,96.975,0.8809999999999999,
202403,212928,FROZ VEG BURGER/GRILL 180-454G,107.899,0.365,
202403,212930,MAYONNAISE 390-500G/420-540MLS,100.955,0.49,
202403,212933,ICE CREAM 450ML-1L,100.992,0.965,
202403,212934,DRIED POTTED SNACK 50-120G,98.199,0.508,
202403,212936,CHILLED READY MEAL-MEAT-SERVS1,100.87100000000001,0.743,
202403,212937,CHILLED READY MEAL-FISH/VEG,100.834,0.628,
202403,212938,CHOCOLATE COVERED ICE CREAM,98.04299999999999,1.207,
202403,212939,CHILLED PIZZA EACH 300-600G,100.88799999999999,0.948,
202403,212940,PROTEIN POWDER 900G-2KG,96.095,0.27399999999999997,
202403,212941,QUICHE 340G-450G,100.126,0.19,
202403,212942,VEGETABLE CRISPS PACK 80-125G,107.259,0.22699999999999998,
202403,212943,YORKSHIRE PUDDING FROZEN,97.67299999999999,0.298,
202403,212944,SAUSAGE MEAT FREE CHILLED PACK,108.89299999999999,0.456,
202403,212945,HERBS DRIED JAR 3 - 20G,100.789,0.49,
202403,212946,SUNFLOW/PUMPK SDS PK 100-300G,100.01700000000001,0.121,
202403,213003,COFFEE-INSTANT 90 -100G JAR,101.781,0.88,
202403,213005,HOT CHOCOLATE DRINK INSTANT,103.579,0.23199999999999998,
202403,213006,COFFEE PODS PACK 8-16,100.446,0.341,
202403,213007,COFFEE SACHETS PACK,103.105,0.431,
202404,210102,LGE LOAF-WHTE-UNSLED-750-800G,101.066,0.42100000000000004,
202404,210106,SIX BREAD ROLLS-WHITE/BROWN,100.432,0.655,
202404,210111,WHITE SLICED LOAF BRANDED 750G,99.929,1.0290000000000001,
202404,210113,WHOLEMEAL SLICED LOAF BRANDED,99.35,0.7490000000000001,
202404,210114,CHILLED GARLIC BREAD,99.697,1.31,
202404,210115,WRAP / TORTILLA PACK 6-8,104.085,0.374,
202404,210116,GLUTEN FREE BREAD LF 300-550G,98.912,0.14,
202404,210201,FLOUR-SELF-RAISING-1.5KG,99.915,0.42,
202404,210204,DRY SPAGHETTI OR PASTA 500G,101.49700000000001,0.281,
202404,210211,CORN SNACK SINGLE PACK MAX 50G,99.9,0.838,
202404,210212,BASMATI RICE 500G-1KG,100.01299999999999,0.369,
202404,210213,BREAKFAST CEREAL 1,105.99,1.056,
202404,210214,BREAKFAST CEREAL 2,100.022,2.006,
202404,210215,CEREAL BAR,101.45200000000001,0.41200000000000003,
202404,210216,HOT OAT CEREAL,99.48,0.42200000000000004,
202404,210217,RICE MICRO POUCH/TRAY 220-280G,102.169,0.062,
202404,210219,BREAKFAST CEREAL GLUTEN FREE,101.979,0.21100000000000002,
202404,210221,COUSCOUS PLAIN/FLAVOURED,102.90899999999999,0.047,
202404,210222,RICE CAKES PACK 100-180G,96.052,0.154,
202404,210301,CREAM CRACKERS PACK 200G-300G,99.27799999999999,0.561,
202404,210302,PLAIN BISCUITS-200-300G,99.375,1.604,
202404,210320,WHOLE SPONGE CAKE NOT FROZEN,101.226,1.2830000000000001,
202404,210321,PACK OF 5-6 INDIVIDUAL CAKES,97.911,2.406,
202404,210323,BISCUITS HALF CHOC 260-400G,106.34700000000001,0.802,
202404,210324,CRUMPETS PACK 6-9 SPEC NUMBER,103.13799999999999,1.3630000000000002,
202404,210403,HOME KILLED BEEF-LEAN MINCE KG,99.926,0.78,
202404,210406,HOME KLD BEEF-RUMP/POPES STEAK,100.12799999999999,1.0659999999999998,
202404,210414,FROZEN BEEFBURGERS PACK OF 4,100.211,0.41600000000000004,
202404,210416,BEEF ROASTING JOINT PER KG,102.661,0.33799999999999997,
202404,210506,HK LAMB LOIN CHOP/STEAK PER KG,104.21600000000001,1.709,
202404,210707,HOME KILLED PORK CHOP/STEAK,100.454,1.157,
202404,210802,BACON-GAMMON-PER KG,100.49799999999999,0.402,
202404,210808,BACON-BACK-PER KG,99.92299999999999,1.83,
202404,210905,FRESH/CHILLED CHICKEN  PER KG,100.68799999999999,0.782,
202404,210910,FRESH BONELESS CHICKEN BREAST,99.08200000000001,1.787,
202404,210914,FRESH TURKEY DICED/MIN PER KG,99.79799999999999,0.223,
202404,211007,CANNED MEAT-STEWED STEAK,101.78399999999999,0.139,
202404,211011,INDIVIDUAL MEAT PIE,102.721,0.905,
202404,211014,SAUSAGES-PORK-PER KG,98.31,1.875,
202404,211019,FROZ CHICKEN NUGGETS 220-600G,99.565,0.696,
202404,211023,COOKED HAM PREPACKED SLICED,98.845,2.812,
202404,211024,CONTINENTAL SLICED DELI MEAT,99.531,0.937,
202404,211025,JOINT OV/READ GAM/POR 450-900G,100.00399999999999,0.139,
202404,211026,CHICKEN KIEV 2 PACK 240-325G,101.569,0.696,
202404,211027,H K LIVER PER KG STATE TYPE,109.973,0.201,
202404,211029,COOKED MEAT TURKEY/CHICK SLICE,99.791,0.335,
202404,211030,MEAT BASED SNACK PACK MAX 400G,100.00200000000001,0.835,
202404,211101,FRESH WHITE FISH FILLETS KG,99.762,0.36200000000000004,
202404,211105,FRESH FISH-SALMON FILLETS-KG,99.738,0.634,
202404,211106,FROZEN PRAWNS PER KG,97.32799999999999,0.914,
202404,211207,"CANNED FISH, TUNA, 130G-200G",100.743,1.0090000000000001,
202404,211210,FROZEN FISH FINGERS 8-12 PK,100.145,0.862,
202404,211211,FROZEN BREAD/BAT FISH 400-550G,100.62100000000001,0.231,
202404,211305,SPREADABLE BUTTER,99.727,0.489,
202404,211306,BUTTER 200-250G SPEC COO,100.961,0.434,
202404,211408,OLIVE OIL - 500ML - 1 LITRE,113.604,1.02,
202404,211409,"PEANUT BUTTER, JAR, 225-350G",93.09299999999999,0.166,
202404,211410,DAIRY SPREAD/MARGARINE,100.436,0.975,
202404,211411,DAIRY FREE SPREAD/MARGARINE,100.735,0.10400000000000001,
202404,211412,SPRAY OIL BOTTLE 190-220MLS,106.92299999999999,0.054000000000000006,
202404,211501,CHEDDAR-HOME PRODUCED PER KG,99.47399999999999,1.983,
202404,211506,"CHEESE SPREAD, 110G-200G TUB",96.35799999999999,0.7929999999999999,
202404,211509,HARD REGIONAL CHEESE PER KG,99.47399999999999,0.23800000000000002,
202404,211510,PARMESAN CHEESE-PER KG,99.661,0.436,
202404,211511,SOFT CONTINENTAL CHEESE - KG,97.749,0.516,
202404,211604,EGGS PER DOZEN OR 2 X 6 BOX,100.241,1.37,
202404,211707,DELVD MILK SEMI-SKIMMED PER PT,100.459,0.14800000000000002,
202404,211709,SHOP MILK-WHOLE MILK-4PT/2LTR,99.82600000000001,0.601,
202404,211710,MILK SEMI-PER 2 PINTS/1.136 L,100.027,2.1830000000000003,
202404,211713,"MILK FLAVOURED, 180-500MLS/GMS",97.272,0.282,
202404,211714,NON-DAIRY MILK DRINK 900ML-1LT,97.67299999999999,0.387,
202404,211807,"YOGHURT/FROMAGE 4-6PK, 45-125G",100.795,1.62,
202404,211808,CHILLED POT DESSERT 125-200G,99.946,0.986,
202404,211814,YOGHURT-SMALL INDIVIDUAL,98.601,0.504,
202404,211815,FRESH DOUBLE CREAM 250ML-300ML,99.292,0.563,
202404,211816,POWDERED BABY FORMULA 400-900G,95.766,0.376,
202404,211901,TEA BAGS PKT OF 80 (230G-250G),101.755,0.473,
202404,211904,TEA BAGS PACKET OF 210-240,102.885,0.141,
202404,211905,"FLAVRD TEA 15-20 BAGS, 30-40G",102.324,0.092,
202404,212001,"FRUIT SQUASH, 750ML - 1.5LT",93.34700000000001,0.8809999999999999,
202404,212006,FRUIT JUICE NOT ORANGE 1L,103.52,0.5870000000000001,
202404,212008,LEMONADE-2 LITRE BOTTLE,99.525,0.196,
202404,212010,MINERAL WATER STILL 1.5-2L,101.755,0.28300000000000003,
202404,212015,FIZZY ENERGY DRINK 250-500ML,103.506,1.274,
202404,212016,FRESH/CHILL ORANGE JUICE 900ML,103.167,0.8809999999999999,
202404,212017,FIZZY BOTTLED DRINK 500ML,100.538,1.568,
202404,212020,FRUIT DRINK BOTTLE 4-8 PACK,103.37299999999999,0.098,
202404,212021,BOTTLE STILL WATER 500ML,100.905,0.28300000000000003,
202404,212022,MIXER DRINK BOTTLE 1L EG TONIC,97.656,0.588,
202404,212023,COLA/FIZZY DRINK 330ML PK 4-8,103.057,0.392,
202404,212024,FLAVOURED WATER BOTT 900ML-1.5,107.335,0.34,
202404,212025,"COLA DRINK, REG,BOTTLE,1.25-2L",98.772,0.588,
202404,212026,"COLA DRINK, DIET 1.25-2LTR",98.193,0.882,
202404,212027,FRUIT/VEG SMOOTHIE,94.244,0.294,
202404,212101,SUGAR -GRANULATED-WHITE-PER KG,100.066,0.599,
202404,212106,JAR OF JAM-340-454G,98.006,0.6890000000000001,
202404,212107,HONEY JAR/BOTTLE 340G-454G,94.744,0.248,
202404,212202,MINTS,103.928,0.044000000000000004,
202404,212211,CHOCOLATE 4,101.459,0.7909999999999999,
202404,212214,FRUIT PASTILLES 2,110.448,0.44,
202404,212217,CHEWING/BUBBLE GUM-SINGLE PK,100.93799999999999,0.08800000000000001,
202404,212218,CARTON/BOX OF CHOCS 150-400GM,100.587,1.355,
202404,212222,CHOCOLATE 10,102.49,1.848,
202404,212223,BRAND CHOC SWEETS 90-185G BAG,102.895,0.616,
202404,212224,"SWEETS, NOT CHOC, 150-250G BAG",101.529,0.527,
202404,212225,CHOCOLATE LARGE BAR 100-200G,106.81,1.848,
202404,212226,CHOCOLATE 12,104.448,0.44,
202404,212228,MALTED CHOCOLATE SWEETS,104.249,0.044000000000000004,
202404,212309,POTATOES-NEW-PER KG,101.926,0.244,
202404,212310,POTATOES- OLD WHITE PER KG,118.82600000000001,0.59,
202404,212311,POTATOES- BAKING PR KG,105.523,0.183,
202404,212402,POTATO CRISPS 25G-50G,100.569,0.733,
202404,212404,POTATO CRISPS-MULTI-PACK,100.11,1.9369999999999998,
202404,212405,FROZEN CHIPS 900G-1.5KG,97.804,0.946,
202404,212408,PREMIUM POTATO CRISPS/CHIPS,95.041,0.47100000000000003,
202404,212409,P'PARED MASHED POTATO 400-650G,100.007,0.275,
202404,212504,FRESH VEG-CAULIFLOWER-EACH,104.801,0.419,
202404,212510,FRESH VEG-CUCUMBER-WHOLE,101.87200000000001,0.36,
202404,212511,FRESH VEG-LETTUCE-ICEBERG-EACH,108.93299999999999,0.3,
202404,212515,FRESH VEG-TOMATOES-PER KG,101.791,0.9590000000000001,
202404,212516,FRESH VEG-CABBAGE-WHOLE-PER KG,101.791,0.18,
202404,212518,FRESH VEG-CARROTS-PER KG,104.066,0.3,
202404,212519,FRESH VEG-ONIONS-PER KG,98.823,0.599,
202404,212520,FRESH VEG-MUSHROOMS-PER KG,99.399,0.479,
202404,212530,FRESH VEG-BROCCOLI-PER KG,100.471,0.24,
202404,212531,FRESH VEG-COURGETTE-PER KG,101.794,0.419,
202404,212532,FRESH VEG-PEPPERS -LOOSE OR KG,106.353,0.419,
202404,212533,VEGETABLE STIR FRY FRESH PACK,100.527,0.3,
202404,212535,SWEET POTATO PER KG OR EACH,104.31,0.26899999999999996,
202404,212536,GREEN BEANS PER KG OR PACK,100.445,0.24,
202404,212537,PREPACKED SALAD 75 - 250G,98.954,0.419,
202404,212601,CANNED TOMATOES 390-400G,102.165,0.281,
202404,212603,"BAKED BEANS, 400-425G TIN",98.156,0.35100000000000003,
202404,212608,CANNED SWEETCORN 198-340G,99.882,0.19699999999999998,
202404,212609,FROZEN GARDEN PEAS 800G-1KG,102.16,0.18899999999999997,
202404,212612,FROZEN PRE-PREPARED VEGTABLES,99.10600000000001,0.302,
202404,212613,PULSES CAN 390 - 420G,95.37799999999999,0.21100000000000002,
202404,212709,ORANGES-CLASS 1-EACH,97.441,0.304,
202404,212710,AVOCADO PEAR-EACH,106.934,0.5329999999999999,
202404,212712,KIWI FRUIT-EACH,97.805,0.228,
202404,212715,GRAPEFRUIT-EACH,102.39200000000001,0.228,
202404,212717,APPLES-DESSERT-PER KG,101.708,0.38,
202404,212718,PEARS-DESSERT-PER KG,101.303,0.228,
202404,212719,BANANAS-PER KG,100.006,0.8370000000000001,
202404,212720,STRAWBERRIES PER KG OR PUNNET,90.6,0.9890000000000001,
202404,212722,GRAPES-PER KG,99.182,0.685,
202404,212725,SMALL TYPE ORANGES PER PACK/KG,100.355,0.228,
202404,212726,PLUMS PER KG/PACK,105.67299999999999,0.5329999999999999,
202404,212730,FRUIT FRESH SNACKING 150-350G,101.072,0.38,
202404,212732,LEMON EACH,101.206,0.228,
202404,212733,BLUEBERRIES PUNNET OR PER KG,95.133,0.609,
202404,212734,RASPBERRIES PUNNET OR PER KG,96.469,0.456,
202404,212735,APPLES DESSERT EACH,101.978,0.38,
202404,212736,MELON EACH EG HONEYDEW,103.823,0.228,
202404,212737,PINEAPPLE EACH,103.294,0.152,
202404,212806,PACKET OF PEANUTS 150-300G,101.713,1.084,
202404,212807,CANNED FRUIT-400-450G,101.647,0.251,
202404,212808,DRIED FRUIT - EG APRICOTS,100.958,0.374,
202404,212809,BERRIES FROZEN PACK,99.39,0.14300000000000002,
202404,212905,VEGETABLE PICKLE 280-520G,101.054,0.091,
202404,212910,CANNED SOUP-390-425G,96.085,0.547,
202404,212917,TOMATO KETCHUP BOTTLE 340-570G,101.98,0.5870000000000001,
202404,212918,FRZN READY-COOKD MEAL SERVES 1,99.686,0.28600000000000003,
202404,212923,COOK-IN SAUCE-JAR/CAN 350-520G,96.78399999999999,0.8809999999999999,
202404,212928,FROZ VEG BURGER/GRILL 180-454G,103.58200000000001,0.365,
202404,212930,MAYONNAISE 390-500G/420-540MLS,99.605,0.49,
202404,212933,ICE CREAM 450ML-1L,99.905,0.965,
202404,212934,DRIED POTTED SNACK 50-120G,99.71700000000001,0.508,
202404,212936,CHILLED READY MEAL-MEAT-SERVS1,101.177,0.743,
202404,212937,CHILLED READY MEAL-FISH/VEG,101.17299999999999,0.628,
202404,212938,CHOCOLATE COVERED ICE CREAM,99.834,1.207,
202404,212939,CHILLED PIZZA EACH 300-600G,102.649,0.948,
202404,212940,PROTEIN POWDER 900G-2KG,93.51100000000001,0.27399999999999997,
202404,212941,QUICHE 340G-450G,98.65299999999999,0.19,
202404,212942,VEGETABLE CRISPS PACK 80-125G,101.45299999999999,0.22699999999999998,
202404,212943,YORKSHIRE PUDDING FROZEN,100.815,0.298,
202404,212944,SAUSAGE MEAT FREE CHILLED PACK,106.92200000000001,0.456,
202404,212945,HERBS DRIED JAR 3 - 20G,101.024,0.49,
202404,212946,SUNFLOW/PUMPK SDS PK 100-300G,100.929,0.121,
202404,213003,COFFEE-INSTANT 90 -100G JAR,106.939,0.88,
202404,213005,HOT CHOCOLATE DRINK INSTANT,107.00299999999999,0.23199999999999998,
202404,213006,COFFEE PODS PACK 8-16,100.223,0.341,
202404,213007,COFFEE SACHETS PACK,100.93799999999999,0.431,
202405,210102,LGE LOAF-WHTE-UNSLED-750-800G,100.984,0.42100000000000004,
202405,210106,SIX BREAD ROLLS-WHITE/BROWN,99.242,0.655,
202405,210111,WHITE SLICED LOAF BRANDED 750G,99.51899999999999,1.0290000000000001,
202405,210113,WHOLEMEAL SLICED LOAF BRANDED,99.82700000000001,0.7490000000000001,
202405,210114,CHILLED GARLIC BREAD,101.07600000000001,1.31,
202405,210115,WRAP / TORTILLA PACK 6-8,104.221,0.374,
202405,210116,GLUTEN FREE BREAD LF 300-550G,99.7,0.14,
202405,210201,FLOUR-SELF-RAISING-1.5KG,100.01700000000001,0.42,
202405,210204,DRY SPAGHETTI OR PASTA 500G,99.28399999999999,0.281,
202405,210211,CORN SNACK SINGLE PACK MAX 50G,100.65799999999999,0.838,
202405,210212,BASMATI RICE 500G-1KG,99.24700000000001,0.369,
202405,210213,BREAKFAST CEREAL 1,100.822,1.056,
202405,210214,BREAKFAST CEREAL 2,99.631,2.006,
202405,210215,CEREAL BAR,100.251,0.41200000000000003,
202405,210216,HOT OAT CEREAL,96.306,0.42200000000000004,
202405,210217,RICE MICRO POUCH/TRAY 220-280G,100.148,0.062,
202405,210219,BREAKFAST CEREAL GLUTEN FREE,99.21700000000001,0.21100000000000002,
202405,210221,COUSCOUS PLAIN/FLAVOURED,98.704,0.047,
202405,210222,RICE CAKES PACK 100-180G,96.645,0.154,
202405,210301,CREAM CRACKERS PACK 200G-300G,99.137,0.561,
202405,210302,PLAIN BISCUITS-200-300G,99.257,1.604,
202405,210320,WHOLE SPONGE CAKE NOT FROZEN,98.803,1.2830000000000001,
202405,210321,PACK OF 5-6 INDIVIDUAL CAKES,97.736,2.406,
202405,210323,BISCUITS HALF CHOC 260-400G,100.891,0.802,
202405,210324,CRUMPETS PACK 6-9 SPEC NUMBER,103.0,1.3630000000000002,
202405,210403,HOME KILLED BEEF-LEAN MINCE KG,99.96700000000001,0.78,
202405,210406,HOME KLD BEEF-RUMP/POPES STEAK,99.288,1.0659999999999998,
202405,210414,FROZEN BEEFBURGERS PACK OF 4,99.095,0.41600000000000004,
202405,210416,BEEF ROASTING JOINT PER KG,103.53200000000001,0.33799999999999997,
202405,210506,HK LAMB LOIN CHOP/STEAK PER KG,107.58200000000001,1.709,
202405,210707,HOME KILLED PORK CHOP/STEAK,99.40899999999999,1.157,
202405,210802,BACON-GAMMON-PER KG,100.383,0.402,
202405,210808,BACON-BACK-PER KG,99.723,1.83,
202405,210905,FRESH/CHILLED CHICKEN  PER KG,100.088,0.782,
202405,210910,FRESH BONELESS CHICKEN BREAST,97.749,1.787,
202405,210914,FRESH TURKEY DICED/MIN PER KG,101.156,0.223,
202405,211007,CANNED MEAT-STEWED STEAK,101.63,0.139,
202405,211011,INDIVIDUAL MEAT PIE,100.303,0.905,
202405,211014,SAUSAGES-PORK-PER KG,99.06200000000001,1.875,
202405,211019,FROZ CHICKEN NUGGETS 220-600G,101.015,0.696,
202405,211023,COOKED HAM PREPACKED SLICED,98.478,2.812,
202405,211024,CONTINENTAL SLICED DELI MEAT,101.932,0.937,
202405,211025,JOINT OV/READ GAM/POR 450-900G,100.35,0.139,
202405,211026,CHICKEN KIEV 2 PACK 240-325G,105.485,0.696,
202405,211027,H K LIVER PER KG STATE TYPE,114.479,0.201,
202405,211029,COOKED MEAT TURKEY/CHICK SLICE,100.584,0.335,
202405,211030,MEAT BASED SNACK PACK MAX 400G,100.307,0.835,
202405,211101,FRESH WHITE FISH FILLETS KG,100.27,0.36200000000000004,
202405,211105,FRESH FISH-SALMON FILLETS-KG,100.523,0.634,
202405,211106,FROZEN PRAWNS PER KG,97.757,0.914,
202405,211207,"CANNED FISH, TUNA, 130G-200G",96.897,1.0090000000000001,
202405,211210,FROZEN FISH FINGERS 8-12 PK,103.738,0.862,
202405,211211,FROZEN BREAD/BAT FISH 400-550G,98.70100000000001,0.231,
202405,211305,SPREADABLE BUTTER,102.134,0.489,
202405,211306,BUTTER 200-250G SPEC COO,101.56700000000001,0.434,
202405,211408,OLIVE OIL - 500ML - 1 LITRE,115.4,1.02,
202405,211409,"PEANUT BUTTER, JAR, 225-350G",93.632,0.166,
202405,211410,DAIRY SPREAD/MARGARINE,102.75,0.975,
202405,211411,DAIRY FREE SPREAD/MARGARINE,96.17,0.10400000000000001,
202405,211412,SPRAY OIL BOTTLE 190-220MLS,107.185,0.054000000000000006,
202405,211501,CHEDDAR-HOME PRODUCED PER KG,98.868,1.983,
202405,211506,"CHEESE SPREAD, 110G-200G TUB",97.70700000000001,0.7929999999999999,
202405,211509,HARD REGIONAL CHEESE PER KG,98.751,0.23800000000000002,
202405,211510,PARMESAN CHEESE-PER KG,100.806,0.436,
202405,211511,SOFT CONTINENTAL CHEESE - KG,95.802,0.516,
202405,211604,EGGS PER DOZEN OR 2 X 6 BOX,100.95200000000001,1.37,
202405,211707,DELVD MILK SEMI-SKIMMED PER PT,100.459,0.14800000000000002,
202405,211709,SHOP MILK-WHOLE MILK-4PT/2LTR,100.14299999999999,0.601,
202405,211710,MILK SEMI-PER 2 PINTS/1.136 L,100.68299999999999,2.1830000000000003,
202405,211713,"MILK FLAVOURED, 180-500MLS/GMS",102.546,0.282,
202405,211714,NON-DAIRY MILK DRINK 900ML-1LT,100.69200000000001,0.387,
202405,211807,"YOGHURT/FROMAGE 4-6PK, 45-125G",102.682,1.62,
202405,211808,CHILLED POT DESSERT 125-200G,100.71,0.986,
202405,211814,YOGHURT-SMALL INDIVIDUAL,100.95100000000001,0.504,
202405,211815,FRESH DOUBLE CREAM 250ML-300ML,99.23899999999999,0.563,
202405,211816,POWDERED BABY FORMULA 400-900G,96.74700000000001,0.376,
202405,211901,TEA BAGS PKT OF 80 (230G-250G),103.57799999999999,0.473,
202405,211904,TEA BAGS PACKET OF 210-240,103.47200000000001,0.141,
202405,211905,"FLAVRD TEA 15-20 BAGS, 30-40G",101.365,0.092,
202405,212001,"FRUIT SQUASH, 750ML - 1.5LT",98.01799999999999,0.8809999999999999,
202405,212006,FRUIT JUICE NOT ORANGE 1L,102.461,0.5870000000000001,
202405,212008,LEMONADE-2 LITRE BOTTLE,100.213,0.196,
202405,212010,MINERAL WATER STILL 1.5-2L,99.728,0.28300000000000003,
202405,212015,FIZZY ENERGY DRINK 250-500ML,104.124,1.274,
202405,212016,FRESH/CHILL ORANGE JUICE 900ML,100.825,0.8809999999999999,
202405,212017,FIZZY BOTTLED DRINK 500ML,100.57700000000001,1.568,
202405,212020,FRUIT DRINK BOTTLE 4-8 PACK,92.24799999999999,0.098,
202405,212021,BOTTLE STILL WATER 500ML,100.76799999999999,0.28300000000000003,
202405,212022,MIXER DRINK BOTTLE 1L EG TONIC,96.348,0.588,
202405,212023,COLA/FIZZY DRINK 330ML PK 4-8,98.514,0.392,
202405,212024,FLAVOURED WATER BOTT 900ML-1.5,103.535,0.34,
202405,212025,"COLA DRINK, REG,BOTTLE,1.25-2L",99.586,0.588,
202405,212026,"COLA DRINK, DIET 1.25-2LTR",96.704,0.882,
202405,212027,FRUIT/VEG SMOOTHIE,103.07799999999999,0.294,
202405,212101,SUGAR -GRANULATED-WHITE-PER KG,100.084,0.599,
202405,212106,JAR OF JAM-340-454G,98.56200000000001,0.6890000000000001,
202405,212107,HONEY JAR/BOTTLE 340G-454G,95.5,0.248,
202405,212202,MINTS,99.99799999999999,0.044000000000000004,
202405,212211,CHOCOLATE 4,100.98700000000001,0.7909999999999999,
202405,212214,FRUIT PASTILLES 2,107.32700000000001,0.44,
202405,212217,CHEWING/BUBBLE GUM-SINGLE PK,101.15700000000001,0.08800000000000001,
202405,212218,CARTON/BOX OF CHOCS 150-400GM,99.024,1.355,
202405,212222,CHOCOLATE 10,98.72,1.848,
202405,212223,BRAND CHOC SWEETS 90-185G BAG,106.98200000000001,0.616,
202405,212224,"SWEETS, NOT CHOC, 150-250G BAG",98.999,0.527,
202405,212225,CHOCOLATE LARGE BAR 100-200G,106.133,1.848,
202405,212226,CHOCOLATE 12,102.958,0.44,
202405,212228,MALTED CHOCOLATE SWEETS,102.736,0.044000000000000004,
202405,212309,POTATOES-NEW-PER KG,104.514,0.244,
202405,212310,POTATOES- OLD WHITE PER KG,118.66,0.59,
202405,212311,POTATOES- BAKING PR KG,106.985,0.183,
202405,212402,POTATO CRISPS 25G-50G,100.53299999999999,0.733,
202405,212404,POTATO CRISPS-MULTI-PACK,97.85600000000001,1.9369999999999998,
202405,212405,FROZEN CHIPS 900G-1.5KG,98.586,0.946,
202405,212408,PREMIUM POTATO CRISPS/CHIPS,92.479,0.47100000000000003,
202405,212409,P'PARED MASHED POTATO 400-650G,99.575,0.275,
202405,212504,FRESH VEG-CAULIFLOWER-EACH,108.69,0.419,
202405,212510,FRESH VEG-CUCUMBER-WHOLE,104.001,0.36,
202405,212511,FRESH VEG-LETTUCE-ICEBERG-EACH,110.25,0.3,
202405,212515,FRESH VEG-TOMATOES-PER KG,99.53299999999999,0.9590000000000001,
202405,212516,FRESH VEG-CABBAGE-WHOLE-PER KG,101.99,0.18,
202405,212518,FRESH VEG-CARROTS-PER KG,105.068,0.3,
202405,212519,FRESH VEG-ONIONS-PER KG,98.596,0.599,
202405,212520,FRESH VEG-MUSHROOMS-PER KG,99.208,0.479,
202405,212530,FRESH VEG-BROCCOLI-PER KG,100.65299999999999,0.24,
202405,212531,FRESH VEG-COURGETTE-PER KG,100.571,0.419,
202405,212532,FRESH VEG-PEPPERS -LOOSE OR KG,104.134,0.419,
202405,212533,VEGETABLE STIR FRY FRESH PACK,101.455,0.3,
202405,212535,SWEET POTATO PER KG OR EACH,104.695,0.26899999999999996,
202405,212536,GREEN BEANS PER KG OR PACK,98.445,0.24,
202405,212537,PREPACKED SALAD 75 - 250G,98.912,0.419,
202405,212601,CANNED TOMATOES 390-400G,99.162,0.281,
202405,212603,"BAKED BEANS, 400-425G TIN",92.09200000000001,0.35100000000000003,
202405,212608,CANNED SWEETCORN 198-340G,98.684,0.19699999999999998,
202405,212609,FROZEN GARDEN PEAS 800G-1KG,103.01799999999999,0.18899999999999997,
202405,212612,FROZEN PRE-PREPARED VEGTABLES,98.771,0.302,
202405,212613,PULSES CAN 390 - 420G,93.715,0.21100000000000002,
202405,212709,ORANGES-CLASS 1-EACH,97.464,0.304,
202405,212710,AVOCADO PEAR-EACH,105.354,0.5329999999999999,
202405,212712,KIWI FRUIT-EACH,100.24799999999999,0.228,
202405,212715,GRAPEFRUIT-EACH,105.594,0.228,
202405,212717,APPLES-DESSERT-PER KG,103.80799999999999,0.38,
202405,212718,PEARS-DESSERT-PER KG,105.55799999999999,0.228,
202405,212719,BANANAS-PER KG,100.04299999999999,0.8370000000000001,
202405,212720,STRAWBERRIES PER KG OR PUNNET,87.258,0.9890000000000001,
202405,212722,GRAPES-PER KG,97.851,0.685,
202405,212725,SMALL TYPE ORANGES PER PACK/KG,99.243,0.228,
202405,212726,PLUMS PER KG/PACK,107.19200000000001,0.5329999999999999,
202405,212730,FRUIT FRESH SNACKING 150-350G,100.895,0.38,
202405,212732,LEMON EACH,102.387,0.228,
202405,212733,BLUEBERRIES PUNNET OR PER KG,94.256,0.609,
202405,212734,RASPBERRIES PUNNET OR PER KG,96.667,0.456,
202405,212735,APPLES DESSERT EACH,102.897,0.38,
202405,212736,MELON EACH EG HONEYDEW,103.155,0.228,
202405,212737,PINEAPPLE EACH,102.274,0.152,
202405,212806,PACKET OF PEANUTS 150-300G,104.19,1.084,
202405,212807,CANNED FRUIT-400-450G,100.53299999999999,0.251,
202405,212808,DRIED FRUIT - EG APRICOTS,101.336,0.374,
202405,212809,BERRIES FROZEN PACK,99.37299999999999,0.14300000000000002,
202405,212905,VEGETABLE PICKLE 280-520G,99.975,0.091,
202405,212910,CANNED SOUP-390-425G,96.805,0.547,
202405,212917,TOMATO KETCHUP BOTTLE 340-570G,99.185,0.5870000000000001,
202405,212918,FRZN READY-COOKD MEAL SERVES 1,99.146,0.28600000000000003,
202405,212923,COOK-IN SAUCE-JAR/CAN 350-520G,97.895,0.8809999999999999,
202405,212928,FROZ VEG BURGER/GRILL 180-454G,101.866,0.365,
202405,212930,MAYONNAISE 390-500G/420-540MLS,97.178,0.49,
202405,212933,ICE CREAM 450ML-1L,98.656,0.965,
202405,212934,DRIED POTTED SNACK 50-120G,103.39399999999999,0.508,
202405,212936,CHILLED READY MEAL-MEAT-SERVS1,101.39200000000001,0.743,
202405,212937,CHILLED READY MEAL-FISH/VEG,100.68700000000001,0.628,
202405,212938,CHOCOLATE COVERED ICE CREAM,92.838,1.207,
202405,212939,CHILLED PIZZA EACH 300-600G,99.39299999999999,0.948,
202405,212940,PROTEIN POWDER 900G-2KG,94.96799999999999,0.27399999999999997,
202405,212941,QUICHE 340G-450G,100.103,0.19,
202405,212942,VEGETABLE CRISPS PACK 80-125G,104.775,0.22699999999999998,
202405,212943,YORKSHIRE PUDDING FROZEN,100.57700000000001,0.298,
202405,212944,SAUSAGE MEAT FREE CHILLED PACK,112.852,0.456,
202405,212945,HERBS DRIED JAR 3 - 20G,99.70299999999999,0.49,
202405,212946,SUNFLOW/PUMPK SDS PK 100-300G,100.49600000000001,0.121,
202405,213003,COFFEE-INSTANT 90 -100G JAR,99.54700000000001,0.88,
202405,213005,HOT CHOCOLATE DRINK INSTANT,108.016,0.23199999999999998,
202405,213006,COFFEE PODS PACK 8-16,101.661,0.341,
202405,213007,COFFEE SACHETS PACK,100.205,0.431,
202406,210102,LGE LOAF-WHTE-UNSLED-750-800G,101.352,0.42100000000000004,
202406,210106,SIX BREAD ROLLS-WHITE/BROWN,99.50399999999999,0.655,
202406,210111,WHITE SLICED LOAF BRANDED 750G,99.251,1.0290000000000001,
202406,210113,WHOLEMEAL SLICED LOAF BRANDED,99.904,0.7490000000000001,
202406,210114,CHILLED GARLIC BREAD,101.635,1.31,
202406,210115,WRAP / TORTILLA PACK 6-8,104.59899999999999,0.374,
202406,210116,GLUTEN FREE BREAD LF 300-550G,100.00200000000001,0.14,
202406,210201,FLOUR-SELF-RAISING-1.5KG,99.825,0.42,
202406,210204,DRY SPAGHETTI OR PASTA 500G,101.62899999999999,0.281,
202406,210211,CORN SNACK SINGLE PACK MAX 50G,100.415,0.838,
202406,210212,BASMATI RICE 500G-1KG,99.56,0.369,
202406,210213,BREAKFAST CEREAL 1,103.009,1.056,
202406,210214,BREAKFAST CEREAL 2,101.744,2.006,
202406,210215,CEREAL BAR,100.016,0.41200000000000003,
202406,210216,HOT OAT CEREAL,98.978,0.42200000000000004,
202406,210217,RICE MICRO POUCH/TRAY 220-280G,100.58200000000001,0.062,
202406,210219,BREAKFAST CEREAL GLUTEN FREE,100.98200000000001,0.21100000000000002,
202406,210221,COUSCOUS PLAIN/FLAVOURED,104.485,0.047,
202406,210222,RICE CAKES PACK 100-180G,97.11399999999999,0.154,
202406,210301,CREAM CRACKERS PACK 200G-300G,99.221,0.561,
202406,210302,PLAIN BISCUITS-200-300G,100.397,1.604,
202406,210320,WHOLE SPONGE CAKE NOT FROZEN,102.764,1.2830000000000001,
202406,210321,PACK OF 5-6 INDIVIDUAL CAKES,93.425,2.406,
202406,210323,BISCUITS HALF CHOC 260-400G,106.75399999999999,0.802,
202406,210324,CRUMPETS PACK 6-9 SPEC NUMBER,100.946,1.3630000000000002,
202406,210403,HOME KILLED BEEF-LEAN MINCE KG,100.03,0.78,
202406,210406,HOME KLD BEEF-RUMP/POPES STEAK,99.757,1.0659999999999998,
202406,210414,FROZEN BEEFBURGERS PACK OF 4,99.163,0.41600000000000004,
202406,210416,BEEF ROASTING JOINT PER KG,102.199,0.33799999999999997,
202406,210506,HK LAMB LOIN CHOP/STEAK PER KG,107.882,1.709,
202406,210707,HOME KILLED PORK CHOP/STEAK,100.675,1.157,
202406,210802,BACON-GAMMON-PER KG,101.176,0.402,
202406,210808,BACON-BACK-PER KG,100.038,1.83,
202406,210905,FRESH/CHILLED CHICKEN  PER KG,100.585,0.782,
202406,210910,FRESH BONELESS CHICKEN BREAST,98.62799999999999,1.787,
202406,210914,FRESH TURKEY DICED/MIN PER KG,102.80799999999999,0.223,
202406,211007,CANNED MEAT-STEWED STEAK,102.515,0.139,
202406,211011,INDIVIDUAL MEAT PIE,102.18799999999999,0.905,
202406,211014,SAUSAGES-PORK-PER KG,100.43,1.875,
202406,211019,FROZ CHICKEN NUGGETS 220-600G,99.426,0.696,
202406,211023,COOKED HAM PREPACKED SLICED,93.235,2.812,
202406,211024,CONTINENTAL SLICED DELI MEAT,101.93299999999999,0.937,
202406,211025,JOINT OV/READ GAM/POR 450-900G,100.646,0.139,
202406,211026,CHICKEN KIEV 2 PACK 240-325G,105.564,0.696,
202406,211027,H K LIVER PER KG STATE TYPE,118.10700000000001,0.201,
202406,211029,COOKED MEAT TURKEY/CHICK SLICE,100.33,0.335,
202406,211030,MEAT BASED SNACK PACK MAX 400G,100.271,0.835,
202406,211101,FRESH WHITE FISH FILLETS KG,100.725,0.36200000000000004,
202406,211105,FRESH FISH-SALMON FILLETS-KG,97.499,0.634,
202406,211106,FROZEN PRAWNS PER KG,97.579,0.914,
202406,211207,"CANNED FISH, TUNA, 130G-200G",100.455,1.0090000000000001,
202406,211210,FROZEN FISH FINGERS 8-12 PK,102.825,0.862,
202406,211211,FROZEN BREAD/BAT FISH 400-550G,100.501,0.231,
202406,211305,SPREADABLE BUTTER,101.49,0.489,
202406,211306,BUTTER 200-250G SPEC COO,100.831,0.434,
202406,211408,OLIVE OIL - 500ML - 1 LITRE,121.23700000000001,1.02,
202406,211409,"PEANUT BUTTER, JAR, 225-350G",93.77799999999999,0.166,
202406,211410,DAIRY SPREAD/MARGARINE,98.92200000000001,0.975,
202406,211411,DAIRY FREE SPREAD/MARGARINE,98.946,0.10400000000000001,
202406,211412,SPRAY OIL BOTTLE 190-220MLS,103.31200000000001,0.054000000000000006,
202406,211501,CHEDDAR-HOME PRODUCED PER KG,96.11200000000001,1.983,
202406,211506,"CHEESE SPREAD, 110G-200G TUB",101.56200000000001,0.7929999999999999,
202406,211509,HARD REGIONAL CHEESE PER KG,98.185,0.23800000000000002,
202406,211510,PARMESAN CHEESE-PER KG,101.405,0.436,
202406,211511,SOFT CONTINENTAL CHEESE - KG,98.9,0.516,
202406,211604,EGGS PER DOZEN OR 2 X 6 BOX,101.335,1.37,
202406,211707,DELVD MILK SEMI-SKIMMED PER PT,100.53200000000001,0.14800000000000002,
202406,211709,SHOP MILK-WHOLE MILK-4PT/2LTR,99.79799999999999,0.601,
202406,211710,MILK SEMI-PER 2 PINTS/1.136 L,100.604,2.1830000000000003,
202406,211713,"MILK FLAVOURED, 180-500MLS/GMS",90.369,0.282,
202406,211714,NON-DAIRY MILK DRINK 900ML-1LT,97.514,0.387,
202406,211807,"YOGHURT/FROMAGE 4-6PK, 45-125G",100.397,1.62,
202406,211808,CHILLED POT DESSERT 125-200G,101.15100000000001,0.986,
202406,211814,YOGHURT-SMALL INDIVIDUAL,100.24700000000001,0.504,
202406,211815,FRESH DOUBLE CREAM 250ML-300ML,101.40899999999999,0.563,
202406,211816,POWDERED BABY FORMULA 400-900G,95.62299999999999,0.376,
202406,211901,TEA BAGS PKT OF 80 (230G-250G),103.76299999999999,0.473,
202406,211904,TEA BAGS PACKET OF 210-240,105.064,0.141,
202406,211905,"FLAVRD TEA 15-20 BAGS, 30-40G",100.72200000000001,0.092,
202406,212001,"FRUIT SQUASH, 750ML - 1.5LT",99.39399999999999,0.8809999999999999,
202406,212006,FRUIT JUICE NOT ORANGE 1L,101.63,0.5870000000000001,
202406,212008,LEMONADE-2 LITRE BOTTLE,100.04799999999999,0.196,
202406,212010,MINERAL WATER STILL 1.5-2L,100.774,0.28300000000000003,
202406,212015,FIZZY ENERGY DRINK 250-500ML,105.745,1.274,
202406,212016,FRESH/CHILL ORANGE JUICE 900ML,109.52600000000001,0.8809999999999999,
202406,212017,FIZZY BOTTLED DRINK 500ML,100.9,1.568,
202406,212020,FRUIT DRINK BOTTLE 4-8 PACK,104.60799999999999,0.098,
202406,212021,BOTTLE STILL WATER 500ML,100.428,0.28300000000000003,
202406,212022,MIXER DRINK BOTTLE 1L EG TONIC,97.238,0.588,
202406,212023,COLA/FIZZY DRINK 330ML PK 4-8,102.706,0.392,
202406,212024,FLAVOURED WATER BOTT 900ML-1.5,106.132,0.34,
202406,212025,"COLA DRINK, REG,BOTTLE,1.25-2L",98.83200000000001,0.588,
202406,212026,"COLA DRINK, DIET 1.25-2LTR",97.448,0.882,
202406,212027,FRUIT/VEG SMOOTHIE,103.915,0.294,
202406,212101,SUGAR -GRANULATED-WHITE-PER KG,101.411,0.599,
202406,212106,JAR OF JAM-340-454G,97.87100000000001,0.6890000000000001,
202406,212107,HONEY JAR/BOTTLE 340G-454G,97.182,0.248,
202406,212202,MINTS,100.906,0.044000000000000004,
202406,212211,CHOCOLATE 4,102.509,0.7909999999999999,
202406,212214,FRUIT PASTILLES 2,111.20100000000001,0.44,
202406,212217,CHEWING/BUBBLE GUM-SINGLE PK,101.04899999999999,0.08800000000000001,
202406,212218,CARTON/BOX OF CHOCS 150-400GM,95.27600000000001,1.355,
202406,212222,CHOCOLATE 10,99.571,1.848,
202406,212223,BRAND CHOC SWEETS 90-185G BAG,102.03200000000001,0.616,
202406,212224,"SWEETS, NOT CHOC, 150-250G BAG",100.536,0.527,
202406,212225,CHOCOLATE LARGE BAR 100-200G,107.0,1.848,
202406,212226,CHOCOLATE 12,103.195,0.44,
202406,212228,MALTED CHOCOLATE SWEETS,103.07,0.044000000000000004,
202406,212309,POTATOES-NEW-PER KG,107.208,0.244,
202406,212310,POTATOES- OLD WHITE PER KG,119.75,0.59,
202406,212311,POTATOES- BAKING PR KG,107.927,0.183,
202406,212402,POTATO CRISPS 25G-50G,100.78,0.733,
202406,212404,POTATO CRISPS-MULTI-PACK,99.14299999999999,1.9369999999999998,
202406,212405,FROZEN CHIPS 900G-1.5KG,98.006,0.946,
202406,212408,PREMIUM POTATO CRISPS/CHIPS,98.861,0.47100000000000003,
202406,212409,P'PARED MASHED POTATO 400-650G,99.54,0.275,
202406,212504,FRESH VEG-CAULIFLOWER-EACH,115.126,0.419,
202406,212510,FRESH VEG-CUCUMBER-WHOLE,104.23700000000001,0.36,
202406,212511,FRESH VEG-LETTUCE-ICEBERG-EACH,114.273,0.3,
202406,212515,FRESH VEG-TOMATOES-PER KG,98.509,0.9590000000000001,
202406,212516,FRESH VEG-CABBAGE-WHOLE-PER KG,103.86,0.18,
202406,212518,FRESH VEG-CARROTS-PER KG,105.73899999999999,0.3,
202406,212519,FRESH VEG-ONIONS-PER KG,98.786,0.599,
202406,212520,FRESH VEG-MUSHROOMS-PER KG,99.444,0.479,
202406,212530,FRESH VEG-BROCCOLI-PER KG,100.946,0.24,
202406,212531,FRESH VEG-COURGETTE-PER KG,98.712,0.419,
202406,212532,FRESH VEG-PEPPERS -LOOSE OR KG,104.165,0.419,
202406,212533,VEGETABLE STIR FRY FRESH PACK,101.036,0.3,
202406,212535,SWEET POTATO PER KG OR EACH,104.97399999999999,0.26899999999999996,
202406,212536,GREEN BEANS PER KG OR PACK,100.492,0.24,
202406,212537,PREPACKED SALAD 75 - 250G,97.335,0.419,
202406,212601,CANNED TOMATOES 390-400G,101.712,0.281,
202406,212603,"BAKED BEANS, 400-425G TIN",96.34,0.35100000000000003,
202406,212608,CANNED SWEETCORN 198-340G,98.74,0.19699999999999998,
202406,212609,FROZEN GARDEN PEAS 800G-1KG,101.079,0.18899999999999997,
202406,212612,FROZEN PRE-PREPARED VEGTABLES,98.37799999999999,0.302,
202406,212613,PULSES CAN 390 - 420G,94.14299999999999,0.21100000000000002,
202406,212709,ORANGES-CLASS 1-EACH,98.406,0.304,
202406,212710,AVOCADO PEAR-EACH,103.944,0.5329999999999999,
202406,212712,KIWI FRUIT-EACH,99.338,0.228,
202406,212715,GRAPEFRUIT-EACH,102.9,0.228,
202406,212717,APPLES-DESSERT-PER KG,104.021,0.38,
202406,212718,PEARS-DESSERT-PER KG,104.535,0.228,
202406,212719,BANANAS-PER KG,100.17299999999999,0.8370000000000001,
202406,212720,STRAWBERRIES PER KG OR PUNNET,76.15899999999999,0.9890000000000001,
202406,212722,GRAPES-PER KG,98.85700000000001,0.685,
202406,212725,SMALL TYPE ORANGES PER PACK/KG,99.348,0.228,
202406,212726,PLUMS PER KG/PACK,105.803,0.5329999999999999,
202406,212730,FRUIT FRESH SNACKING 150-350G,100.985,0.38,
202406,212732,LEMON EACH,101.07,0.228,
202406,212733,BLUEBERRIES PUNNET OR PER KG,95.55799999999999,0.609,
202406,212734,RASPBERRIES PUNNET OR PER KG,98.146,0.456,
202406,212735,APPLES DESSERT EACH,103.251,0.38,
202406,212736,MELON EACH EG HONEYDEW,102.087,0.228,
202406,212737,PINEAPPLE EACH,102.425,0.152,
202406,212806,PACKET OF PEANUTS 150-300G,103.199,1.084,
202406,212807,CANNED FRUIT-400-450G,98.76,0.251,
202406,212808,DRIED FRUIT - EG APRICOTS,101.32700000000001,0.374,
202406,212809,BERRIES FROZEN PACK,99.27799999999999,0.14300000000000002,
202406,212905,VEGETABLE PICKLE 280-520G,101.48299999999999,0.091,
202406,212910,CANNED SOUP-390-425G,96.486,0.547,
202406,212917,TOMATO KETCHUP BOTTLE 340-570G,99.655,0.5870000000000001,
202406,212918,FRZN READY-COOKD MEAL SERVES 1,99.21,0.28600000000000003,
202406,212923,COOK-IN SAUCE-JAR/CAN 350-520G,98.536,0.8809999999999999,
202406,212928,FROZ VEG BURGER/GRILL 180-454G,104.052,0.365,
202406,212930,MAYONNAISE 390-500G/420-540MLS,101.381,0.49,
202406,212933,ICE CREAM 450ML-1L,98.596,0.965,
202406,212934,DRIED POTTED SNACK 50-120G,94.086,0.508,
202406,212936,CHILLED READY MEAL-MEAT-SERVS1,101.679,0.743,
202406,212937,CHILLED READY MEAL-FISH/VEG,101.03399999999999,0.628,
202406,212938,CHOCOLATE COVERED ICE CREAM,98.102,1.207,
202406,212939,CHILLED PIZZA EACH 300-600G,101.818,0.948,
202406,212940,PROTEIN POWDER 900G-2KG,96.82700000000001,0.27399999999999997,
202406,212941,QUICHE 340G-450G,99.28200000000001,0.19,
202406,212942,VEGETABLE CRISPS PACK 80-125G,100.67,0.22699999999999998,
202406,212943,YORKSHIRE PUDDING FROZEN,100.676,0.298,
202406,212944,SAUSAGE MEAT FREE CHILLED PACK,106.95299999999999,0.456,
202406,212945,HERBS DRIED JAR 3 - 20G,99.70200000000001,0.49,
202406,212946,SUNFLOW/PUMPK SDS PK 100-300G,101.322,0.121,
202406,213003,COFFEE-INSTANT 90 -100G JAR,106.413,0.88,
202406,213005,HOT CHOCOLATE DRINK INSTANT,109.456,0.23199999999999998,
202406,213006,COFFEE PODS PACK 8-16,99.069,0.341,
202406,213007,COFFEE SACHETS PACK,100.75399999999999,0.431,
202407,210102,LGE LOAF-WHTE-UNSLED-750-800G,100.295,0.421,
202407,210106,SIX BREAD ROLLS-WHITE/BROWN,98.905,0.655,
202407,210111,WHITE SLICED LOAF BRANDED 750G,99.357,1.029,
202407,210113,WHOLEMEAL SLICED LOAF BRANDED,100.133,0.749,
202407,210114,CHILLED GARLIC BREAD,100.683,1.31,
202407,210115,WRAP / TORTILLA PACK 6-8,103.688,0.374,
202407,210116,GLUTEN FREE BREAD LF 300-550G,99.453,0.14,
202407,210201,FLOUR-SELF-RAISING-1.5KG,99.82,0.42,
202407,210204,DRY SPAGHETTI OR PASTA 500G,100.944,0.281,
202407,210211,CORN SNACK SINGLE PACK MAX 50G,100.925,0.838,
202407,210212,BASMATI RICE 500G-1KG,99.142,0.369,
202407,210213,BREAKFAST CEREAL 1,101.412,1.056,
202407,210214,BREAKFAST CEREAL 2,100.712,2.006,
202407,210215,CEREAL BAR,100.23,0.412,
202407,210216,HOT OAT CEREAL,98.552,0.422,
202407,210217,RICE MICRO POUCH/TRAY 220-280G,101.512,0.062,
202407,210219,BREAKFAST CEREAL GLUTEN FREE,100.18,0.211,
202407,210221,COUSCOUS PLAIN/FLAVOURED,100.527,0.047,
202407,210222,RICE CAKES PACK 100-180G,94.934,0.154,
202407,210301,CREAM CRACKERS PACK 200G-300G,97.372,0.561,
202407,210302,PLAIN BISCUITS-200-300G,100.134,1.604,
202407,210320,WHOLE SPONGE CAKE NOT FROZEN,99.766,1.283,
202407,210321,PACK OF 5-6 INDIVIDUAL CAKES,99.583,2.406,
202407,210323,BISCUITS HALF CHOC 260-400G,97.688,0.802,
202407,210324,CRUMPETS PACK 6-9 SPEC NUMBER,101.345,1.363,
202407,210403,HOME KILLED BEEF-LEAN MINCE KG,99.869,0.78,
202407,210406,HOME KLD BEEF-RUMP/POPES STEAK,99.073,1.066,
202407,210414,FROZEN BEEFBURGERS PACK OF 4,97.41,0.416,
202407,210416,BEEF ROASTING JOINT PER KG,100.338,0.338,
202407,210506,HK LAMB LOIN CHOP/STEAK PER KG,109.624,1.709,
202407,210707,HOME KILLED PORK CHOP/STEAK,100.925,1.157,
202407,210802,BACON-GAMMON-PER KG,100.694,0.402,
202407,210808,BACON-BACK-PER KG,99.776,1.83,
202407,210905,FRESH/CHILLED CHICKEN  PER KG,100.886,0.782,
202407,210910,FRESH BONELESS CHICKEN BREAST,98.441,1.787,
202407,210914,FRESH TURKEY DICED/MIN PER KG,103.988,0.223,
202407,211007,CANNED MEAT-STEWED STEAK,102.365,0.139,
202407,211011,INDIVIDUAL MEAT PIE,100.259,0.905,
202407,211014,SAUSAGES-PORK-PER KG,99.017,1.875,
202407,211019,FROZ CHICKEN NUGGETS 220-600G,99.663,0.696,
202407,211023,COOKED HAM PREPACKED SLICED,96.858,2.812,
202407,211024,CONTINENTAL SLICED DELI MEAT,100.548,0.937,
202407,211025,JOINT OV/READ GAM/POR 450-900G,101.177,0.139,
202407,211026,CHICKEN KIEV 2 PACK 240-325G,105.453,0.696,
202407,211027,H K LIVER PER KG STATE TYPE,116.388,0.201,
202407,211029,COOKED MEAT TURKEY/CHICK SLICE,100.731,0.335,
202407,211030,MEAT BASED SNACK PACK MAX 400G,100.557,0.835,
202407,211101,FRESH WHITE FISH FILLETS KG,100.584,0.362,
202407,211105,FRESH FISH-SALMON FILLETS-KG,101.936,0.634,
202407,211106,FROZEN PRAWNS PER KG,96.289,0.914,
202407,211207,"CANNED FISH, TUNA, 130G-200G",97.392,1.009,
202407,211210,FROZEN FISH FINGERS 8-12 PK,103.109,0.862,
202407,211211,FROZEN BREAD/BAT FISH 400-550G,99.416,0.231,
202407,211305,SPREADABLE BUTTER,100.608,0.489,
202407,211306,BUTTER 200-250G SPEC COO,103.384,0.434,
202407,211408,OLIVE OIL - 500ML - 1 LITRE,118.493,1.02,
202407,211409,"PEANUT BUTTER, JAR, 225-350G",92.459,0.166,
202407,211410,DAIRY SPREAD/MARGARINE,100.931,0.975,
202407,211411,DAIRY FREE SPREAD/MARGARINE,95.187,0.104,
202407,211412,SPRAY OIL BOTTLE 190-220MLS,106.216,0.054,
202407,211501,CHEDDAR-HOME PRODUCED PER KG,98.757,1.983,
202407,211506,"CHEESE SPREAD, 110G-200G TUB",97.693,0.793,
202407,211509,HARD REGIONAL CHEESE PER KG,98.633,0.238,
202407,211510,PARMESAN CHEESE-PER KG,101.374,0.436,
202407,211511,SOFT CONTINENTAL CHEESE - KG,99.071,0.516,
202407,211604,EGGS PER DOZEN OR 2 X 6 BOX,101.291,1.37,
202407,211707,DELVD MILK SEMI-SKIMMED PER PT,100.643,0.148,
202407,211709,SHOP MILK-WHOLE MILK-4PT/2LTR,99.878,0.601,
202407,211710,MILK SEMI-PER 2 PINTS/1.136 L,99.793,2.183,
202407,211713,"MILK FLAVOURED, 180-500MLS/GMS",98.517,0.282,
202407,211714,NON-DAIRY MILK DRINK 900ML-1LT,99.257,0.387,
202407,211807,"YOGHURT/FROMAGE 4-6PK, 45-125G",106.153,1.62,
202407,211808,CHILLED POT DESSERT 125-200G,101.203,0.986,
202407,211814,YOGHURT-SMALL INDIVIDUAL,100.181,0.504,
202407,211815,FRESH DOUBLE CREAM 250ML-300ML,102.488,0.563,
202407,211816,POWDERED BABY FORMULA 400-900G,95.342,0.376,
202407,211901,TEA BAGS PKT OF 80 (230G-250G),102.986,0.473,
202407,211904,TEA BAGS PACKET OF 210-240,106.308,0.141,
202407,211905,"FLAVRD TEA 15-20 BAGS, 30-40G",101.946,0.092,
202407,212001,"FRUIT SQUASH, 750ML - 1.5LT",96.463,0.881,
202407,212006,FRUIT JUICE NOT ORANGE 1L,101.867,0.587,
202407,212008,LEMONADE-2 LITRE BOTTLE,100.878,0.196,
202407,212010,MINERAL WATER STILL 1.5-2L,99.968,0.283,
202407,212015,FIZZY ENERGY DRINK 250-500ML,106.191,1.274,
202407,212016,FRESH/CHILL ORANGE JUICE 900ML,97.769,0.881,
202407,212017,FIZZY BOTTLED DRINK 500ML,100.781,1.568,
202407,212020,FRUIT DRINK BOTTLE 4-8 PACK,101.838,0.098,
202407,212021,BOTTLE STILL WATER 500ML,101.145,0.283,
202407,212022,MIXER DRINK BOTTLE 1L EG TONIC,98.366,0.588,
202407,212023,COLA/FIZZY DRINK 330ML PK 4-8,100.81,0.392,
202407,212024,FLAVOURED WATER BOTT 900ML-1.5,108.26,0.34,
202407,212025,"COLA DRINK, REG,BOTTLE,1.25-2L",100.267,0.588,
202407,212026,"COLA DRINK, DIET 1.25-2LTR",95.832,0.882,
202407,212027,FRUIT/VEG SMOOTHIE,100.151,0.294,
202407,212101,SUGAR -GRANULATED-WHITE-PER KG,101.598,0.599,
202407,212106,JAR OF JAM-340-454G,96.414,0.689,
202407,212107,HONEY JAR/BOTTLE 340G-454G,96.243,0.248,
202407,212202,MINTS,102.008,0.044,
202407,212211,CHOCOLATE 4,102.846,0.791,
202407,212214,FRUIT PASTILLES 2,109.889,0.44,
202407,212217,CHEWING/BUBBLE GUM-SINGLE PK,101.984,0.088,
202407,212218,CARTON/BOX OF CHOCS 150-400GM,96.418,1.355,
202407,212222,CHOCOLATE 10,102.33,1.848,
202407,212223,BRAND CHOC SWEETS 90-185G BAG,104.221,0.616,
202407,212224,"SWEETS, NOT CHOC, 150-250G BAG",100.194,0.527,
202407,212225,CHOCOLATE LARGE BAR 100-200G,110.901,1.848,
202407,212226,CHOCOLATE 12,101.732,0.44,
202407,212228,MALTED CHOCOLATE SWEETS,103.115,0.044,
202407,212309,POTATOES-NEW-PER KG,105.353,0.244,
202407,212310,POTATOES- OLD WHITE PER KG,120.351,0.59,
202407,212311,POTATOES- BAKING PR KG,108.044,0.183,
202407,212402,POTATO CRISPS 25G-50G,100.913,0.733,
202407,212404,POTATO CRISPS-MULTI-PACK,97.684,1.937,
202407,212405,FROZEN CHIPS 900G-1.5KG,95.776,0.946,
202407,212408,PREMIUM POTATO CRISPS/CHIPS,93.498,0.471,
202407,212409,P'PARED MASHED POTATO 400-650G,99.309,0.275,
202407,212504,FRESH VEG-CAULIFLOWER-EACH,116.182,0.419,
202407,212510,FRESH VEG-CUCUMBER-WHOLE,104.227,0.36,
202407,212511,FRESH VEG-LETTUCE-ICEBERG-EACH,116.396,0.3,
202407,212515,FRESH VEG-TOMATOES-PER KG,98.856,0.959,
202407,212516,FRESH VEG-CABBAGE-WHOLE-PER KG,103.639,0.18,
202407,212518,FRESH VEG-CARROTS-PER KG,105.557,0.3,
202407,212519,FRESH VEG-ONIONS-PER KG,98.882,0.599,
202407,212520,FRESH VEG-MUSHROOMS-PER KG,99.977,0.479,
202407,212530,FRESH VEG-BROCCOLI-PER KG,102.013,0.24,
202407,212531,FRESH VEG-COURGETTE-PER KG,98.581,0.419,
202407,212532,FRESH VEG-PEPPERS -LOOSE OR KG,104.753,0.419,
202407,212533,VEGETABLE STIR FRY FRESH PACK,101.066,0.3,
202407,212535,SWEET POTATO PER KG OR EACH,104.972,0.269,
202407,212536,GREEN BEANS PER KG OR PACK,100.636,0.24,
202407,212537,PREPACKED SALAD 75 - 250G,98.132,0.419,
202407,212601,CANNED TOMATOES 390-400G,97.508,0.281,
202407,212603,"BAKED BEANS, 400-425G TIN",96.852,0.351,
202407,212608,CANNED SWEETCORN 198-340G,98.406,0.197,
202407,212609,FROZEN GARDEN PEAS 800G-1KG,102.358,0.189,
202407,212612,FROZEN PRE-PREPARED VEGTABLES,98.256,0.302,
202407,212613,PULSES CAN 390 - 420G,91.328,0.211,
202407,212709,ORANGES-CLASS 1-EACH,96.804,0.304,
202407,212710,AVOCADO PEAR-EACH,103.373,0.533,
202407,212712,KIWI FRUIT-EACH,97.844,0.228,
202407,212715,GRAPEFRUIT-EACH,105.104,0.228,
202407,212717,APPLES-DESSERT-PER KG,105.793,0.38,
202407,212718,PEARS-DESSERT-PER KG,105.159,0.228,
202407,212719,BANANAS-PER KG,100.099,0.837,
202407,212720,STRAWBERRIES PER KG OR PUNNET,77.7,0.989,
202407,212722,GRAPES-PER KG,98.761,0.685,
202407,212725,SMALL TYPE ORANGES PER PACK/KG,95.474,0.228,
202407,212726,PLUMS PER KG/PACK,104.17,0.533,
202407,212730,FRUIT FRESH SNACKING 150-350G,101.095,0.38,
202407,212732,LEMON EACH,97.356,0.228,
202407,212733,BLUEBERRIES PUNNET OR PER KG,94.542,0.609,
202407,212734,RASPBERRIES PUNNET OR PER KG,98.346,0.456,
202407,212735,APPLES DESSERT EACH,103.48,0.38,
202407,212736,MELON EACH EG HONEYDEW,99.776,0.228,
202407,212737,PINEAPPLE EACH,96.813,0.152,
202407,212806,PACKET OF PEANUTS 150-300G,104.584,1.084,
202407,212807,CANNED FRUIT-400-450G,103.59,0.251,
202407,212808,DRIED FRUIT - EG APRICOTS,101.664,0.374,
202407,212809,BERRIES FROZEN PACK,99.198,0.143,
202407,212905,VEGETABLE PICKLE 280-520G,101.498,0.091,
202407,212910,CANNED SOUP-390-425G,96.898,0.547,
202407,212917,TOMATO KETCHUP BOTTLE 340-570G,98.163,0.587,
202407,212918,FRZN READY-COOKD MEAL SERVES 1,98.868,0.286,
202407,212923,COOK-IN SAUCE-JAR/CAN 350-520G,99.697,0.881,
202407,212928,FROZ VEG BURGER/GRILL 180-454G,100.873,0.365,
202407,212930,MAYONNAISE 390-500G/420-540MLS,100.602,0.49,
202407,212933,ICE CREAM 450ML-1L,99.291,0.965,
202407,212934,DRIED POTTED SNACK 50-120G,97.148,0.508,
202407,212936,CHILLED READY MEAL-MEAT-SERVS1,101.377,0.743,
202407,212937,CHILLED READY MEAL-FISH/VEG,101.466,0.628,
202407,212938,CHOCOLATE COVERED ICE CREAM,99.149,1.207,
202407,212939,CHILLED PIZZA EACH 300-600G,101.246,0.948,
202407,212940,PROTEIN POWDER 900G-2KG,94.817,0.274,
202407,212941,QUICHE 340G-450G,100.002,0.19,
202407,212942,VEGETABLE CRISPS PACK 80-125G,102.807,0.227,
202407,212943,YORKSHIRE PUDDING FROZEN,101.85,0.298,
202407,212944,SAUSAGE MEAT FREE CHILLED PACK,106.608,0.456,
202407,212945,HERBS DRIED JAR 3 - 20G,99.742,0.49,
202407,212946,SUNFLOW/PUMPK SDS PK 100-300G,100.958,0.121,
202407,213003,COFFEE-INSTANT 90 -100G JAR,99.503,0.88,
202407,213005,HOT CHOCOLATE DRINK INSTANT,112.594,0.232,
202407,213006,COFFEE PODS PACK 8-16,100.171,0.341,
202407,213007,COFFEE SACHETS PACK,100.386,0.431,
202408,210102,LGE LOAF-WHTE-UNSLED-750-800G,101.48200000000001,0.42100000000000004,
202408,210106,SIX BREAD ROLLS-WHITE/BROWN,99.475,0.655,
202408,210111,WHITE SLICED LOAF BRANDED 750G,99.40899999999999,1.0290000000000001,
202408,210113,WHOLEMEAL SLICED LOAF BRANDED,100.025,0.7490000000000001,
202408,210114,CHILLED GARLIC BREAD,101.898,1.31,
202408,210115,WRAP / TORTILLA PACK 6-8,104.791,0.374,
202408,210116,GLUTEN FREE BREAD LF 300-550G,99.772,0.14,
202408,210201,FLOUR-SELF-RAISING-1.5KG,99.911,0.42,
202408,210204,DRY SPAGHETTI OR PASTA 500G,101.20700000000001,0.281,
202408,210211,CORN SNACK SINGLE PACK MAX 50G,99.35,0.838,
202408,210212,BASMATI RICE 500G-1KG,98.764,0.369,
202408,210213,BREAKFAST CEREAL 1,99.81299999999999,1.056,
202408,210214,BREAKFAST CEREAL 2,102.28399999999999,2.006,
202408,210215,CEREAL BAR,100.164,0.41200000000000003,
202408,210216,HOT OAT CEREAL,100.014,0.42200000000000004,
202408,210217,RICE MICRO POUCH/TRAY 220-280G,100.209,0.062,
202408,210219,BREAKFAST CEREAL GLUTEN FREE,100.944,0.21100000000000002,
202408,210221,COUSCOUS PLAIN/FLAVOURED,101.04899999999999,0.047,
202408,210222,RICE CAKES PACK 100-180G,96.45700000000001,0.154,
202408,210301,CREAM CRACKERS PACK 200G-300G,97.50299999999999,0.561,
202408,210302,PLAIN BISCUITS-200-300G,100.339,1.604,
202408,210320,WHOLE SPONGE CAKE NOT FROZEN,101.63,1.2830000000000001,
202408,210321,PACK OF 5-6 INDIVIDUAL CAKES,97.85600000000001,2.406,
202408,210323,BISCUITS HALF CHOC 260-400G,105.53,0.802,
202408,210324,CRUMPETS PACK 6-9 SPEC NUMBER,98.603,1.3630000000000002,
202408,210403,HOME KILLED BEEF-LEAN MINCE KG,99.551,0.78,
202408,210406,HOME KLD BEEF-RUMP/POPES STEAK,99.34,1.0659999999999998,
202408,210414,FROZEN BEEFBURGERS PACK OF 4,96.994,0.41600000000000004,
202408,210416,BEEF ROASTING JOINT PER KG,103.90799999999999,0.33799999999999997,
202408,210506,HK LAMB LOIN CHOP/STEAK PER KG,111.065,1.709,
202408,210707,HOME KILLED PORK CHOP/STEAK,101.346,1.157,
202408,210802,BACON-GAMMON-PER KG,101.189,0.402,
202408,210808,BACON-BACK-PER KG,99.711,1.83,
202408,210905,FRESH/CHILLED CHICKEN  PER KG,101.881,0.782,
202408,210910,FRESH BONELESS CHICKEN BREAST,98.294,1.787,
202408,210914,FRESH TURKEY DICED/MIN PER KG,102.415,0.223,
202408,211007,CANNED MEAT-STEWED STEAK,102.689,0.139,
202408,211011,INDIVIDUAL MEAT PIE,100.735,0.905,
202408,211014,SAUSAGES-PORK-PER KG,100.52600000000001,1.875,
202408,211019,FROZ CHICKEN NUGGETS 220-600G,100.84899999999999,0.696,
202408,211023,COOKED HAM PREPACKED SLICED,97.022,2.812,
202408,211024,CONTINENTAL SLICED DELI MEAT,100.075,0.937,
202408,211025,JOINT OV/READ GAM/POR 450-900G,101.626,0.139,
202408,211026,CHICKEN KIEV 2 PACK 240-325G,106.74,0.696,
202408,211027,H K LIVER PER KG STATE TYPE,119.037,0.201,
202408,211029,COOKED MEAT TURKEY/CHICK SLICE,100.51100000000001,0.335,
202408,211030,MEAT BASED SNACK PACK MAX 400G,99.54700000000001,0.835,
202408,211101,FRESH WHITE FISH FILLETS KG,101.523,0.36200000000000004,
202408,211105,FRESH FISH-SALMON FILLETS-KG,97.87100000000001,0.634,
202408,211106,FROZEN PRAWNS PER KG,96.439,0.914,
202408,211207,"CANNED FISH, TUNA, 130G-200G",97.81,1.0090000000000001,
202408,211210,FROZEN FISH FINGERS 8-12 PK,97.899,0.862,
202408,211211,FROZEN BREAD/BAT FISH 400-550G,100.118,0.231,
202408,211305,SPREADABLE BUTTER,103.374,0.489,
202408,211306,BUTTER 200-250G SPEC COO,101.68799999999999,0.434,
202408,211408,OLIVE OIL - 500ML - 1 LITRE,122.431,1.02,
202408,211409,"PEANUT BUTTER, JAR, 225-350G",93.721,0.166,
202408,211410,DAIRY SPREAD/MARGARINE,101.64399999999999,0.975,
202408,211411,DAIRY FREE SPREAD/MARGARINE,97.51,0.10400000000000001,
202408,211412,SPRAY OIL BOTTLE 190-220MLS,105.275,0.054000000000000006,
202408,211501,CHEDDAR-HOME PRODUCED PER KG,98.51,1.983,
202408,211506,"CHEESE SPREAD, 110G-200G TUB",96.65,0.7929999999999999,
202408,211509,HARD REGIONAL CHEESE PER KG,99.618,0.23800000000000002,
202408,211510,PARMESAN CHEESE-PER KG,102.22,0.436,
202408,211511,SOFT CONTINENTAL CHEESE - KG,96.03399999999999,0.516,
202408,211604,EGGS PER DOZEN OR 2 X 6 BOX,101.316,1.37,
202408,211707,DELVD MILK SEMI-SKIMMED PER PT,100.53200000000001,0.14800000000000002,
202408,211709,SHOP MILK-WHOLE MILK-4PT/2LTR,99.73100000000001,0.601,
202408,211710,MILK SEMI-PER 2 PINTS/1.136 L,100.052,2.1830000000000003,
202408,211713,"MILK FLAVOURED, 180-500MLS/GMS",97.096,0.282,
202408,211714,NON-DAIRY MILK DRINK 900ML-1LT,98.915,0.387,
202408,211807,"YOGHURT/FROMAGE 4-6PK, 45-125G",103.024,1.62,
202408,211808,CHILLED POT DESSERT 125-200G,101.271,0.986,
202408,211814,YOGHURT-SMALL INDIVIDUAL,99.141,0.504,
202408,211815,FRESH DOUBLE CREAM 250ML-300ML,102.524,0.563,
202408,211816,POWDERED BABY FORMULA 400-900G,95.575,0.376,
202408,211901,TEA BAGS PKT OF 80 (230G-250G),101.93799999999999,0.473,
202408,211904,TEA BAGS PACKET OF 210-240,105.031,0.141,
202408,211905,"FLAVRD TEA 15-20 BAGS, 30-40G",101.921,0.092,
202408,212001,"FRUIT SQUASH, 750ML - 1.5LT",98.234,0.8809999999999999,
202408,212006,FRUIT JUICE NOT ORANGE 1L,101.694,0.5870000000000001,
202408,212008,LEMONADE-2 LITRE BOTTLE,102.04700000000001,0.196,
202408,212010,MINERAL WATER STILL 1.5-2L,103.029,0.28300000000000003,
202408,212015,FIZZY ENERGY DRINK 250-500ML,105.25399999999999,1.274,
202408,212016,FRESH/CHILL ORANGE JUICE 900ML,101.59100000000001,0.8809999999999999,
202408,212017,FIZZY BOTTLED DRINK 500ML,101.714,1.568,
202408,212020,FRUIT DRINK BOTTLE 4-8 PACK,96.22200000000001,0.098,
202408,212021,BOTTLE STILL WATER 500ML,100.596,0.28300000000000003,
202408,212022,MIXER DRINK BOTTLE 1L EG TONIC,100.006,0.588,
202408,212023,COLA/FIZZY DRINK 330ML PK 4-8,104.585,0.392,
202408,212024,FLAVOURED WATER BOTT 900ML-1.5,101.53299999999999,0.34,
202408,212025,"COLA DRINK, REG,BOTTLE,1.25-2L",99.186,0.588,
202408,212026,"COLA DRINK, DIET 1.25-2LTR",96.275,0.882,
202408,212027,FRUIT/VEG SMOOTHIE,100.47399999999999,0.294,
202408,212101,SUGAR -GRANULATED-WHITE-PER KG,101.645,0.599,
202408,212106,JAR OF JAM-340-454G,97.485,0.6890000000000001,
202408,212107,HONEY JAR/BOTTLE 340G-454G,92.546,0.248,
202408,212202,MINTS,103.132,0.044000000000000004,
202408,212211,CHOCOLATE 4,102.529,0.7909999999999999,
202408,212214,FRUIT PASTILLES 2,107.87200000000001,0.44,
202408,212217,CHEWING/BUBBLE GUM-SINGLE PK,102.288,0.08800000000000001,
202408,212218,CARTON/BOX OF CHOCS 150-400GM,102.81200000000001,1.355,
202408,212222,CHOCOLATE 10,107.13600000000001,1.848,
202408,212223,BRAND CHOC SWEETS 90-185G BAG,107.685,0.616,
202408,212224,"SWEETS, NOT CHOC, 150-250G BAG",100.755,0.527,
202408,212225,CHOCOLATE LARGE BAR 100-200G,115.491,1.848,
202408,212226,CHOCOLATE 12,101.88,0.44,
202408,212228,MALTED CHOCOLATE SWEETS,108.93700000000001,0.044000000000000004,
202408,212309,POTATOES-NEW-PER KG,104.677,0.244,
202408,212310,POTATOES- OLD WHITE PER KG,119.915,0.59,
202408,212311,POTATOES- BAKING PR KG,107.90299999999999,0.183,
202408,212402,POTATO CRISPS 25G-50G,100.995,0.733,
202408,212404,POTATO CRISPS-MULTI-PACK,95.552,1.9369999999999998,
202408,212405,FROZEN CHIPS 900G-1.5KG,98.094,0.946,
202408,212408,PREMIUM POTATO CRISPS/CHIPS,96.374,0.47100000000000003,
202408,212409,P'PARED MASHED POTATO 400-650G,97.655,0.275,
202408,212504,FRESH VEG-CAULIFLOWER-EACH,114.598,0.419,
202408,212510,FRESH VEG-CUCUMBER-WHOLE,103.89299999999999,0.36,
202408,212511,FRESH VEG-LETTUCE-ICEBERG-EACH,116.39200000000001,0.3,
202408,212515,FRESH VEG-TOMATOES-PER KG,98.149,0.9590000000000001,
202408,212516,FRESH VEG-CABBAGE-WHOLE-PER KG,103.29299999999999,0.18,
202408,212518,FRESH VEG-CARROTS-PER KG,109.427,0.3,
202408,212519,FRESH VEG-ONIONS-PER KG,98.904,0.599,
202408,212520,FRESH VEG-MUSHROOMS-PER KG,98.229,0.479,
202408,212530,FRESH VEG-BROCCOLI-PER KG,101.01799999999999,0.24,
202408,212531,FRESH VEG-COURGETTE-PER KG,91.385,0.419,
202408,212532,FRESH VEG-PEPPERS -LOOSE OR KG,105.103,0.419,
202408,212533,VEGETABLE STIR FRY FRESH PACK,101.10600000000001,0.3,
202408,212535,SWEET POTATO PER KG OR EACH,104.869,0.26899999999999996,
202408,212536,GREEN BEANS PER KG OR PACK,100.63799999999999,0.24,
202408,212537,PREPACKED SALAD 75 - 250G,98.64399999999999,0.419,
202408,212601,CANNED TOMATOES 390-400G,99.31,0.281,
202408,212603,"BAKED BEANS, 400-425G TIN",96.69200000000001,0.35100000000000003,
202408,212608,CANNED SWEETCORN 198-340G,92.204,0.19699999999999998,
202408,212609,FROZEN GARDEN PEAS 800G-1KG,101.249,0.18899999999999997,
202408,212612,FROZEN PRE-PREPARED VEGTABLES,99.512,0.302,
202408,212613,PULSES CAN 390 - 420G,93.68299999999999,0.21100000000000002,
202408,212709,ORANGES-CLASS 1-EACH,97.314,0.304,
202408,212710,AVOCADO PEAR-EACH,102.633,0.5329999999999999,
202408,212712,KIWI FRUIT-EACH,97.83,0.228,
202408,212715,GRAPEFRUIT-EACH,101.891,0.228,
202408,212717,APPLES-DESSERT-PER KG,106.292,0.38,
202408,212718,PEARS-DESSERT-PER KG,107.084,0.228,
202408,212719,BANANAS-PER KG,100.166,0.8370000000000001,
202408,212720,STRAWBERRIES PER KG OR PUNNET,72.921,0.9890000000000001,
202408,212722,GRAPES-PER KG,98.492,0.685,
202408,212725,SMALL TYPE ORANGES PER PACK/KG,97.28,0.228,
202408,212726,PLUMS PER KG/PACK,100.39200000000001,0.5329999999999999,
202408,212730,FRUIT FRESH SNACKING 150-350G,101.60600000000001,0.38,
202408,212732,LEMON EACH,100.23899999999999,0.228,
202408,212733,BLUEBERRIES PUNNET OR PER KG,93.72399999999999,0.609,
202408,212734,RASPBERRIES PUNNET OR PER KG,99.79799999999999,0.456,
202408,212735,APPLES DESSERT EACH,104.01100000000001,0.38,
202408,212736,MELON EACH EG HONEYDEW,100.738,0.228,
202408,212737,PINEAPPLE EACH,103.831,0.152,
202408,212806,PACKET OF PEANUTS 150-300G,103.89299999999999,1.084,
202408,212807,CANNED FRUIT-400-450G,103.361,0.251,
202408,212808,DRIED FRUIT - EG APRICOTS,101.804,0.374,
202408,212809,BERRIES FROZEN PACK,100.024,0.14300000000000002,
202408,212905,VEGETABLE PICKLE 280-520G,101.73100000000001,0.091,
202408,212910,CANNED SOUP-390-425G,96.836,0.547,
202408,212917,TOMATO KETCHUP BOTTLE 340-570G,97.585,0.5870000000000001,
202408,212918,FRZN READY-COOKD MEAL SERVES 1,97.852,0.28600000000000003,
202408,212923,COOK-IN SAUCE-JAR/CAN 350-520G,101.446,0.8809999999999999,
202408,212928,FROZ VEG BURGER/GRILL 180-454G,100.711,0.365,
202408,212930,MAYONNAISE 390-500G/420-540MLS,93.741,0.49,
202408,212933,ICE CREAM 450ML-1L,96.819,0.965,
202408,212934,DRIED POTTED SNACK 50-120G,96.682,0.508,
202408,212936,CHILLED READY MEAL-MEAT-SERVS1,101.266,0.743,
202408,212937,CHILLED READY MEAL-FISH/VEG,101.491,0.628,
202408,212938,CHOCOLATE COVERED ICE CREAM,94.64200000000001,1.207,
202408,212939,CHILLED PIZZA EACH 300-600G,102.479,0.948,
202408,212940,PROTEIN POWDER 900G-2KG,98.275,0.27399999999999997,
202408,212941,QUICHE 340G-450G,101.083,0.19,
202408,212942,VEGETABLE CRISPS PACK 80-125G,101.43,0.22699999999999998,
202408,212943,YORKSHIRE PUDDING FROZEN,102.31299999999999,0.298,
202408,212944,SAUSAGE MEAT FREE CHILLED PACK,108.829,0.456,
202408,212945,HERBS DRIED JAR 3 - 20G,99.43799999999999,0.49,
202408,212946,SUNFLOW/PUMPK SDS PK 100-300G,96.98,0.121,
202408,213003,COFFEE-INSTANT 90 -100G JAR,107.421,0.88,
202408,213005,HOT CHOCOLATE DRINK INSTANT,113.84899999999999,0.23199999999999998,
202408,213006,COFFEE PODS PACK 8-16,100.556,0.341,
202408,213007,COFFEE SACHETS PACK,99.821,0.431,
202409,210102,LGE LOAF-WHTE-UNSLED-750-800G,101.65299999999999,0.42100000000000004,
202409,210106,SIX BREAD ROLLS-WHITE/BROWN,100.251,0.655,
202409,210111,WHITE SLICED LOAF BRANDED 750G,99.876,1.0290000000000001,
202409,210113,WHOLEMEAL SLICED LOAF BRANDED,100.617,0.7490000000000001,
202409,210114,CHILLED GARLIC BREAD,101.667,1.31,
202409,210115,WRAP / TORTILLA PACK 6-8,102.444,0.374,
202409,210116,GLUTEN FREE BREAD LF 300-550G,99.804,0.14,
202409,210201,FLOUR-SELF-RAISING-1.5KG,99.815,0.42,
202409,210204,DRY SPAGHETTI OR PASTA 500G,100.773,0.281,
202409,210211,CORN SNACK SINGLE PACK MAX 50G,99.87899999999999,0.838,
202409,210212,BASMATI RICE 500G-1KG,98.656,0.369,
202409,210213,BREAKFAST CEREAL 1,103.635,1.056,
202409,210214,BREAKFAST CEREAL 2,101.95100000000001,2.006,
202409,210215,CEREAL BAR,101.57700000000001,0.41200000000000003,
202409,210216,HOT OAT CEREAL,100.477,0.42200000000000004,
202409,210217,RICE MICRO POUCH/TRAY 220-280G,98.611,0.062,
202409,210219,BREAKFAST CEREAL GLUTEN FREE,101.729,0.21100000000000002,
202409,210221,COUSCOUS PLAIN/FLAVOURED,99.764,0.047,
202409,210222,RICE CAKES PACK 100-180G,92.02799999999999,0.154,
202409,210301,CREAM CRACKERS PACK 200G-300G,97.449,0.561,
202409,210302,PLAIN BISCUITS-200-300G,100.65799999999999,1.604,
202409,210320,WHOLE SPONGE CAKE NOT FROZEN,103.542,1.2830000000000001,
202409,210321,PACK OF 5-6 INDIVIDUAL CAKES,95.545,2.406,
202409,210323,BISCUITS HALF CHOC 260-400G,105.87700000000001,0.802,
202409,210324,CRUMPETS PACK 6-9 SPEC NUMBER,98.191,1.3630000000000002,
202409,210403,HOME KILLED BEEF-LEAN MINCE KG,99.59700000000001,0.78,
202409,210406,HOME KLD BEEF-RUMP/POPES STEAK,98.93299999999999,1.0659999999999998,
202409,210414,FROZEN BEEFBURGERS PACK OF 4,99.488,0.41600000000000004,
202409,210416,BEEF ROASTING JOINT PER KG,102.80799999999999,0.33799999999999997,
202409,210506,HK LAMB LOIN CHOP/STEAK PER KG,110.906,1.709,
202409,210707,HOME KILLED PORK CHOP/STEAK,101.59,1.157,
202409,210802,BACON-GAMMON-PER KG,101.102,0.402,
202409,210808,BACON-BACK-PER KG,98.822,1.83,
202409,210905,FRESH/CHILLED CHICKEN  PER KG,101.619,0.782,
202409,210910,FRESH BONELESS CHICKEN BREAST,100.60799999999999,1.787,
202409,210914,FRESH TURKEY DICED/MIN PER KG,105.884,0.223,
202409,211007,CANNED MEAT-STEWED STEAK,102.822,0.139,
202409,211011,INDIVIDUAL MEAT PIE,101.029,0.905,
202409,211014,SAUSAGES-PORK-PER KG,101.964,1.875,
202409,211019,FROZ CHICKEN NUGGETS 220-600G,100.63,0.696,
202409,211023,COOKED HAM PREPACKED SLICED,94.65899999999999,2.812,
202409,211024,CONTINENTAL SLICED DELI MEAT,100.73200000000001,0.937,
202409,211025,JOINT OV/READ GAM/POR 450-900G,99.164,0.139,
202409,211026,CHICKEN KIEV 2 PACK 240-325G,107.25200000000001,0.696,
202409,211027,H K LIVER PER KG STATE TYPE,118.727,0.201,
202409,211029,COOKED MEAT TURKEY/CHICK SLICE,99.935,0.335,
202409,211030,MEAT BASED SNACK PACK MAX 400G,100.76100000000001,0.835,
202409,211101,FRESH WHITE FISH FILLETS KG,101.587,0.36200000000000004,
202409,211105,FRESH FISH-SALMON FILLETS-KG,104.803,0.634,
202409,211106,FROZEN PRAWNS PER KG,96.76700000000001,0.914,
202409,211207,"CANNED FISH, TUNA, 130G-200G",96.45299999999999,1.0090000000000001,
202409,211210,FROZEN FISH FINGERS 8-12 PK,103.335,0.862,
202409,211211,FROZEN BREAD/BAT FISH 400-550G,100.598,0.231,
202409,211305,SPREADABLE BUTTER,101.58,0.489,
202409,211306,BUTTER 200-250G SPEC COO,103.902,0.434,
202409,211408,OLIVE OIL - 500ML - 1 LITRE,122.825,1.02,
202409,211409,"PEANUT BUTTER, JAR, 225-350G",89.54799999999999,0.166,
202409,211410,DAIRY SPREAD/MARGARINE,101.90899999999999,0.975,
202409,211411,DAIRY FREE SPREAD/MARGARINE,103.096,0.10400000000000001,
202409,211412,SPRAY OIL BOTTLE 190-220MLS,105.94,0.054000000000000006,
202409,211501,CHEDDAR-HOME PRODUCED PER KG,96.208,1.983,
202409,211506,"CHEESE SPREAD, 110G-200G TUB",100.76,0.7929999999999999,
202409,211509,HARD REGIONAL CHEESE PER KG,99.916,0.23800000000000002,
202409,211510,PARMESAN CHEESE-PER KG,102.215,0.436,
202409,211511,SOFT CONTINENTAL CHEESE - KG,100.458,0.516,
202409,211604,EGGS PER DOZEN OR 2 X 6 BOX,102.375,1.37,
202409,211707,DELVD MILK SEMI-SKIMMED PER PT,100.53200000000001,0.14800000000000002,
202409,211709,SHOP MILK-WHOLE MILK-4PT/2LTR,100.39,0.601,
202409,211710,MILK SEMI-PER 2 PINTS/1.136 L,99.936,2.1830000000000003,
202409,211713,"MILK FLAVOURED, 180-500MLS/GMS",94.90899999999999,0.282,
202409,211714,NON-DAIRY MILK DRINK 900ML-1LT,101.98,0.387,
202409,211807,"YOGHURT/FROMAGE 4-6PK, 45-125G",103.387,1.62,
202409,211808,CHILLED POT DESSERT 125-200G,102.134,0.986,
202409,211814,YOGHURT-SMALL INDIVIDUAL,100.223,0.504,
202409,211815,FRESH DOUBLE CREAM 250ML-300ML,103.307,0.563,
202409,211816,POWDERED BABY FORMULA 400-900G,95.345,0.376,
202409,211901,TEA BAGS PKT OF 80 (230G-250G),104.648,0.473,
202409,211904,TEA BAGS PACKET OF 210-240,106.006,0.141,
202409,211905,"FLAVRD TEA 15-20 BAGS, 30-40G",100.52600000000001,0.092,
202409,212001,"FRUIT SQUASH, 750ML - 1.5LT",98.876,0.8809999999999999,
202409,212006,FRUIT JUICE NOT ORANGE 1L,99.604,0.5870000000000001,
202409,212008,LEMONADE-2 LITRE BOTTLE,100.755,0.196,
202409,212010,MINERAL WATER STILL 1.5-2L,99.62200000000001,0.28300000000000003,
202409,212015,FIZZY ENERGY DRINK 250-500ML,106.573,1.274,
202409,212016,FRESH/CHILL ORANGE JUICE 900ML,106.445,0.8809999999999999,
202409,212017,FIZZY BOTTLED DRINK 500ML,102.546,1.568,
202409,212020,FRUIT DRINK BOTTLE 4-8 PACK,95.105,0.098,
202409,212021,BOTTLE STILL WATER 500ML,102.609,0.28300000000000003,
202409,212022,MIXER DRINK BOTTLE 1L EG TONIC,99.631,0.588,
202409,212023,COLA/FIZZY DRINK 330ML PK 4-8,101.994,0.392,
202409,212024,FLAVOURED WATER BOTT 900ML-1.5,107.42,0.34,
202409,212025,"COLA DRINK, REG,BOTTLE,1.25-2L",99.415,0.588,
202409,212026,"COLA DRINK, DIET 1.25-2LTR",95.421,0.882,
202409,212027,FRUIT/VEG SMOOTHIE,101.476,0.294,
202409,212101,SUGAR -GRANULATED-WHITE-PER KG,101.60799999999999,0.599,
202409,212106,JAR OF JAM-340-454G,97.24,0.6890000000000001,
202409,212107,HONEY JAR/BOTTLE 340G-454G,93.31299999999999,0.248,
202409,212202,MINTS,103.789,0.044000000000000004,
202409,212211,CHOCOLATE 4,104.303,0.7909999999999999,
202409,212214,FRUIT PASTILLES 2,109.485,0.44,
202409,212217,CHEWING/BUBBLE GUM-SINGLE PK,103.713,0.08800000000000001,
202409,212218,CARTON/BOX OF CHOCS 150-400GM,93.37,1.355,
202409,212222,CHOCOLATE 10,106.197,1.848,
202409,212223,BRAND CHOC SWEETS 90-185G BAG,108.587,0.616,
202409,212224,"SWEETS, NOT CHOC, 150-250G BAG",98.887,0.527,
202409,212225,CHOCOLATE LARGE BAR 100-200G,114.47,1.848,
202409,212226,CHOCOLATE 12,103.965,0.44,
202409,212228,MALTED CHOCOLATE SWEETS,108.719,0.044000000000000004,
202409,212309,POTATOES-NEW-PER KG,105.90299999999999,0.244,
202409,212310,POTATOES- OLD WHITE PER KG,119.875,0.59,
202409,212311,POTATOES- BAKING PR KG,110.62,0.183,
202409,212402,POTATO CRISPS 25G-50G,102.834,0.733,
202409,212404,POTATO CRISPS-MULTI-PACK,96.536,1.9369999999999998,
202409,212405,FROZEN CHIPS 900G-1.5KG,99.339,0.946,
202409,212408,PREMIUM POTATO CRISPS/CHIPS,98.35700000000001,0.47100000000000003,
202409,212409,P'PARED MASHED POTATO 400-650G,97.28,0.275,
202409,212504,FRESH VEG-CAULIFLOWER-EACH,114.83200000000001,0.419,
202409,212510,FRESH VEG-CUCUMBER-WHOLE,104.869,0.36,
202409,212511,FRESH VEG-LETTUCE-ICEBERG-EACH,119.669,0.3,
202409,212515,FRESH VEG-TOMATOES-PER KG,99.163,0.9590000000000001,
202409,212516,FRESH VEG-CABBAGE-WHOLE-PER KG,103.42299999999999,0.18,
202409,212518,FRESH VEG-CARROTS-PER KG,110.01299999999999,0.3,
202409,212519,FRESH VEG-ONIONS-PER KG,99.227,0.599,
202409,212520,FRESH VEG-MUSHROOMS-PER KG,99.836,0.479,
202409,212530,FRESH VEG-BROCCOLI-PER KG,100.671,0.24,
202409,212531,FRESH VEG-COURGETTE-PER KG,98.51,0.419,
202409,212532,FRESH VEG-PEPPERS -LOOSE OR KG,104.999,0.419,
202409,212533,VEGETABLE STIR FRY FRESH PACK,101.045,0.3,
202409,212535,SWEET POTATO PER KG OR EACH,104.729,0.26899999999999996,
202409,212536,GREEN BEANS PER KG OR PACK,99.67,0.24,
202409,212537,PREPACKED SALAD 75 - 250G,97.66,0.419,
202409,212601,CANNED TOMATOES 390-400G,96.92399999999999,0.281,
202409,212603,"BAKED BEANS, 400-425G TIN",96.897,0.35100000000000003,
202409,212608,CANNED SWEETCORN 198-340G,97.53399999999999,0.19699999999999998,
202409,212609,FROZEN GARDEN PEAS 800G-1KG,102.568,0.18899999999999997,
202409,212612,FROZEN PRE-PREPARED VEGTABLES,100.041,0.302,
202409,212613,PULSES CAN 390 - 420G,92.405,0.21100000000000002,
202409,212709,ORANGES-CLASS 1-EACH,95.458,0.304,
202409,212710,AVOCADO PEAR-EACH,103.696,0.5329999999999999,
202409,212712,KIWI FRUIT-EACH,102.556,0.228,
202409,212715,GRAPEFRUIT-EACH,105.56700000000001,0.228,
202409,212717,APPLES-DESSERT-PER KG,108.641,0.38,
202409,212718,PEARS-DESSERT-PER KG,104.30799999999999,0.228,
202409,212719,BANANAS-PER KG,100.208,0.8370000000000001,
202409,212720,STRAWBERRIES PER KG OR PUNNET,79.31,0.9890000000000001,
202409,212722,GRAPES-PER KG,99.193,0.685,
202409,212725,SMALL TYPE ORANGES PER PACK/KG,98.675,0.228,
202409,212726,PLUMS PER KG/PACK,100.26799999999999,0.5329999999999999,
202409,212730,FRUIT FRESH SNACKING 150-350G,101.666,0.38,
202409,212732,LEMON EACH,102.508,0.228,
202409,212733,BLUEBERRIES PUNNET OR PER KG,97.98200000000001,0.609,
202409,212734,RASPBERRIES PUNNET OR PER KG,97.292,0.456,
202409,212735,APPLES DESSERT EACH,102.454,0.38,
202409,212736,MELON EACH EG HONEYDEW,102.45700000000001,0.228,
202409,212737,PINEAPPLE EACH,105.48100000000001,0.152,
202409,212806,PACKET OF PEANUTS 150-300G,104.699,1.084,
202409,212807,CANNED FRUIT-400-450G,102.90299999999999,0.251,
202409,212808,DRIED FRUIT - EG APRICOTS,100.11,0.374,
202409,212809,BERRIES FROZEN PACK,104.00299999999999,0.14300000000000002,
202409,212905,VEGETABLE PICKLE 280-520G,100.956,0.091,
202409,212910,CANNED SOUP-390-425G,96.42,0.547,
202409,212917,TOMATO KETCHUP BOTTLE 340-570G,99.93799999999999,0.5870000000000001,
202409,212918,FRZN READY-COOKD MEAL SERVES 1,99.708,0.28600000000000003,
202409,212923,COOK-IN SAUCE-JAR/CAN 350-520G,101.219,0.8809999999999999,
202409,212928,FROZ VEG BURGER/GRILL 180-454G,101.885,0.365,
202409,212930,MAYONNAISE 390-500G/420-540MLS,97.036,0.49,
202409,212933,ICE CREAM 450ML-1L,101.60600000000001,0.965,
202409,212934,DRIED POTTED SNACK 50-120G,96.792,0.508,
202409,212936,CHILLED READY MEAL-MEAT-SERVS1,101.59200000000001,0.743,
202409,212937,CHILLED READY MEAL-FISH/VEG,101.03200000000001,0.628,
202409,212938,CHOCOLATE COVERED ICE CREAM,99.111,1.207,
202409,212939,CHILLED PIZZA EACH 300-600G,96.575,0.948,
202409,212940,PROTEIN POWDER 900G-2KG,93.307,0.27399999999999997,
202409,212941,QUICHE 340G-450G,103.51100000000001,0.19,
202409,212942,VEGETABLE CRISPS PACK 80-125G,98.868,0.22699999999999998,
202409,212943,YORKSHIRE PUDDING FROZEN,100.542,0.298,
202409,212944,SAUSAGE MEAT FREE CHILLED PACK,111.781,0.456,
202409,212945,HERBS DRIED JAR 3 - 20G,98.463,0.49,
202409,212946,SUNFLOW/PUMPK SDS PK 100-300G,95.882,0.121,
202409,213003,COFFEE-INSTANT 90 -100G JAR,109.74,0.88,
202409,213005,HOT CHOCOLATE DRINK INSTANT,112.469,0.23199999999999998,
202409,213006,COFFEE PODS PACK 8-16,100.45299999999999,0.341,
202409,213007,COFFEE SACHETS PACK,97.023,0.431,
202410,210102,LGE LOAF-WHTE-UNSLED-750-800G,102.087,0.42100000000000004,
202410,210106,SIX BREAD ROLLS-WHITE/BROWN,99.96,0.655,
202410,210111,WHITE SLICED LOAF BRANDED 750G,99.655,1.0290000000000001,
202410,210113,WHOLEMEAL SLICED LOAF BRANDED,100.014,0.7490000000000001,
202410,210114,CHILLED GARLIC BREAD,101.478,1.31,
202410,210115,WRAP / TORTILLA PACK 6-8,104.245,0.374,
202410,210116,GLUTEN FREE BREAD LF 300-550G,99.715,0.14,
202410,210201,FLOUR-SELF-RAISING-1.5KG,99.61399999999999,0.42,
202410,210204,DRY SPAGHETTI OR PASTA 500G,98.2,0.281,
202410,210211,CORN SNACK SINGLE PACK MAX 50G,100.20700000000001,0.838,
202410,210212,BASMATI RICE 500G-1KG,98.521,0.369,
202410,210213,BREAKFAST CEREAL 1,98.79299999999999,1.056,
202410,210214,BREAKFAST CEREAL 2,100.81200000000001,2.006,
202410,210215,CEREAL BAR,105.445,0.41200000000000003,
202410,210216,HOT OAT CEREAL,99.45299999999999,0.42200000000000004,
202410,210217,RICE MICRO POUCH/TRAY 220-280G,98.053,0.062,
202410,210219,BREAKFAST CEREAL GLUTEN FREE,104.169,0.21100000000000002,
202410,210221,COUSCOUS PLAIN/FLAVOURED,101.368,0.047,
202410,210222,RICE CAKES PACK 100-180G,96.42,0.154,
202410,210301,CREAM CRACKERS PACK 200G-300G,97.536,0.561,
202410,210302,PLAIN BISCUITS-200-300G,99.602,1.604,
202410,210320,WHOLE SPONGE CAKE NOT FROZEN,104.48700000000001,1.2830000000000001,
202410,210321,PACK OF 5-6 INDIVIDUAL CAKES,100.081,2.406,
202410,210323,BISCUITS HALF CHOC 260-400G,101.275,0.802,
202410,210324,CRUMPETS PACK 6-9 SPEC NUMBER,95.05,1.3630000000000002,
202410,210403,HOME KILLED BEEF-LEAN MINCE KG,100.5,0.78,
202410,210406,HOME KLD BEEF-RUMP/POPES STEAK,99.427,1.0659999999999998,
202410,210414,FROZEN BEEFBURGERS PACK OF 4,99.79299999999999,0.41600000000000004,
202410,210416,BEEF ROASTING JOINT PER KG,104.47,0.33799999999999997,
202410,210506,HK LAMB LOIN CHOP/STEAK PER KG,112.10700000000001,1.709,
202410,210707,HOME KILLED PORK CHOP/STEAK,101.985,1.157,
202410,210802,BACON-GAMMON-PER KG,100.77,0.402,
202410,210808,BACON-BACK-PER KG,98.47399999999999,1.83,
202410,210905,FRESH/CHILLED CHICKEN  PER KG,102.061,0.782,
202410,210910,FRESH BONELESS CHICKEN BREAST,98.666,1.787,
202410,210914,FRESH TURKEY DICED/MIN PER KG,101.335,0.223,
202410,211007,CANNED MEAT-STEWED STEAK,100.913,0.139,
202410,211011,INDIVIDUAL MEAT PIE,102.916,0.905,
202410,211014,SAUSAGES-PORK-PER KG,99.838,1.875,
202410,211019,FROZ CHICKEN NUGGETS 220-600G,99.59,0.696,
202410,211023,COOKED HAM PREPACKED SLICED,95.573,2.812,
202410,211024,CONTINENTAL SLICED DELI MEAT,102.074,0.937,
202410,211025,JOINT OV/READ GAM/POR 450-900G,101.56,0.139,
202410,211026,CHICKEN KIEV 2 PACK 240-325G,106.61399999999999,0.696,
202410,211027,H K LIVER PER KG STATE TYPE,119.11,0.201,
202410,211029,COOKED MEAT TURKEY/CHICK SLICE,100.881,0.335,
202410,211030,MEAT BASED SNACK PACK MAX 400G,100.51899999999999,0.835,
202410,211101,FRESH WHITE FISH FILLETS KG,100.321,0.36200000000000004,
202410,211105,FRESH FISH-SALMON FILLETS-KG,101.22200000000001,0.634,
202410,211106,FROZEN PRAWNS PER KG,97.28399999999999,0.914,
202410,211207,"CANNED FISH, TUNA, 130G-200G",96.825,1.0090000000000001,
202410,211210,FROZEN FISH FINGERS 8-12 PK,98.654,0.862,
202410,211211,FROZEN BREAD/BAT FISH 400-550G,101.47200000000001,0.231,
202410,211305,SPREADABLE BUTTER,108.59,0.489,
202410,211306,BUTTER 200-250G SPEC COO,105.33200000000001,0.434,
202410,211408,OLIVE OIL - 500ML - 1 LITRE,123.021,1.02,
202410,211409,"PEANUT BUTTER, JAR, 225-350G",92.12200000000001,0.166,
202410,211410,DAIRY SPREAD/MARGARINE,96.60600000000001,0.975,
202410,211411,DAIRY FREE SPREAD/MARGARINE,101.016,0.10400000000000001,
202410,211412,SPRAY OIL BOTTLE 190-220MLS,103.51,0.054000000000000006,
202410,211501,CHEDDAR-HOME PRODUCED PER KG,99.185,1.983,
202410,211506,"CHEESE SPREAD, 110G-200G TUB",99.119,0.7929999999999999,
202410,211509,HARD REGIONAL CHEESE PER KG,98.405,0.23800000000000002,
202410,211510,PARMESAN CHEESE-PER KG,103.088,0.436,
202410,211511,SOFT CONTINENTAL CHEESE - KG,98.945,0.516,
202410,211604,EGGS PER DOZEN OR 2 X 6 BOX,102.32,1.37,
202410,211707,DELVD MILK SEMI-SKIMMED PER PT,100.53200000000001,0.14800000000000002,
202410,211709,SHOP MILK-WHOLE MILK-4PT/2LTR,99.772,0.601,
202410,211710,MILK SEMI-PER 2 PINTS/1.136 L,99.932,2.1830000000000003,
202410,211713,"MILK FLAVOURED, 180-500MLS/GMS",100.586,0.282,
202410,211714,NON-DAIRY MILK DRINK 900ML-1LT,97.31700000000001,0.387,
202410,211807,"YOGHURT/FROMAGE 4-6PK, 45-125G",100.49700000000001,1.62,
202410,211808,CHILLED POT DESSERT 125-200G,101.66,0.986,
202410,211814,YOGHURT-SMALL INDIVIDUAL,98.87299999999999,0.504,
202410,211815,FRESH DOUBLE CREAM 250ML-300ML,105.48,0.563,
202410,211816,POWDERED BABY FORMULA 400-900G,97.17399999999999,0.376,
202410,211901,TEA BAGS PKT OF 80 (230G-250G),101.61,0.473,
202410,211904,TEA BAGS PACKET OF 210-240,106.46600000000001,0.141,
202410,211905,"FLAVRD TEA 15-20 BAGS, 30-40G",102.805,0.092,
202410,212001,"FRUIT SQUASH, 750ML - 1.5LT",100.329,0.8809999999999999,
202410,212006,FRUIT JUICE NOT ORANGE 1L,102.801,0.5870000000000001,
202410,212008,LEMONADE-2 LITRE BOTTLE,101.44,0.196,
202410,212010,MINERAL WATER STILL 1.5-2L,101.98299999999999,0.28300000000000003,
202410,212015,FIZZY ENERGY DRINK 250-500ML,108.213,1.274,
202410,212016,FRESH/CHILL ORANGE JUICE 900ML,108.611,0.8809999999999999,
202410,212017,FIZZY BOTTLED DRINK 500ML,102.223,1.568,
202410,212020,FRUIT DRINK BOTTLE 4-8 PACK,97.288,0.098,
202410,212021,BOTTLE STILL WATER 500ML,102.37799999999999,0.28300000000000003,
202410,212022,MIXER DRINK BOTTLE 1L EG TONIC,99.039,0.588,
202410,212023,COLA/FIZZY DRINK 330ML PK 4-8,105.727,0.392,
202410,212024,FLAVOURED WATER BOTT 900ML-1.5,103.76799999999999,0.34,
202410,212025,"COLA DRINK, REG,BOTTLE,1.25-2L",98.641,0.588,
202410,212026,"COLA DRINK, DIET 1.25-2LTR",97.625,0.882,
202410,212027,FRUIT/VEG SMOOTHIE,103.305,0.294,
202410,212101,SUGAR -GRANULATED-WHITE-PER KG,101.38600000000001,0.599,
202410,212106,JAR OF JAM-340-454G,96.831,0.6890000000000001,
202410,212107,HONEY JAR/BOTTLE 340G-454G,93.999,0.248,
202410,212202,MINTS,102.665,0.044000000000000004,
202410,212211,CHOCOLATE 4,102.848,0.7909999999999999,
202410,212214,FRUIT PASTILLES 2,107.90899999999999,0.44,
202410,212217,CHEWING/BUBBLE GUM-SINGLE PK,102.884,0.08800000000000001,
202410,212218,CARTON/BOX OF CHOCS 150-400GM,95.335,1.355,
202410,212222,CHOCOLATE 10,107.556,1.848,
202410,212223,BRAND CHOC SWEETS 90-185G BAG,108.274,0.616,
202410,212224,"SWEETS, NOT CHOC, 150-250G BAG",96.516,0.527,
202410,212225,CHOCOLATE LARGE BAR 100-200G,114.788,1.848,
202410,212226,CHOCOLATE 12,104.294,0.44,
202410,212228,MALTED CHOCOLATE SWEETS,108.632,0.044000000000000004,
202410,212309,POTATOES-NEW-PER KG,102.64,0.244,
202410,212310,POTATOES- OLD WHITE PER KG,119.441,0.59,
202410,212311,POTATOES- BAKING PR KG,111.73200000000001,0.183,
202410,212402,POTATO CRISPS 25G-50G,103.007,0.733,
202410,212404,POTATO CRISPS-MULTI-PACK,98.757,1.9369999999999998,
202410,212405,FROZEN CHIPS 900G-1.5KG,97.917,0.946,
202410,212408,PREMIUM POTATO CRISPS/CHIPS,96.585,0.47100000000000003,
202410,212409,P'PARED MASHED POTATO 400-650G,94.21799999999999,0.275,
202410,212504,FRESH VEG-CAULIFLOWER-EACH,113.455,0.419,
202410,212510,FRESH VEG-CUCUMBER-WHOLE,104.47399999999999,0.36,
202410,212511,FRESH VEG-LETTUCE-ICEBERG-EACH,120.762,0.3,
202410,212515,FRESH VEG-TOMATOES-PER KG,100.60600000000001,0.9590000000000001,
202410,212516,FRESH VEG-CABBAGE-WHOLE-PER KG,103.741,0.18,
202410,212518,FRESH VEG-CARROTS-PER KG,109.885,0.3,
202410,212519,FRESH VEG-ONIONS-PER KG,97.97,0.599,
202410,212520,FRESH VEG-MUSHROOMS-PER KG,99.27799999999999,0.479,
202410,212530,FRESH VEG-BROCCOLI-PER KG,99.618,0.24,
202410,212531,FRESH VEG-COURGETTE-PER KG,100.271,0.419,
202410,212532,FRESH VEG-PEPPERS -LOOSE OR KG,105.208,0.419,
202410,212533,VEGETABLE STIR FRY FRESH PACK,100.571,0.3,
202410,212535,SWEET POTATO PER KG OR EACH,103.436,0.26899999999999996,
202410,212536,GREEN BEANS PER KG OR PACK,99.87200000000001,0.24,
202410,212537,PREPACKED SALAD 75 - 250G,97.99,0.419,
202410,212601,CANNED TOMATOES 390-400G,96.285,0.281,
202410,212603,"BAKED BEANS, 400-425G TIN",96.74600000000001,0.35100000000000003,
202410,212608,CANNED SWEETCORN 198-340G,97.686,0.19699999999999998,
202410,212609,FROZEN GARDEN PEAS 800G-1KG,102.93,0.18899999999999997,
202410,212612,FROZEN PRE-PREPARED VEGTABLES,97.986,0.302,
202410,212613,PULSES CAN 390 - 420G,92.587,0.21100000000000002,
202410,212709,ORANGES-CLASS 1-EACH,97.259,0.304,
202410,212710,AVOCADO PEAR-EACH,103.725,0.5329999999999999,
202410,212712,KIWI FRUIT-EACH,102.891,0.228,
202410,212715,GRAPEFRUIT-EACH,105.618,0.228,
202410,212717,APPLES-DESSERT-PER KG,109.693,0.38,
202410,212718,PEARS-DESSERT-PER KG,104.241,0.228,
202410,212719,BANANAS-PER KG,100.11200000000001,0.8370000000000001,
202410,212720,STRAWBERRIES PER KG OR PUNNET,96.137,0.9890000000000001,
202410,212722,GRAPES-PER KG,98.242,0.685,
202410,212725,SMALL TYPE ORANGES PER PACK/KG,97.509,0.228,
202410,212726,PLUMS PER KG/PACK,99.28,0.5329999999999999,
202410,212730,FRUIT FRESH SNACKING 150-350G,101.779,0.38,
202410,212732,LEMON EACH,101.465,0.228,
202410,212733,BLUEBERRIES PUNNET OR PER KG,99.677,0.609,
202410,212734,RASPBERRIES PUNNET OR PER KG,102.772,0.456,
202410,212735,APPLES DESSERT EACH,104.165,0.38,
202410,212736,MELON EACH EG HONEYDEW,101.406,0.228,
202410,212737,PINEAPPLE EACH,102.681,0.152,
202410,212806,PACKET OF PEANUTS 150-300G,105.802,1.084,
202410,212807,CANNED FRUIT-400-450G,103.634,0.251,
202410,212808,DRIED FRUIT - EG APRICOTS,101.235,0.374,
202410,212809,BERRIES FROZEN PACK,103.555,0.14300000000000002,
202410,212905,VEGETABLE PICKLE 280-520G,101.40299999999999,0.091,
202410,212910,CANNED SOUP-390-425G,95.961,0.547,
202410,212917,TOMATO KETCHUP BOTTLE 340-570G,96.475,0.5870000000000001,
202410,212918,FRZN READY-COOKD MEAL SERVES 1,100.499,0.28600000000000003,
202410,212923,COOK-IN SAUCE-JAR/CAN 350-520G,101.883,0.8809999999999999,
202410,212928,FROZ VEG BURGER/GRILL 180-454G,105.431,0.365,
202410,212930,MAYONNAISE 390-500G/420-540MLS,94.655,0.49,
202410,212933,ICE CREAM 450ML-1L,99.553,0.965,
202410,212934,DRIED POTTED SNACK 50-120G,96.84299999999999,0.508,
202410,212936,CHILLED READY MEAL-MEAT-SERVS1,101.314,0.743,
202410,212937,CHILLED READY MEAL-FISH/VEG,100.81299999999999,0.628,
202410,212938,CHOCOLATE COVERED ICE CREAM,92.583,1.207,
202410,212939,CHILLED PIZZA EACH 300-600G,102.654,0.948,
202410,212940,PROTEIN POWDER 900G-2KG,95.613,0.27399999999999997,
202410,212941,QUICHE 340G-450G,96.557,0.19,
202410,212942,VEGETABLE CRISPS PACK 80-125G,105.296,0.22699999999999998,
202410,212943,YORKSHIRE PUDDING FROZEN,101.07,0.298,
202410,212944,SAUSAGE MEAT FREE CHILLED PACK,112.094,0.456,
202410,212945,HERBS DRIED JAR 3 - 20G,101.24,0.49,
202410,212946,SUNFLOW/PUMPK SDS PK 100-300G,95.052,0.121,
202410,213003,COFFEE-INSTANT 90 -100G JAR,107.133,0.88,
202410,213005,HOT CHOCOLATE DRINK INSTANT,112.26100000000001,0.23199999999999998,
202410,213006,COFFEE PODS PACK 8-16,98.84700000000001,0.341,
202410,213007,COFFEE SACHETS PACK,100.13799999999999,0.431,
202411,210102,LGE LOAF-WHTE-UNSLED-750-800G,102.267,0.421,
202411,210106,SIX BREAD ROLLS-WHITE/BROWN,96.494,0.655,
202411,210111,WHITE SLICED LOAF BRANDED 750G,99.67,1.029,
202411,210113,WHOLEMEAL SLICED LOAF BRANDED,99.103,0.749,
202411,210114,CHILLED GARLIC BREAD,102.751,1.31,
202411,210115,WRAP / TORTILLA PACK 6-8,105.127,0.374,
202411,210116,GLUTEN FREE BREAD LF 300-550G,99.324,0.14,
202411,210201,FLOUR-SELF-RAISING-1.5KG,99.847,0.42,
202411,210204,DRY SPAGHETTI OR PASTA 500G,99.992,0.281,
202411,210211,CORN SNACK SINGLE PACK MAX 50G,101.354,0.838,
202411,210212,BASMATI RICE 500G-1KG,96.63,0.369,
202411,210213,BREAKFAST CEREAL 1,104.409,1.056,
202411,210214,BREAKFAST CEREAL 2,102.441,2.006,
202411,210215,CEREAL BAR,104.164,0.412,
202411,210216,HOT OAT CEREAL,100.168,0.422,
202411,210217,RICE MICRO POUCH/TRAY 220-280G,98.785,0.062,
202411,210219,BREAKFAST CEREAL GLUTEN FREE,102.026,0.211,
202411,210221,COUSCOUS PLAIN/FLAVOURED,101.375,0.047,
202411,210222,RICE CAKES PACK 100-180G,98.057,0.154,
202411,210301,CREAM CRACKERS PACK 200G-300G,97.16,0.561,
202411,210302,PLAIN BISCUITS-200-300G,99.994,1.604,
202411,210320,WHOLE SPONGE CAKE NOT FROZEN,106.824,1.283,
202411,210321,PACK OF 5-6 INDIVIDUAL CAKES,102.199,2.406,
202411,210323,BISCUITS HALF CHOC 260-400G,107.141,0.802,
202411,210324,CRUMPETS PACK 6-9 SPEC NUMBER,95.528,1.363,
202411,210403,HOME KILLED BEEF-LEAN MINCE KG,100.157,0.78,
202411,210406,HOME KLD BEEF-RUMP/POPES STEAK,99.352,1.066,
202411,210414,FROZEN BEEFBURGERS PACK OF 4,99.475,0.416,
202411,210416,BEEF ROASTING JOINT PER KG,105.009,0.338,
202411,210506,HK LAMB LOIN CHOP/STEAK PER KG,110.584,1.709,
202411,210707,HOME KILLED PORK CHOP/STEAK,100.47,1.157,
202411,210802,BACON-GAMMON-PER KG,101.07,0.402,
202411,210808,BACON-BACK-PER KG,98.722,1.83,
202411,210905,FRESH/CHILLED CHICKEN  PER KG,101.23,0.782,
202411,210910,FRESH BONELESS CHICKEN BREAST,98.687,1.787,
202411,210914,FRESH TURKEY DICED/MIN PER KG,104.179,0.223,
202411,211007,CANNED MEAT-STEWED STEAK,102.123,0.139,
202411,211011,INDIVIDUAL MEAT PIE,101.344,0.905,
202411,211014,SAUSAGES-PORK-PER KG,99.491,1.875,
202411,211019,FROZ CHICKEN NUGGETS 220-600G,99.711,0.696,
202411,211023,COOKED HAM PREPACKED SLICED,93.618,2.812,
202411,211024,CONTINENTAL SLICED DELI MEAT,103.057,0.937,
202411,211025,JOINT OV/READ GAM/POR 450-900G,99.285,0.139,
202411,211026,CHICKEN KIEV 2 PACK 240-325G,106.879,0.696,
202411,211027,H K LIVER PER KG STATE TYPE,119.289,0.201,
202411,211029,COOKED MEAT TURKEY/CHICK SLICE,100.531,0.335,
202411,211030,MEAT BASED SNACK PACK MAX 400G,99.211,0.835,
202411,211101,FRESH WHITE FISH FILLETS KG,102.784,0.362,
202411,211105,FRESH FISH-SALMON FILLETS-KG,103.949,0.634,
202411,211106,FROZEN PRAWNS PER KG,96.016,0.914,
202411,211207,"CANNED FISH, TUNA, 130G-200G",96.025,1.009,
202411,211210,FROZEN FISH FINGERS 8-12 PK,102.35,0.862,
202411,211211,FROZEN BREAD/BAT FISH 400-550G,99.612,0.231,
202411,211305,SPREADABLE BUTTER,106.167,0.489,
202411,211306,BUTTER 200-250G SPEC COO,109.193,0.434,
202411,211408,OLIVE OIL - 500ML - 1 LITRE,123.667,1.02,
202411,211409,"PEANUT BUTTER, JAR, 225-350G",92.61,0.166,
202411,211410,DAIRY SPREAD/MARGARINE,102.354,0.975,
202411,211411,DAIRY FREE SPREAD/MARGARINE,95.424,0.104,
202411,211412,SPRAY OIL BOTTLE 190-220MLS,103.062,0.054,
202411,211501,CHEDDAR-HOME PRODUCED PER KG,100.431,1.983,
202411,211506,"CHEESE SPREAD, 110G-200G TUB",101.238,0.793,
202411,211509,HARD REGIONAL CHEESE PER KG,99.893,0.238,
202411,211510,PARMESAN CHEESE-PER KG,103.387,0.436,
202411,211511,SOFT CONTINENTAL CHEESE - KG,98.787,0.516,
202411,211604,EGGS PER DOZEN OR 2 X 6 BOX,103.16,1.37,
202411,211707,DELVD MILK SEMI-SKIMMED PER PT,100.532,0.148,
202411,211709,SHOP MILK-WHOLE MILK-4PT/2LTR,99.854,0.601,
202411,211710,MILK SEMI-PER 2 PINTS/1.136 L,99.764,2.183,
202411,211713,"MILK FLAVOURED, 180-500MLS/GMS",94.542,0.282,
202411,211714,NON-DAIRY MILK DRINK 900ML-1LT,100.181,0.387,
202411,211807,"YOGHURT/FROMAGE 4-6PK, 45-125G",107.461,1.62,
202411,211808,CHILLED POT DESSERT 125-200G,101.78,0.986,
202411,211814,YOGHURT-SMALL INDIVIDUAL,100.114,0.504,
202411,211815,FRESH DOUBLE CREAM 250ML-300ML,107.648,0.563,
202411,211816,POWDERED BABY FORMULA 400-900G,97.158,0.376,
202411,211901,TEA BAGS PKT OF 80 (230G-250G),105.29,0.473,
202411,211904,TEA BAGS PACKET OF 210-240,104.791,0.141,
202411,211905,"FLAVRD TEA 15-20 BAGS, 30-40G",97.902,0.092,
202411,212001,"FRUIT SQUASH, 750ML - 1.5LT",99.572,0.881,
202411,212006,FRUIT JUICE NOT ORANGE 1L,104.992,0.587,
202411,212008,LEMONADE-2 LITRE BOTTLE,101.357,0.196,
202411,212010,MINERAL WATER STILL 1.5-2L,103.241,0.283,
202411,212015,FIZZY ENERGY DRINK 250-500ML,107.681,1.274,
202411,212016,FRESH/CHILL ORANGE JUICE 900ML,103.152,0.881,
202411,212017,FIZZY BOTTLED DRINK 500ML,102.559,1.568,
202411,212020,FRUIT DRINK BOTTLE 4-8 PACK,95.543,0.098,
202411,212021,BOTTLE STILL WATER 500ML,102.841,0.283,
202411,212022,MIXER DRINK BOTTLE 1L EG TONIC,100.032,0.588,
202411,212023,COLA/FIZZY DRINK 330ML PK 4-8,105.106,0.392,
202411,212024,FLAVOURED WATER BOTT 900ML-1.5,108.01,0.34,
202411,212025,"COLA DRINK, REG,BOTTLE,1.25-2L",99.205,0.588,
202411,212026,"COLA DRINK, DIET 1.25-2LTR",95.527,0.882,
202411,212027,FRUIT/VEG SMOOTHIE,106.474,0.294,
202411,212101,SUGAR -GRANULATED-WHITE-PER KG,101.389,0.599,
202411,212106,JAR OF JAM-340-454G,96.865,0.689,
202411,212107,HONEY JAR/BOTTLE 340G-454G,95.509,0.248,
202411,212202,MINTS,102.363,0.044,
202411,212211,CHOCOLATE 4,101.992,0.791,
202411,212214,FRUIT PASTILLES 2,108.66,0.44,
202411,212217,CHEWING/BUBBLE GUM-SINGLE PK,102.392,0.088,
202411,212218,CARTON/BOX OF CHOCS 150-400GM,93.371,1.355,
202411,212222,CHOCOLATE 10,105.657,1.848,
202411,212223,BRAND CHOC SWEETS 90-185G BAG,109.574,0.616,
202411,212224,"SWEETS, NOT CHOC, 150-250G BAG",103.811,0.527,
202411,212225,CHOCOLATE LARGE BAR 100-200G,118.248,1.848,
202411,212226,CHOCOLATE 12,104.407,0.44,
202411,212228,MALTED CHOCOLATE SWEETS,105.656,0.044,
202411,212309,POTATOES-NEW-PER KG,108.116,0.244,
202411,212310,POTATOES- OLD WHITE PER KG,119.714,0.59,
202411,212311,POTATOES- BAKING PR KG,110.597,0.183,
202411,212402,POTATO CRISPS 25G-50G,106.558,0.733,
202411,212404,POTATO CRISPS-MULTI-PACK,97.882,1.937,
202411,212405,FROZEN CHIPS 900G-1.5KG,98.297,0.946,
202411,212408,PREMIUM POTATO CRISPS/CHIPS,94.028,0.471,
202411,212409,P'PARED MASHED POTATO 400-650G,95.441,0.275,
202411,212504,FRESH VEG-CAULIFLOWER-EACH,114.445,0.419,
202411,212510,FRESH VEG-CUCUMBER-WHOLE,103.708,0.36,
202411,212511,FRESH VEG-LETTUCE-ICEBERG-EACH,122.576,0.3,
202411,212515,FRESH VEG-TOMATOES-PER KG,100.918,0.959,
202411,212516,FRESH VEG-CABBAGE-WHOLE-PER KG,102.908,0.18,
202411,212518,FRESH VEG-CARROTS-PER KG,108.951,0.3,
202411,212519,FRESH VEG-ONIONS-PER KG,97.36,0.599,
202411,212520,FRESH VEG-MUSHROOMS-PER KG,100.021,0.479,
202411,212530,FRESH VEG-BROCCOLI-PER KG,100.785,0.24,
202411,212531,FRESH VEG-COURGETTE-PER KG,97.506,0.419,
202411,212532,FRESH VEG-PEPPERS -LOOSE OR KG,104.817,0.419,
202411,212533,VEGETABLE STIR FRY FRESH PACK,101.005,0.3,
202411,212535,SWEET POTATO PER KG OR EACH,104.833,0.269,
202411,212536,GREEN BEANS PER KG OR PACK,99.461,0.24,
202411,212537,PREPACKED SALAD 75 - 250G,97.775,0.419,
202411,212601,CANNED TOMATOES 390-400G,96.647,0.281,
202411,212603,"BAKED BEANS, 400-425G TIN",96.7,0.351,
202411,212608,CANNED SWEETCORN 198-340G,97.58,0.197,
202411,212609,FROZEN GARDEN PEAS 800G-1KG,102.796,0.189,
202411,212612,FROZEN PRE-PREPARED VEGTABLES,99.277,0.302,
202411,212613,PULSES CAN 390 - 420G,90.866,0.211,
202411,212709,ORANGES-CLASS 1-EACH,97.276,0.304,
202411,212710,AVOCADO PEAR-EACH,103.491,0.533,
202411,212712,KIWI FRUIT-EACH,102.884,0.228,
202411,212715,GRAPEFRUIT-EACH,102.854,0.228,
202411,212717,APPLES-DESSERT-PER KG,106.326,0.38,
202411,212718,PEARS-DESSERT-PER KG,103.642,0.228,
202411,212719,BANANAS-PER KG,100.009,0.837,
202411,212720,STRAWBERRIES PER KG OR PUNNET,103.535,0.989,
202411,212722,GRAPES-PER KG,103.042,0.685,
202411,212725,SMALL TYPE ORANGES PER PACK/KG,94.302,0.228,
202411,212726,PLUMS PER KG/PACK,101.543,0.533,
202411,212730,FRUIT FRESH SNACKING 150-350G,101.984,0.38,
202411,212732,LEMON EACH,102.332,0.228,
202411,212733,BLUEBERRIES PUNNET OR PER KG,98.853,0.609,
202411,212734,RASPBERRIES PUNNET OR PER KG,99.785,0.456,
202411,212735,APPLES DESSERT EACH,104.413,0.38,
202411,212736,MELON EACH EG HONEYDEW,102.045,0.228,
202411,212737,PINEAPPLE EACH,102.132,0.152,
202411,212806,PACKET OF PEANUTS 150-300G,105.685,1.084,
202411,212807,CANNED FRUIT-400-450G,103.967,0.251,
202411,212808,DRIED FRUIT - EG APRICOTS,101.046,0.374,
202411,212809,BERRIES FROZEN PACK,102.707,0.143,
202411,212905,VEGETABLE PICKLE 280-520G,101.586,0.091,
202411,212910,CANNED SOUP-390-425G,95.776,0.547,
202411,212917,TOMATO KETCHUP BOTTLE 340-570G,101.357,0.587,
202411,212918,FRZN READY-COOKD MEAL SERVES 1,95.792,0.286,
202411,212923,COOK-IN SAUCE-JAR/CAN 350-520G,102.808,0.881,
202411,212928,FROZ VEG BURGER/GRILL 180-454G,101.926,0.365,
202411,212930,MAYONNAISE 390-500G/420-540MLS,96.501,0.49,
202411,212933,ICE CREAM 450ML-1L,97.443,0.965,
202411,212934,DRIED POTTED SNACK 50-120G,97.659,0.508,
202411,212936,CHILLED READY MEAL-MEAT-SERVS1,102.103,0.743,
202411,212937,CHILLED READY MEAL-FISH/VEG,101.349,0.628,
202411,212938,CHOCOLATE COVERED ICE CREAM,99.251,1.207,
202411,212939,CHILLED PIZZA EACH 300-600G,99.372,0.948,
202411,212940,PROTEIN POWDER 900G-2KG,92.595,0.274,
202411,212941,QUICHE 340G-450G,96.063,0.19,
202411,212942,VEGETABLE CRISPS PACK 80-125G,106.044,0.227,
202411,212943,YORKSHIRE PUDDING FROZEN,99.413,0.298,
202411,212944,SAUSAGE MEAT FREE CHILLED PACK,111.575,0.456,
202411,212945,HERBS DRIED JAR 3 - 20G,98.361,0.49,
202411,212946,SUNFLOW/PUMPK SDS PK 100-300G,96.645,0.121,
202411,213003,COFFEE-INSTANT 90 -100G JAR,109.955,0.88,
202411,213005,HOT CHOCOLATE DRINK INSTANT,106.357,0.232,
202411,213006,COFFEE PODS PACK 8-16,97.28,0.341,
202411,213007,COFFEE SACHETS PACK,97.174,0.431,
202412,210102,LGE LOAF-WHTE-UNSLED-750-800G,102.758,0.42100000000000004,
202412,210106,SIX BREAD ROLLS-WHITE/BROWN,96.71600000000001,0.655,
202412,210111,WHITE SLICED LOAF BRANDED 750G,99.603,1.0290000000000001,
202412,210113,WHOLEMEAL SLICED LOAF BRANDED,99.26299999999999,0.7490000000000001,
202412,210114,CHILLED GARLIC BREAD,104.102,1.31,
202412,210115,WRAP / TORTILLA PACK 6-8,106.93,0.374,
202412,210116,GLUTEN FREE BREAD LF 300-550G,99.652,0.14,
202412,210201,FLOUR-SELF-RAISING-1.5KG,100.15700000000001,0.42,
202412,210204,DRY SPAGHETTI OR PASTA 500G,100.93299999999999,0.281,
202412,210211,CORN SNACK SINGLE PACK MAX 50G,103.32700000000001,0.838,
202412,210212,BASMATI RICE 500G-1KG,96.619,0.369,
202412,210213,BREAKFAST CEREAL 1,100.99700000000001,1.056,
202412,210214,BREAKFAST CEREAL 2,102.587,2.006,
202412,210215,CEREAL BAR,103.774,0.41200000000000003,
202412,210216,HOT OAT CEREAL,100.007,0.42200000000000004,
202412,210217,RICE MICRO POUCH/TRAY 220-280G,100.06,0.062,
202412,210219,BREAKFAST CEREAL GLUTEN FREE,105.133,0.21100000000000002,
202412,210221,COUSCOUS PLAIN/FLAVOURED,99.32700000000001,0.047,
202412,210222,RICE CAKES PACK 100-180G,97.523,0.154,
202412,210301,CREAM CRACKERS PACK 200G-300G,97.182,0.561,
202412,210302,PLAIN BISCUITS-200-300G,101.17200000000001,1.604,
202412,210320,WHOLE SPONGE CAKE NOT FROZEN,111.18700000000001,1.2830000000000001,
202412,210321,PACK OF 5-6 INDIVIDUAL CAKES,107.649,2.406,
202412,210323,BISCUITS HALF CHOC 260-400G,101.671,0.802,
202412,210324,CRUMPETS PACK 6-9 SPEC NUMBER,96.39399999999999,1.3630000000000002,
202412,210403,HOME KILLED BEEF-LEAN MINCE KG,101.42,0.78,
202412,210406,HOME KLD BEEF-RUMP/POPES STEAK,100.181,1.0659999999999998,
202412,210414,FROZEN BEEFBURGERS PACK OF 4,101.031,0.41600000000000004,
202412,210416,BEEF ROASTING JOINT PER KG,102.751,0.33799999999999997,
202412,210506,HK LAMB LOIN CHOP/STEAK PER KG,111.664,1.709,
202412,210707,HOME KILLED PORK CHOP/STEAK,102.906,1.157,
202412,210802,BACON-GAMMON-PER KG,99.456,0.402,
202412,210808,BACON-BACK-PER KG,98.40700000000001,1.83,
202412,210905,FRESH/CHILLED CHICKEN  PER KG,100.04,0.782,
202412,210910,FRESH BONELESS CHICKEN BREAST,98.71600000000001,1.787,
202412,210914,FRESH TURKEY DICED/MIN PER KG,103.814,0.223,
202412,211007,CANNED MEAT-STEWED STEAK,102.581,0.139,
202412,211011,INDIVIDUAL MEAT PIE,103.285,0.905,
202412,211014,SAUSAGES-PORK-PER KG,99.334,1.875,
202412,211019,FROZ CHICKEN NUGGETS 220-600G,99.094,0.696,
202412,211023,COOKED HAM PREPACKED SLICED,92.555,2.812,
202412,211024,CONTINENTAL SLICED DELI MEAT,102.959,0.937,
202412,211025,JOINT OV/READ GAM/POR 450-900G,96.523,0.139,
202412,211026,CHICKEN KIEV 2 PACK 240-325G,106.01700000000001,0.696,
202412,211027,H K LIVER PER KG STATE TYPE,120.38,0.201,
202412,211029,COOKED MEAT TURKEY/CHICK SLICE,102.146,0.335,
202412,211030,MEAT BASED SNACK PACK MAX 400G,99.681,0.835,
202412,211101,FRESH WHITE FISH FILLETS KG,103.745,0.36200000000000004,
202412,211105,FRESH FISH-SALMON FILLETS-KG,104.64,0.634,
202412,211106,FROZEN PRAWNS PER KG,94.995,0.914,
202412,211207,"CANNED FISH, TUNA, 130G-200G",96.12100000000001,1.0090000000000001,
202412,211210,FROZEN FISH FINGERS 8-12 PK,98.20100000000001,0.862,
202412,211211,FROZEN BREAD/BAT FISH 400-550G,101.68700000000001,0.231,
202412,211305,SPREADABLE BUTTER,111.053,0.489,
202412,211306,BUTTER 200-250G SPEC COO,111.725,0.434,
202412,211408,OLIVE OIL - 500ML - 1 LITRE,122.32,1.02,
202412,211409,"PEANUT BUTTER, JAR, 225-350G",92.625,0.166,
202412,211410,DAIRY SPREAD/MARGARINE,104.944,0.975,
202412,211411,DAIRY FREE SPREAD/MARGARINE,97.346,0.10400000000000001,
202412,211412,SPRAY OIL BOTTLE 190-220MLS,107.04899999999999,0.054000000000000006,
202412,211501,CHEDDAR-HOME PRODUCED PER KG,100.945,1.983,
202412,211506,"CHEESE SPREAD, 110G-200G TUB",101.384,0.7929999999999999,
202412,211509,HARD REGIONAL CHEESE PER KG,100.336,0.23800000000000002,
202412,211510,PARMESAN CHEESE-PER KG,103.98700000000001,0.436,
202412,211511,SOFT CONTINENTAL CHEESE - KG,102.40299999999999,0.516,
202412,211604,EGGS PER DOZEN OR 2 X 6 BOX,103.346,1.37,
202412,211707,DELVD MILK SEMI-SKIMMED PER PT,100.60600000000001,0.14800000000000002,
202412,211709,SHOP MILK-WHOLE MILK-4PT/2LTR,99.965,0.601,
202412,211710,MILK SEMI-PER 2 PINTS/1.136 L,99.743,2.1830000000000003,
202412,211713,"MILK FLAVOURED, 180-500MLS/GMS",101.79299999999999,0.282,
202412,211714,NON-DAIRY MILK DRINK 900ML-1LT,101.58200000000001,0.387,
202412,211807,"YOGHURT/FROMAGE 4-6PK, 45-125G",102.64299999999999,1.62,
202412,211808,CHILLED POT DESSERT 125-200G,102.584,0.986,
202412,211814,YOGHURT-SMALL INDIVIDUAL,99.973,0.504,
202412,211815,FRESH DOUBLE CREAM 250ML-300ML,112.605,0.563,
202412,211816,POWDERED BABY FORMULA 400-900G,96.98,0.376,
202412,211901,TEA BAGS PKT OF 80 (230G-250G),104.52799999999999,0.473,
202412,211904,TEA BAGS PACKET OF 210-240,105.428,0.141,
202412,211905,"FLAVRD TEA 15-20 BAGS, 30-40G",103.416,0.092,
202412,212001,"FRUIT SQUASH, 750ML - 1.5LT",99.479,0.8809999999999999,
202412,212006,FRUIT JUICE NOT ORANGE 1L,105.03200000000001,0.5870000000000001,
202412,212008,LEMONADE-2 LITRE BOTTLE,99.711,0.196,
202412,212010,MINERAL WATER STILL 1.5-2L,101.859,0.28300000000000003,
202412,212015,FIZZY ENERGY DRINK 250-500ML,108.162,1.274,
202412,212016,FRESH/CHILL ORANGE JUICE 900ML,106.646,0.8809999999999999,
202412,212017,FIZZY BOTTLED DRINK 500ML,102.454,1.568,
202412,212020,FRUIT DRINK BOTTLE 4-8 PACK,99.065,0.098,
202412,212021,BOTTLE STILL WATER 500ML,104.035,0.28300000000000003,
202412,212022,MIXER DRINK BOTTLE 1L EG TONIC,101.633,0.588,
202412,212023,COLA/FIZZY DRINK 330ML PK 4-8,105.805,0.392,
202412,212024,FLAVOURED WATER BOTT 900ML-1.5,105.904,0.34,
202412,212025,"COLA DRINK, REG,BOTTLE,1.25-2L",96.906,0.588,
202412,212026,"COLA DRINK, DIET 1.25-2LTR",94.236,0.882,
202412,212027,FRUIT/VEG SMOOTHIE,100.927,0.294,
202412,212101,SUGAR -GRANULATED-WHITE-PER KG,99.225,0.599,
202412,212106,JAR OF JAM-340-454G,96.887,0.6890000000000001,
202412,212107,HONEY JAR/BOTTLE 340G-454G,93.917,0.248,
202412,212202,MINTS,103.743,0.044000000000000004,
202412,212211,CHOCOLATE 4,104.16799999999999,0.7909999999999999,
202412,212214,FRUIT PASTILLES 2,111.255,0.44,
202412,212217,CHEWING/BUBBLE GUM-SINGLE PK,104.34899999999999,0.08800000000000001,
202412,212218,CARTON/BOX OF CHOCS 150-400GM,89.11399999999999,1.355,
202412,212222,CHOCOLATE 10,109.99600000000001,1.848,
202412,212223,BRAND CHOC SWEETS 90-185G BAG,111.792,0.616,
202412,212224,"SWEETS, NOT CHOC, 150-250G BAG",102.39200000000001,0.527,
202412,212225,CHOCOLATE LARGE BAR 100-200G,121.59,1.848,
202412,212226,CHOCOLATE 12,106.34100000000001,0.44,
202412,212228,MALTED CHOCOLATE SWEETS,108.223,0.044000000000000004,
202412,212309,POTATOES-NEW-PER KG,107.477,0.244,
202412,212310,POTATOES- OLD WHITE PER KG,119.823,0.59,
202412,212311,POTATOES- BAKING PR KG,111.54,0.183,
202412,212402,POTATO CRISPS 25G-50G,107.46,0.733,
202412,212404,POTATO CRISPS-MULTI-PACK,100.744,1.9369999999999998,
202412,212405,FROZEN CHIPS 900G-1.5KG,100.758,0.946,
202412,212408,PREMIUM POTATO CRISPS/CHIPS,89.588,0.47100000000000003,
202412,212409,P'PARED MASHED POTATO 400-650G,95.05799999999999,0.275,
202412,212504,FRESH VEG-CAULIFLOWER-EACH,111.604,0.419,
202412,212510,FRESH VEG-CUCUMBER-WHOLE,104.00399999999999,0.36,
202412,212511,FRESH VEG-LETTUCE-ICEBERG-EACH,121.709,0.3,
202412,212515,FRESH VEG-TOMATOES-PER KG,100.03,0.9590000000000001,
202412,212516,FRESH VEG-CABBAGE-WHOLE-PER KG,102.7,0.18,
202412,212518,FRESH VEG-CARROTS-PER KG,108.911,0.3,
202412,212519,FRESH VEG-ONIONS-PER KG,96.991,0.599,
202412,212520,FRESH VEG-MUSHROOMS-PER KG,100.62700000000001,0.479,
202412,212530,FRESH VEG-BROCCOLI-PER KG,100.694,0.24,
202412,212531,FRESH VEG-COURGETTE-PER KG,100.19200000000001,0.419,
202412,212532,FRESH VEG-PEPPERS -LOOSE OR KG,104.708,0.419,
202412,212533,VEGETABLE STIR FRY FRESH PACK,100.95700000000001,0.3,
202412,212535,SWEET POTATO PER KG OR EACH,104.589,0.26899999999999996,
202412,212536,GREEN BEANS PER KG OR PACK,95.185,0.24,
202412,212537,PREPACKED SALAD 75 - 250G,98.024,0.419,
202412,212601,CANNED TOMATOES 390-400G,95.72,0.281,
202412,212603,"BAKED BEANS, 400-425G TIN",96.77600000000001,0.35100000000000003,
202412,212608,CANNED SWEETCORN 198-340G,96.90299999999999,0.19699999999999998,
202412,212609,FROZEN GARDEN PEAS 800G-1KG,104.756,0.18899999999999997,
202412,212612,FROZEN PRE-PREPARED VEGTABLES,99.1,0.302,
202412,212613,PULSES CAN 390 - 420G,91.662,0.21100000000000002,
202412,212709,ORANGES-CLASS 1-EACH,94.27799999999999,0.304,
202412,212710,AVOCADO PEAR-EACH,102.89200000000001,0.5329999999999999,
202412,212712,KIWI FRUIT-EACH,106.7,0.228,
202412,212715,GRAPEFRUIT-EACH,106.556,0.228,
202412,212717,APPLES-DESSERT-PER KG,106.194,0.38,
202412,212718,PEARS-DESSERT-PER KG,103.303,0.228,
202412,212719,BANANAS-PER KG,100.00399999999999,0.8370000000000001,
202412,212720,STRAWBERRIES PER KG OR PUNNET,107.723,0.9890000000000001,
202412,212722,GRAPES-PER KG,106.751,0.685,
202412,212725,SMALL TYPE ORANGES PER PACK/KG,91.382,0.228,
202412,212726,PLUMS PER KG/PACK,103.98,0.5329999999999999,
202412,212730,FRUIT FRESH SNACKING 150-350G,102.211,0.38,
202412,212732,LEMON EACH,102.064,0.228,
202412,212733,BLUEBERRIES PUNNET OR PER KG,102.588,0.609,
202412,212734,RASPBERRIES PUNNET OR PER KG,99.008,0.456,
202412,212735,APPLES DESSERT EACH,105.086,0.38,
202412,212736,MELON EACH EG HONEYDEW,98.7,0.228,
202412,212737,PINEAPPLE EACH,104.307,0.152,
202412,212806,PACKET OF PEANUTS 150-300G,107.78200000000001,1.084,
202412,212807,CANNED FRUIT-400-450G,103.399,0.251,
202412,212808,DRIED FRUIT - EG APRICOTS,101.09700000000001,0.374,
202412,212809,BERRIES FROZEN PACK,102.964,0.14300000000000002,
202412,212905,VEGETABLE PICKLE 280-520G,99.59700000000001,0.091,
202412,212910,CANNED SOUP-390-425G,95.637,0.547,
202412,212917,TOMATO KETCHUP BOTTLE 340-570G,98.73299999999999,0.5870000000000001,
202412,212918,FRZN READY-COOKD MEAL SERVES 1,97.834,0.28600000000000003,
202412,212923,COOK-IN SAUCE-JAR/CAN 350-520G,104.024,0.8809999999999999,
202412,212928,FROZ VEG BURGER/GRILL 180-454G,108.19,0.365,
202412,212930,MAYONNAISE 390-500G/420-540MLS,94.329,0.49,
202412,212933,ICE CREAM 450ML-1L,97.853,0.965,
202412,212934,DRIED POTTED SNACK 50-120G,98.08200000000001,0.508,
202412,212936,CHILLED READY MEAL-MEAT-SERVS1,102.322,0.743,
202412,212937,CHILLED READY MEAL-FISH/VEG,101.81700000000001,0.628,
202412,212938,CHOCOLATE COVERED ICE CREAM,102.165,1.207,
202412,212939,CHILLED PIZZA EACH 300-600G,96.31700000000001,0.948,
202412,212940,PROTEIN POWDER 900G-2KG,96.779,0.27399999999999997,
202412,212941,QUICHE 340G-450G,94.69200000000001,0.19,
202412,212942,VEGETABLE CRISPS PACK 80-125G,97.874,0.22699999999999998,
202412,212943,YORKSHIRE PUDDING FROZEN,97.82600000000001,0.298,
202412,212944,SAUSAGE MEAT FREE CHILLED PACK,112.979,0.456,
202412,212945,HERBS DRIED JAR 3 - 20G,96.77,0.49,
202412,212946,SUNFLOW/PUMPK SDS PK 100-300G,96.415,0.121,
202412,213003,COFFEE-INSTANT 90 -100G JAR,107.189,0.88,
202412,213005,HOT CHOCOLATE DRINK INSTANT,113.80799999999999,0.23199999999999998,
202412,213006,COFFEE PODS PACK 8-16,99.697,0.341,
202412,213007,COFFEE SACHETS PACK,99.61,0.431,
